price,bedrooms,bathrooms,sqft_living,sqft_lot,floors,waterfront,view,condition,sqft_above,sqft_basement,yr_built,city,month_sold,age,is_renovated,years_since_reno,total_rooms,living_lot_ratio,has_basement,zipcode
313000.0,3.0,1.5,1340,7912,1.5,0,0,3,1340,0,1955,Shoreline,5,59,1,9,4.5,0.1693415897889549,0,98133
2384000.0,5.0,2.5,3650,9050,2.0,0,4,5,3370,280,1921,Seattle,5,93,0,93,7.5,0.4032703568666446,1,98119
342000.0,3.0,2.0,1930,11947,1.0,0,0,4,1930,0,1966,Kent,5,48,0,48,5.0,0.16153331101439572,0,98042
420000.0,3.0,2.25,2000,8030,1.0,0,0,4,1000,1000,1963,Bellevue,5,51,0,51,5.25,0.24903498941601296,1,98008
550000.0,4.0,2.5,1940,10500,1.0,0,0,4,1140,800,1976,Redmond,5,38,1,22,6.5,0.18474431006570802,1,98052
490000.0,2.0,1.0,880,6380,1.0,0,0,3,880,0,1938,Seattle,5,76,1,20,3.0,0.13790941858642847,0,98115
335000.0,2.0,2.0,1350,2560,1.0,0,0,3,1350,0,1976,Redmond,5,38,0,38,4.0,0.5271378367825068,0,98052
482000.0,4.0,2.5,2710,35868,2.0,0,0,3,2710,0,1989,Maple Valley,5,25,0,25,6.5,0.07555270567899858,0,98038
452500.0,3.0,2.5,2430,88426,1.0,0,0,4,1570,860,1985,North Bend,5,29,0,29,5.5,0.0274802944801927,1,98045
640000.0,4.0,2.0,1520,6200,1.5,0,0,3,1520,0,1945,Seattle,5,69,1,4,6.0,0.24512175455571683,0,98115
463000.0,3.0,1.75,1710,7320,1.0,0,0,3,1710,0,1948,Lake Forest Park,5,66,1,20,4.75,0.23357464827209398,0,98155
1400000.0,4.0,2.5,2920,4000,1.5,0,0,5,1910,1010,1909,Seattle,5,105,1,26,6.5,0.7298175456135966,1,98105
588500.0,3.0,1.75,2330,14892,1.0,0,0,3,1970,360,1980,Sammamish,5,34,0,34,4.75,0.15644933861545693,1,98074
365000.0,3.0,1.0,1090,6435,1.0,0,0,4,1090,0,1955,Seattle,5,59,1,5,4.0,0.16935985083903046,0,98106
1200000.0,5.0,2.75,2910,9480,1.5,0,0,3,2910,0,1939,Seattle,5,75,1,45,7.75,0.30692964877122664,0,98105
242500.0,3.0,1.5,1200,9720,1.0,0,0,4,1200,0,1965,Kent,5,49,0,49,4.5,0.12344409011418578,0,98042
419000.0,3.0,1.5,1570,6700,1.0,0,0,4,1570,0,1956,Bellevue,5,58,0,58,4.5,0.23429338904641098,0,98007
367500.0,4.0,3.0,3110,7231,2.0,0,0,3,3110,0,1997,Auburn,5,17,0,17,7.0,0.430033185840708,0,98092
257950.0,3.0,1.75,1370,5858,1.0,0,0,3,1370,0,1987,Des Moines,5,27,1,14,4.75,0.23382829834442737,0,98198
275000.0,3.0,1.5,1180,10277,1.0,0,0,3,1180,0,1983,North Bend,5,31,1,5,4.5,0.11480832846857365,0,98045
750000.0,3.0,1.75,2240,10578,2.0,0,0,5,1550,690,1923,Seattle,5,91,0,91,4.75,0.21174024009830797,1,98115
435000.0,4.0,1.0,1450,8800,1.0,0,0,4,1450,0,1954,Bellevue,5,60,1,35,5.0,0.1647540052266788,0,98006
626000.0,3.0,2.25,1750,1572,2.5,0,0,3,1470,280,2005,Seattle,5,9,0,9,5.25,1.112523839796567,1,98102
612500.0,4.0,2.5,2730,12261,2.0,0,0,3,2730,0,1991,Bothell,5,23,0,23,6.5,0.22263904746370902,0,98011
495000.0,4.0,1.75,1600,6380,1.0,0,0,3,1130,470,1959,Seattle,5,55,1,25,5.75,0.2507443974298699,1,98125
285000.0,3.0,2.5,2090,10834,1.0,0,0,4,1360,730,1987,Federal Way,5,27,0,27,5.5,0.19289340101522842,1,98003
615000.0,3.0,1.75,2360,7291,1.0,0,0,4,1360,1000,1948,Seattle,5,66,0,66,4.75,0.3236423477783873,1,98136
698000.0,4.0,2.25,2200,11250,1.5,0,0,5,1300,900,1920,Kirkland,5,94,0,94,6.25,0.19553817438449916,1,98033
675000.0,5.0,2.5,2820,67518,2.0,0,0,3,2820,0,1979,Issaquah,5,35,1,0,7.5,0.04176602141619396,0,98029
790000.0,3.0,2.5,2600,4750,1.0,0,0,4,1700,900,1951,Seattle,5,63,1,15,5.5,0.5472532098505578,1,98117
382500.0,4.0,1.75,1560,8700,1.0,0,0,4,1560,0,1967,Kirkland,5,47,0,47,5.75,0.1792897368118607,0,98034
499950.0,4.0,2.5,2860,3345,2.0,0,0,3,2190,670,2004,Woodinville,5,10,1,11,6.5,0.8547519426180514,1,98072
650000.0,4.0,2.0,1820,5000,1.5,0,1,3,1640,180,1945,Seattle,5,69,1,4,6.0,0.3639272145570886,1,98115
625000.0,4.0,2.5,2820,8408,2.0,0,0,3,2820,0,2014,Shoreline,5,0,0,0,6.5,0.3353549768105601,0,98155
400000.0,4.0,2.5,3630,42884,1.5,0,0,3,2300,1330,1979,Auburn,5,35,1,0,6.5,0.08464498076250437,1,98092
604000.0,3.0,2.5,3240,33151,2.0,0,2,3,3240,0,1995,Federal Way,5,19,0,19,5.5,0.09773166023166023,0,98023
440000.0,2.0,1.0,800,4850,1.0,0,0,4,800,0,1944,Seattle,5,70,0,70,3.0,0.16491445062873633,0,98107
287200.0,3.0,3.0,1850,19966,1.0,0,0,4,1090,760,1992,Maple Valley,5,22,0,22,6.0,0.09265287724745831,1,98038
403000.0,3.0,2.0,1960,13100,1.0,0,2,5,1650,310,1957,Normandy Park,5,57,0,57,5.0,0.14960690023662315,1,98166
750000.0,3.0,2.5,2390,6550,1.0,0,2,4,1440,950,1955,Seattle,5,59,1,5,5.5,0.3648297969775607,1,98116
335000.0,3.0,2.25,1580,16215,1.0,0,0,4,1580,0,1978,Fall City,5,36,1,14,5.25,0.09743463246176616,0,98024
260000.0,4.0,2.0,1480,8625,1.0,0,0,4,1480,0,1974,Renton,5,40,0,40,6.0,0.17157431022490147,0,98055
308500.0,2.0,1.0,850,6174,1.0,0,0,4,850,0,1950,Shoreline,5,64,1,31,3.0,0.13765182186234817,0,98155
439950.0,3.0,2.5,1770,2875,2.0,0,0,3,1770,0,1990,Seattle,5,24,1,5,5.5,0.6154381084840056,0,98116
235000.0,2.0,1.0,1210,9400,1.0,0,0,2,1210,0,1949,Seattle,5,65,0,65,3.0,0.12870971173279439,0,98106
315000.0,3.0,1.0,1160,9180,1.0,0,0,3,1160,0,1968,Woodinville,5,46,1,17,4.0,0.12634789238645028,0,98077
437500.0,3.0,2.25,1970,35100,2.0,0,0,4,1970,0,1977,Issaquah,5,37,0,37,5.25,0.056123757157915725,0,98027
407500.0,3.0,2.5,1930,10460,2.0,0,0,3,1930,0,1996,Renton,5,18,0,18,5.5,0.18449479017302362,0,98059
445700.0,3.0,2.5,1270,1180,3.0,0,0,3,1270,0,2001,Seattle,5,13,0,13,5.5,1.0753598645215918,0,98107
838000.0,4.0,2.5,3310,42998,2.0,0,0,3,3310,0,2001,Redmond,5,13,0,13,6.5,0.07697853438452057,0,98052
630000.0,4.0,2.75,2710,37277,2.0,0,0,3,2710,0,2000,Issaquah,5,14,0,14,6.75,0.07269703310263426,0,98027
550000.0,3.0,1.75,2910,35200,1.5,0,0,3,2910,0,1979,Sammamish,5,35,1,0,4.75,0.08266810601971535,0,98075
805000.0,3.0,2.0,2710,4500,1.5,0,0,4,1880,830,1929,Seattle,5,85,0,85,5.0,0.6020884247944901,1,98115
284000.0,3.0,1.75,1800,23103,1.0,0,0,3,1800,0,1968,Carnation,5,46,1,17,4.75,0.07790858725761773,0,98014
470000.0,5.0,2.5,2210,9655,1.0,0,0,3,1460,750,1976,Bothell,5,38,0,38,7.5,0.22887323943661972,1,98011
430000.0,4.0,1.5,1920,10000,1.0,0,0,4,1070,850,1954,Bellevue,5,60,1,35,5.5,0.19198080191980801,1,98006
491500.0,4.0,1.75,2190,125452,1.0,0,2,3,2190,0,1968,Auburn,5,46,1,17,5.75,0.017456736785887942,0,98092
785000.0,5.0,3.25,3660,11995,2.0,0,2,3,3660,0,2006,Snoqualmie,5,8,0,8,8.25,0.3051017005668556,0,98065
385000.0,3.0,3.25,1320,1327,2.0,0,0,3,1040,280,2008,Seattle,5,6,0,6,6.25,0.9939759036144579,1,98199
295000.0,2.0,2.5,1630,1368,2.0,0,0,3,1280,350,2009,Seattle,5,5,0,5,4.5,1.1906501095690285,1,98106
555000.0,4.0,2.5,3310,6500,2.0,0,0,3,3310,0,2012,Snoqualmie,5,2,1,102,6.5,0.5091524380864483,0,98065
459990.0,3.0,2.5,2680,5539,2.0,0,0,3,2680,0,2013,North Bend,5,1,1,91,5.5,0.48375451263537905,0,98045
625000.0,4.0,3.25,2730,54014,1.0,0,0,3,1560,1170,2007,Renton,5,7,0,7,7.25,0.05054151624548736,1,98059
300000.0,3.0,2.5,2540,5050,2.0,0,0,3,2540,0,2006,Kent,5,8,0,8,5.5,0.5028707186695703,0,98042
625000.0,4.0,2.75,2920,6605,2.0,0,0,3,2920,0,2012,Renton,5,2,1,102,6.75,0.4420224038752649,0,98059
553000.0,2.0,1.0,900,5000,1.0,0,0,3,900,0,1944,Seattle,5,70,0,70,3.0,0.1799640071985603,0,98117
379880.0,3.0,2.5,1650,14054,1.0,0,0,4,1130,520,1986,Issaquah,5,28,0,28,5.5,0.11739594450373532,1,98027
310000.0,3.0,1.0,1010,9945,1.0,0,0,4,1010,0,1973,Snoqualmie,5,41,0,41,4.0,0.10154836115021114,0,98065
775000.0,2.0,2.5,2680,7392,1.0,0,0,3,2680,0,2004,Redmond,5,10,1,11,4.5,0.3625050723657514,0,98053
365000.0,3.0,2.5,2200,7350,1.0,0,0,5,1570,630,1988,Renton,5,26,0,26,5.5,0.29927900965854987,1,98058
331950.0,4.0,2.5,2530,9933,2.0,0,2,3,2010,520,1990,Auburn,5,24,1,5,6.5,0.25468089389973825,1,98092
783500.0,3.0,2.5,2850,7130,2.0,0,0,3,1990,860,1980,Seattle,5,34,0,34,5.5,0.39966344131257886,1,98122
628000.0,4.0,2.0,2280,6010,1.0,0,0,3,1140,1140,1900,Seattle,5,114,1,9,6.0,0.3793046082182665,1,98122
560000.0,3.0,2.5,1900,8744,2.0,0,0,3,1900,0,1987,Sammamish,5,27,1,14,5.5,0.21726700971983992,0,98074
900000.0,3.0,1.0,1330,77972,1.0,0,0,3,1330,0,1928,Kirkland,5,86,1,60,4.0,0.017057186461980428,0,98033
531000.0,2.0,3.0,1270,1175,2.0,0,0,3,1110,160,2000,Seattle,5,14,0,14,5.0,1.0799319727891157,1,98103
831000.0,4.0,3.0,2170,4000,2.0,0,0,4,1610,560,1982,Seattle,5,32,1,3,7.0,0.5423644088977756,1,98112
780000.0,4.0,2.5,2730,10281,2.0,0,2,3,2730,0,1996,Sammamish,5,18,0,18,6.5,0.2655125461972379,0,98074
755000.0,4.0,2.5,2120,10202,1.0,0,0,4,1620,500,1960,Bellevue,5,54,1,13,6.5,0.20778202489463884,1,98005
705380.0,3.0,2.5,2490,4343,2.0,0,0,3,2490,0,2003,Issaquah,5,11,0,11,5.5,0.5732044198895028,0,98029
627000.0,4.0,2.25,1990,7712,1.0,0,0,3,1210,780,1973,Issaquah,5,41,1,1,6.25,0.2580059639569558,1,98027
865000.0,4.0,3.0,3690,9892,2.0,0,0,3,3690,0,1998,Sammamish,5,16,1,8,7.0,0.3729910037400182,0,98075
580000.0,2.0,1.0,2540,7000,1.0,0,0,5,1320,1220,1942,Seattle,5,72,0,72,3.0,0.36280531352663903,1,98118
410000.0,3.0,2.25,1800,36704,1.0,0,0,4,1360,440,1978,Issaquah,5,36,1,14,5.25,0.049039640375970577,1,98027
485000.0,4.0,3.0,2340,7048,1.0,0,0,4,1340,1000,1979,Kirkland,5,35,0,35,7.0,0.331961980422755,1,98034
400000.0,2.0,1.75,2110,9519,1.0,0,0,2,2110,0,1948,Shoreline,5,66,0,66,3.75,0.22163865546218486,0,98155
549000.0,2.0,1.0,1140,5400,1.0,0,0,5,1140,0,1908,Seattle,5,106,0,106,3.0,0.21107202369931494,0,98112
620000.0,3.0,1.75,1480,2185,2.5,0,0,3,1480,0,2005,Kirkland,5,9,0,9,4.75,0.6770356816102471,0,98033
405000.0,2.0,3.0,1410,1240,2.0,0,0,3,1140,270,2006,Seattle,5,8,0,8,5.0,1.1361804995970992,1,98136
232000.0,2.0,1.0,1200,8063,1.0,0,0,4,1200,0,1958,Des Moines,5,56,1,42,3.0,0.1488095238095238,0,98198
800866.0,5.0,2.5,3180,13806,2.0,0,0,4,3180,0,1990,Kirkland,5,24,0,24,7.5,0.23031795466067936,0,98033
650000.0,3.0,1.5,2160,9000,1.0,0,2,4,1400,760,1949,Seattle,5,65,1,29,4.5,0.23997333629596712,1,98177
823000.0,6.0,1.75,2920,5000,2.5,0,0,4,2780,140,1908,Seattle,5,106,0,106,7.75,0.5838832233553289,1,98122
770000.0,3.0,2.0,2350,5700,1.5,0,0,4,1810,540,1939,Seattle,5,75,1,25,5.0,0.4122083844939484,1,98112
524000.0,3.0,1.75,1560,5520,1.0,0,0,4,780,780,1944,Seattle,5,70,0,70,4.75,0.2825575076978808,1,98199
541125.0,5.0,2.75,2740,8426,1.0,0,0,4,1370,1370,1960,Bellevue,5,54,1,13,7.75,0.32514536608520234,1,98006
670000.0,3.0,2.5,1680,2000,3.0,0,0,3,1680,0,1909,Seattle,5,105,1,16,5.5,0.8395802098950524,0,98105
384900.0,5.0,2.5,3090,12750,1.0,0,0,3,1750,1340,1968,Federal Way,5,46,1,17,7.5,0.24233393459336522,1,98023
406100.0,3.0,2.25,1410,1332,3.0,0,0,3,1410,0,2005,Seattle,5,9,0,9,5.25,1.0577644411102776,0,98103
1395000.0,5.0,3.5,4010,8510,2.0,0,1,5,2850,1160,1971,Seattle,5,43,0,43,8.5,0.4711549759135237,1,98105
736500.0,4.0,2.5,3180,21904,2.0,0,3,3,3180,0,2000,Renton,5,14,0,14,6.5,0.1451723350833143,0,98059
570000.0,3.0,2.25,2010,6000,1.0,0,0,3,1330,680,1975,Redmond,5,39,0,39,5.25,0.33494417597067155,1,98052
787000.0,3.0,1.75,1330,7500,1.0,0,0,3,1330,0,1961,Bellevue,5,53,1,10,4.75,0.1773096920410612,0,98004
328000.0,4.0,2.5,2370,6500,2.0,0,0,3,2370,0,1998,Auburn,5,16,1,8,6.5,0.36455929856945085,0,98092
435000.0,5.0,2.0,1840,9240,1.0,0,0,4,1540,300,1942,Seattle,5,72,1,56,7.0,0.1991126501460881,1,98133
499000.0,4.0,2.5,2910,6479,2.0,0,0,3,2910,0,2006,Snoqualmie,5,8,0,8,6.5,0.44907407407407407,0,98065
501000.0,4.0,1.0,2070,7519,1.0,0,0,3,1160,910,1963,Bellevue,5,51,1,6,5.0,0.2752659574468085,1,98008
1090000.0,4.0,2.5,4340,141570,2.5,0,0,3,4340,0,1992,Redmond,5,22,0,22,6.5,0.030655995931370125,0,98053
400000.0,2.0,1.0,840,5510,1.0,0,0,3,840,0,1955,Seattle,5,59,1,9,3.0,0.15242242787152968,0,98136
220000.0,4.0,1.5,1240,9600,1.0,0,0,3,1240,0,1971,Federal Way,5,43,0,43,5.5,0.1291532132069576,0,98023
657100.0,4.0,1.0,1390,4240,1.0,0,0,3,1050,340,1924,Seattle,5,90,1,3,5.0,0.3277528884697005,1,98103
309950.0,4.0,2.75,2310,5000,2.0,0,0,3,2310,0,2006,Maple Valley,5,8,0,8,6.75,0.46190761847630474,0,98038
300000.0,3.0,2.0,1050,10072,1.0,0,0,3,1050,0,1986,Duvall,5,28,0,28,5.0,0.10423905489923559,0,98019
525888.0,5.0,1.75,2550,71874,1.0,0,0,5,1810,740,1960,Issaquah,5,54,0,54,6.75,0.035478260869565216,1,98027
740000.0,4.0,1.75,2010,3600,1.5,0,0,3,2010,0,1902,Seattle,5,112,0,112,5.75,0.5581782838100527,0,98119
340000.0,5.0,1.0,1120,9022,1.5,0,0,4,1120,0,1962,Kirkland,5,52,0,52,6.0,0.12412723041117145,0,98034
398750.0,3.0,2.5,2230,4000,2.0,0,0,3,2230,0,1954,Seattle,5,60,1,9,5.5,0.5573606598350412,0,98144
206000.0,2.0,1.0,810,7158,1.0,0,0,5,810,0,1944,Burien,5,70,0,70,3.0,0.1131442938957955,0,98168
1030000.0,5.0,2.75,3190,16920,1.0,0,3,3,1690,1500,1976,Bellevue,5,38,0,38,7.75,0.18852313693044145,1,98006
600000.0,3.0,1.75,1670,39639,1.0,0,0,4,1670,0,1976,Sammamish,5,38,1,22,4.75,0.042129162462159433,0,98075
379950.0,4.0,1.75,1970,9389,1.0,0,0,5,1140,830,1960,Shoreline,5,54,0,54,5.75,0.20979765708200213,1,98133
287000.0,3.0,1.0,1450,6000,1.0,0,0,4,1450,0,1953,Seattle,5,61,1,31,4.0,0.2416263956007332,0,98118
309950.0,3.0,2.5,1880,7838,2.0,0,0,3,1880,0,1994,Renton,5,20,0,20,5.5,0.2398265084832249,0,98055
600000.0,3.0,1.75,1880,6360,1.0,0,0,4,1040,840,1945,Seattle,5,69,0,69,4.75,0.2955510139915108,1,98115
418000.0,3.0,2.0,1410,6030,1.5,0,0,4,1410,0,1930,Seattle,5,84,0,84,5.0,0.23379207428287183,0,98103
449250.0,4.0,2.0,1480,3844,1.5,0,0,5,1480,0,1928,Seattle,5,86,1,44,6.0,0.38491547464239273,0,98133
329950.0,2.0,1.0,1140,5250,1.5,0,0,4,1140,0,1949,Seattle,5,65,1,29,3.0,0.21710150447533802,0,98133
245000.0,3.0,1.75,1920,9306,1.0,0,0,3,1000,920,1984,Auburn,5,30,0,30,4.75,0.20629633609111422,1,98001
549000.0,4.0,2.5,2910,6338,2.0,0,0,3,2910,0,2008,Renton,5,6,0,6,6.5,0.45906294368196876,0,98059
800000.0,3.0,2.5,3240,7857,2.0,0,0,3,3240,0,1994,Sammamish,5,20,0,20,5.5,0.4123186561466022,0,98075
249950.0,3.0,2.0,1550,15040,1.0,0,0,4,1550,0,1958,Renton,5,56,1,42,5.0,0.10305165879928196,0,98059
210000.0,5.0,2.0,2050,10200,1.0,0,0,3,1430,620,1956,Des Moines,5,58,1,13,7.0,0.20096069012841877,1,98198
1425000.0,2.0,2.5,2220,4000,2.0,0,0,3,2220,0,2000,Seattle,5,14,0,14,4.5,0.5548612846788303,0,98112
585000.0,2.0,1.0,1770,8640,1.5,0,0,3,1520,250,1949,Seattle,5,65,1,16,3.0,0.2048374030783474,1,98117
615000.0,4.0,1.75,2300,11700,1.0,0,0,4,1960,340,1977,Redmond,5,37,0,37,5.75,0.19656439620545252,1,98052
618500.0,3.0,2.0,1800,5000,1.0,0,0,4,1080,720,1942,Seattle,5,72,1,32,5.0,0.3599280143971206,1,98115
487585.0,4.0,1.75,2010,9211,1.0,0,0,3,1470,540,1977,Kirkland,5,37,1,10,5.75,0.21819366044290056,1,98034
509900.0,3.0,2.5,1790,2700,2.0,0,0,3,1790,0,2010,Issaquah,5,4,0,4,5.5,0.6627175120325806,0,98027
631625.0,4.0,2.5,2440,6651,2.0,0,0,3,2440,0,2014,Seattle,5,0,0,0,6.5,0.3668069753457607,0,98117
555000.0,3.0,2.5,1940,3211,2.0,0,0,3,1940,0,2009,Issaquah,5,5,0,5,5.5,0.6039850560398505,0,98027
340000.0,2.0,1.5,1160,1438,2.0,0,0,3,1160,0,2001,Seattle,5,13,0,13,3.5,0.8061153578874218,0,98144
830000.0,4.0,2.5,3400,9692,2.0,0,0,3,3400,0,2007,Redmond,5,7,0,7,6.5,0.3507685958939441,0,98052
890000.0,4.0,4.25,4420,5750,2.0,0,0,3,3410,1010,2006,Issaquah,5,8,0,8,8.25,0.7685619892192662,1,98027
366750.0,3.0,3.0,1571,2017,3.0,0,0,3,1571,0,2008,Seattle,5,6,0,6,6.0,0.7784935579781962,0,98125
415000.0,3.0,2.25,1620,998,2.5,0,0,3,1540,80,2010,Issaquah,5,4,0,4,5.25,1.6216216216216217,1,98029
416286.0,3.0,2.5,1408,989,3.0,0,0,3,1408,0,2005,Seattle,5,9,0,9,5.5,1.4222222222222223,0,98115
478000.0,3.0,2.5,3040,4535,2.0,0,0,3,3040,0,2007,Renton,5,7,0,7,5.5,0.6701940035273368,0,98056
890000.0,5.0,3.5,4490,6000,2.0,0,0,3,3200,1290,2006,Issaquah,5,8,0,8,8.5,0.7482086318946842,1,98027
419190.0,2.0,2.5,1590,1426,2.0,0,0,3,1590,0,2014,Issaquah,5,0,0,0,4.5,1.1142256482130344,0,98029
712198.0,4.0,2.5,2450,4247,2.0,0,0,3,2450,0,2013,Redmond,5,1,1,91,6.5,0.5767419962335216,0,98052
397000.0,4.0,2.0,1440,7680,1.0,0,0,3,1200,240,1971,Kirkland,5,43,0,43,6.0,0.1874755891160005,1,98034
450000.0,2.0,2.0,1100,3000,1.5,0,0,3,1100,0,1912,Seattle,5,102,1,9,4.0,0.3665444851716095,0,98117
353000.0,3.0,1.0,1350,7740,1.0,0,0,4,860,490,1947,Seattle,5,67,1,26,4.0,0.17439607285880376,1,98125
609000.0,4.0,2.5,2150,37981,2.0,0,0,3,2150,0,1985,Redmond,5,29,0,29,6.5,0.05660576062345322,0,98052
234000.0,3.0,1.75,1490,8366,1.0,0,0,4,1010,480,1975,Covington,5,39,0,39,4.75,0.1780805545595793,1,98042
561000.0,3.0,2.0,2000,7000,2.0,0,0,3,2000,0,1916,Seattle,5,98,1,28,5.0,0.28567347521782605,0,98136
469000.0,2.0,1.0,1030,4400,1.0,0,0,3,1030,0,1924,Seattle,5,90,1,3,3.0,0.23403771870029538,0,98117
329350.0,2.0,1.0,720,6687,1.0,0,0,3,720,0,1942,Seattle,5,72,1,15,3.0,0.1076555023923445,0,98117
488000.0,5.0,2.0,2020,5000,1.5,0,0,4,2020,0,1938,Seattle,5,76,0,76,7.0,0.4039192161567686,0,98117
279900.0,3.0,1.75,1580,8151,1.0,0,1,4,1100,480,1962,Des Moines,5,52,0,52,4.75,0.19381746810598627,1,98198
606000.0,4.0,2.5,2110,13850,2.0,0,0,3,2110,0,1987,Issaquah,5,27,1,14,6.5,0.1523355714388853,0,98027
312000.0,4.0,2.0,1300,7054,1.0,0,0,3,1300,0,1950,Seattle,5,64,1,1,6.0,0.18426647767540752,0,98146
650000.0,3.0,1.5,1630,7475,1.0,0,1,3,1160,470,1940,Seattle,5,74,1,18,4.5,0.2180310326377742,1,98115
1135000.0,4.0,2.75,3370,8103,1.0,0,3,3,1970,1400,1970,Seattle,5,44,1,0,6.75,0.4158440276406713,1,98136
325000.0,4.0,2.5,1890,6156,1.0,0,0,3,980,910,1980,Seattle,5,34,0,34,6.5,0.30696767906447947,1,98106
425000.0,4.0,2.0,1520,7983,1.0,0,0,5,1520,0,1967,Inglewood-Finn Hill,5,47,0,47,6.0,0.1903807615230461,0,98034
219000.0,2.0,1.0,900,5160,1.0,0,0,3,900,0,1952,Seattle,5,62,1,6,3.0,0.17438480914551444,0,98106
250000.0,3.0,1.0,1050,6874,1.0,0,0,3,1050,0,1954,Shoreline,5,60,1,9,4.0,0.15272727272727274,0,98133
390000.0,3.0,1.75,1260,6500,1.0,0,0,4,1260,0,1966,Bellevue,5,48,0,48,4.75,0.19381633594831565,0,98008
475000.0,6.0,3.0,3470,117612,1.5,0,0,3,3470,0,1924,Kenmore,5,90,1,3,9.0,0.02950354127519917,0,98028
736000.0,4.0,2.5,2290,12047,2.0,0,0,4,2290,0,1988,Bellevue,5,26,0,26,6.5,0.1900730411686587,0,98006
407000.0,4.0,2.25,2810,23400,1.0,0,1,3,1710,1100,1958,Des Moines,5,56,1,10,6.25,0.12008033844707491,1,98198
272000.0,3.0,2.5,1650,13816,2.0,0,0,3,1650,0,1998,Carnation,5,16,1,8,5.5,0.11941810812766881,0,98014
362000.0,3.0,2.25,1640,14374,1.0,0,0,4,1140,500,1963,Burien,5,51,0,51,5.25,0.11408695652173913,1,98148
535000.0,3.0,2.5,1850,10109,2.0,0,0,3,1850,0,1991,Kirkland,5,23,0,23,5.5,0.18298714144411474,0,98034
284000.0,4.0,2.5,2000,5390,2.0,0,0,3,2000,0,2003,Kent,5,11,0,11,6.5,0.3709886848451122,0,98042
367500.0,3.0,1.5,1410,9647,1.0,0,0,3,1410,0,1961,Shoreline,5,53,1,10,4.5,0.14614427860696516,0,98177
379900.0,4.0,1.75,1500,11600,1.0,0,0,4,1000,500,1955,Kenmore,5,59,1,5,5.75,0.12929919834497025,1,98028
520000.0,3.0,2.5,2460,54885,2.0,0,0,4,2460,0,1980,Renton,5,34,0,34,5.5,0.04482017272164122,0,98059
175000.0,3.0,1.0,1010,7034,1.0,0,0,3,1010,0,1954,Renton,5,60,1,9,4.0,0.1435678749111585,0,98057
460000.0,2.0,2.25,1230,929,2.0,0,0,3,1020,210,2004,Seattle,5,10,1,11,4.25,1.3225806451612903,1,98112
345000.0,4.0,2.5,2331,3826,2.0,0,0,3,2331,0,2007,Renton,5,7,0,7,6.5,0.6090932845570943,0,98058
455000.0,5.0,2.5,2240,7770,1.0,0,0,3,1340,900,1978,Kirkland,5,36,0,36,7.5,0.28825119032299573,1,98034
610000.0,4.0,3.0,2450,10117,1.0,0,0,5,1580,870,1967,Bellevue,5,47,0,47,7.0,0.24214271595176912,1,98006
563000.0,4.0,3.0,3100,15480,2.0,0,0,3,2400,700,1996,Kenmore,5,18,0,18,7.0,0.20024546217944578,1,98028
612500.0,4.0,2.0,2060,5000,1.0,0,0,3,1030,1030,1949,Seattle,5,65,1,1,6.0,0.41191761647670466,1,98117
218000.0,3.0,1.75,1850,7684,1.0,0,0,3,1320,530,1979,Federal Way,5,35,1,0,4.75,0.24072869225764476,1,98023
404000.0,4.0,1.75,1840,10720,1.0,0,0,3,960,880,1958,Bellevue,5,56,1,10,5.75,0.171625781177129,1,98008
860000.0,4.0,2.0,3740,32417,2.0,0,0,3,3740,0,2000,Redmond,5,14,0,14,6.0,0.11536800542908261,0,98053
136500.0,3.0,1.5,1420,8580,1.0,0,0,3,1420,0,1962,Federal Way,5,52,1,11,4.5,0.16548187856893137,0,98023
313950.0,3.0,1.0,1510,6083,1.0,0,0,4,860,650,1940,Seattle,5,74,1,13,4.0,0.24819197896120973,1,98115
575000.0,3.0,1.75,2130,6500,1.0,0,2,3,1170,960,1954,Seattle,5,60,1,9,4.75,0.32764190124596215,1,98199
1225000.0,4.0,2.25,3490,6906,2.0,0,0,4,2280,1210,1928,Seattle,5,86,0,86,6.25,0.5052844939916027,1,98199
280000.0,3.0,1.75,1630,11800,1.0,0,0,4,1630,0,1971,North Bend,5,43,0,43,4.75,0.13812388780611812,0,98045
515000.0,3.0,2.5,1790,7167,2.0,0,0,3,1790,0,1989,Sammamish,5,25,0,25,5.5,0.24972098214285715,0,98074
513000.0,4.0,2.5,2000,5684,2.0,0,0,3,2000,0,1996,Kenmore,5,18,0,18,6.5,0.3518029903254178,0,98028
599000.0,4.0,2.25,2260,29930,2.0,0,0,4,1400,860,1977,Bellevue,5,37,0,37,6.25,0.07550699943202699,1,98006
685000.0,4.0,2.5,3030,7864,2.0,0,0,3,3030,0,1999,Sammamish,5,15,0,15,6.5,0.3852511125238398,0,98074
365000.0,3.0,1.5,1310,8160,1.0,0,0,3,1310,0,1950,Seattle,5,64,1,9,4.5,0.16051954417350814,0,98133
762300.0,4.0,2.5,3880,14550,2.0,0,0,3,3880,0,1987,Sammamish,5,27,1,14,6.5,0.2666483403202529,0,98074
1580000.0,4.0,3.25,3760,10920,1.5,0,0,5,2400,1360,1950,Seattle,5,64,0,64,7.25,0.34429081585935356,1,98105
562000.0,5.0,2.25,3040,8111,2.0,0,0,3,3040,0,1984,Redmond,5,30,0,30,7.25,0.3747534516765286,0,98052
530000.0,5.0,2.5,2910,9636,1.0,0,0,4,1690,1220,1964,Bellevue,5,50,0,50,7.5,0.3019611912420878,1,98008
525000.0,3.0,2.5,2970,11985,1.0,0,0,3,1770,1200,1995,Sammamish,5,19,0,19,5.5,0.2477890872684799,1,98074
484000.0,2.0,1.75,1660,6000,1.0,0,0,3,1160,500,1942,Seattle,5,72,1,15,3.75,0.2766205632394601,1,98105
725126.0,4.0,2.5,3200,12369,2.0,0,0,3,3200,0,1998,Newcastle,5,16,1,8,6.5,0.2586903799514956,0,98059
360000.0,4.0,2.0,2680,18768,1.0,0,0,5,2680,0,1965,Auburn,5,49,0,49,6.0,0.1427886408439448,0,98001
387000.0,3.0,1.0,1230,9568,1.0,0,0,5,1230,0,1962,Newcastle,5,52,0,52,4.0,0.12854007733305464,0,98056
483500.0,4.0,2.5,2740,45732,2.0,0,0,3,2740,0,1995,Woodinville,5,19,0,19,6.5,0.05991297312662629,0,98077
655500.0,4.0,3.5,3380,8330,2.0,0,0,3,3380,0,2000,Shoreline,5,14,0,14,7.5,0.40571359980794625,0,98177
345000.0,3.0,1.0,1110,6250,1.0,0,0,3,1110,0,1956,Seattle,5,58,1,13,4.0,0.17757158854583266,0,98115
533000.0,5.0,2.75,1800,3780,1.5,0,0,3,1400,400,1926,Seattle,5,88,1,11,7.75,0.47606453319227715,1,98103
385000.0,3.0,1.75,1900,5520,1.0,0,0,3,1280,620,1982,Seattle,5,32,0,32,4.75,0.34414055424741896,1,98118
675000.0,2.0,1.0,930,36478,1.0,0,2,3,930,0,1951,Bellevue,5,63,1,20,3.0,0.02549411990460265,0,98006
197000.0,3.0,1.75,1690,7735,1.0,0,0,4,1060,630,1976,Auburn,5,38,1,22,4.75,0.21845915201654603,1,98001
485000.0,3.0,2.0,1420,4080,1.5,0,0,3,1420,0,1905,Seattle,5,109,1,1,5.0,0.34795393285959325,0,98103
1870000.0,5.0,4.0,4510,15175,2.0,0,0,3,4510,0,1969,Mercer Island,5,45,1,12,9.0,0.2971797575118608,0,98040
295000.0,3.0,2.25,1980,8000,1.0,0,0,4,1560,420,1974,Federal Way,5,40,0,40,5.25,0.24746906636670415,1,98023
499000.0,2.0,1.75,1170,2400,1.0,0,0,4,740,430,1903,Seattle,5,111,0,111,3.75,0.4872969596001666,1,98103
1050000.0,3.0,2.5,2200,1970,2.0,0,0,3,1610,590,2008,Seattle,5,6,0,6,5.5,1.1161846778285134,1,98102
191000.0,3.0,1.5,800,8850,1.0,0,0,4,800,0,1959,Federal Way,5,55,0,55,4.5,0.09038526720144617,0,98023
500000.0,3.0,2.5,1480,1171,3.0,0,0,3,1480,0,2006,Seattle,5,8,0,8,5.5,1.2627986348122866,0,98112
390000.0,5.0,3.75,2890,5000,1.0,0,0,3,1310,1580,2006,Seattle,5,8,0,8,8.75,0.5778844231153769,1,98144
979000.0,3.0,2.5,2690,4047,3.0,0,0,3,2690,0,2014,Seattle,5,0,0,0,5.5,0.6645256916996047,0,98117
580000.0,4.0,3.25,3569,8327,2.0,0,0,3,3569,0,2013,Renton,5,1,1,91,7.25,0.4285542747358309,0,98055
369950.0,3.0,2.0,1270,1320,3.0,0,0,3,1270,0,2006,Seattle,5,8,0,8,5.0,0.9613928841786525,0,98103
1800000.0,5.0,5.0,4490,10279,2.0,0,0,3,3930,560,2013,Bellevue,5,1,1,91,10.0,0.4367704280155642,1,98004
776000.0,4.0,2.5,3040,6425,2.0,0,0,3,3040,0,2008,Redmond,5,6,0,6,6.5,0.47307812013694367,0,98052
519950.0,3.0,2.25,1170,1249,3.0,0,0,3,1170,0,2014,Seattle,5,0,0,0,5.25,0.936,0,98107
255000.0,5.0,2.25,2060,8632,1.0,0,0,3,1030,1030,1962,Burien,5,52,1,11,7.25,0.2386192517085602,1,98146
495000.0,3.0,1.0,990,6000,1.0,0,0,3,990,0,1943,Seattle,5,71,1,12,4.0,0.16497250458256957,0,98105
510000.0,4.0,2.5,2430,5203,2.0,0,0,3,2430,0,2003,Shoreline,5,11,0,11,6.5,0.46694850115295927,0,98155
1150000.0,4.0,4.0,4460,103382,2.0,0,0,3,4460,0,2001,Redmond,5,13,0,13,8.0,0.0431405550235532,0,98053
253000.0,3.0,1.75,1250,10122,1.0,0,0,3,1250,0,1994,Black Diamond,5,20,0,20,4.75,0.12348118146794429,0,98010
503000.0,3.0,2.75,1540,6760,1.0,0,0,5,1210,330,1980,Kirkland,5,34,0,34,5.75,0.22777695607158704,1,98034
275000.0,3.0,2.5,1600,7000,2.0,0,0,4,1600,0,1993,Maple Valley,5,21,0,21,5.5,0.22853878017426082,0,98038
249000.0,3.0,1.0,1110,8423,1.0,0,0,3,1110,0,1952,Burien,5,62,1,6,4.0,0.13176638176638178,0,98166
310000.0,3.0,1.75,1840,10723,1.0,0,0,4,1220,620,1974,Renton,5,40,0,40,4.75,0.17157776948899664,1,98058
750000.0,3.0,2.75,2520,5401,1.0,0,0,4,1360,1160,1946,Seattle,5,68,1,25,5.75,0.4664938911514254,1,98119
630000.0,3.0,2.5,2680,327135,2.0,0,0,3,2680,0,1995,Ravensdale,5,19,0,19,5.5,0.00819231145456324,0,98051
599999.0,9.0,4.5,3830,6988,2.5,0,0,3,2450,1380,1938,Seattle,5,76,1,11,13.5,0.5480040062956074,1,98103
758000.0,4.0,2.75,2410,9549,1.0,0,0,4,1780,630,1956,Kirkland,5,58,0,58,6.75,0.2523560209424084,1,98033
248500.0,4.0,1.75,1720,10018,1.0,0,0,5,1720,0,1960,Covington,5,54,0,54,5.75,0.17167381974248927,0,98042
310000.0,3.0,1.75,2070,37904,1.0,0,0,4,1420,650,1973,Kent,5,41,0,41,4.75,0.054610209734863475,1,98031
460000.0,3.0,2.0,1760,9055,2.0,0,0,4,1760,0,1985,Redmond,5,29,0,29,5.0,0.19434628975265017,0,98052
675000.0,3.0,1.75,1680,10500,1.0,0,0,4,1680,0,1959,Bellevue,5,55,0,55,4.75,0.15998476335587086,0,98005
526000.0,2.0,2.0,1550,2400,1.5,0,0,4,1550,0,1900,Seattle,5,114,1,43,4.0,0.6455643481882549,0,98103
560000.0,3.0,3.0,4120,60392,2.0,0,2,3,3180,940,1994,Carnation,5,20,0,20,6.0,0.06821982680111933,1,98014
415000.0,4.0,3.0,1830,9548,2.0,0,0,3,1830,0,1991,Bothell,5,23,0,23,7.0,0.19164310398994658,0,98028
246000.0,3.0,1.0,1400,7410,1.0,0,0,3,1400,0,1944,Burien,5,70,0,70,4.0,0.18890837943597355,0,98166
314500.0,3.0,1.75,1870,12381,1.0,0,0,4,1870,0,1957,Federal Way,5,57,1,13,4.75,0.1510256824422549,0,98003
3200000.0,7.0,4.5,6210,8856,2.5,0,2,5,4760,1450,1910,Seattle,5,104,0,104,11.5,0.7011403409732415,1,98109
420000.0,2.0,1.5,1040,3500,1.5,0,0,4,1040,0,1904,Seattle,5,110,0,110,3.5,0.29705798343330475,0,98144
535000.0,3.0,1.75,2720,149410,1.5,0,0,3,2720,0,1988,Carnation,5,26,1,14,4.75,0.018204817583712042,0,98014
350000.0,3.0,1.0,1010,9360,1.0,0,0,3,1010,0,1981,Kirkland,5,33,1,1,4.0,0.10789445572054268,0,98033
515000.0,3.0,1.75,1580,9147,1.0,0,1,4,1210,370,1967,Bellevue,5,47,0,47,4.75,0.17271534761696547,1,98008
749950.0,4.0,2.75,2600,6050,2.0,0,0,5,1960,640,1949,Seattle,5,65,0,65,6.75,0.4296810444554619,1,98116
230000.0,3.0,2.5,1920,9180,2.0,0,0,3,1920,0,1988,Renton,5,26,1,14,5.5,0.20912754601895217,0,98057
568000.0,3.0,2.0,2350,5080,1.5,0,0,3,1780,570,1929,Seattle,5,85,0,85,5.0,0.46250738043692186,1,98118
250000.0,1.0,1.0,1100,4373,1.0,0,0,2,820,280,1947,Burien,5,67,0,67,2.0,0.25148605395518975,1,98166
581000.0,4.0,2.0,2510,13695,1.0,0,0,4,1280,1230,1961,Kirkland,5,53,1,13,6.0,0.18326518691588786,1,98033
651000.0,3.0,2.5,3240,108366,2.0,0,0,4,3240,0,1991,Kent,5,23,0,23,5.5,0.02989840080467301,0,98042
600000.0,3.0,2.5,2460,108900,1.0,0,0,4,1860,600,1977,Issaquah,5,37,0,37,5.5,0.02258932424862949,1,98027
500000.0,2.0,1.0,1010,3885,1.5,0,0,4,1010,0,1906,Seattle,5,108,1,24,3.0,0.25990735975295937,0,98112
475000.0,2.0,1.0,820,2723,1.0,0,0,3,820,0,1921,Seattle,5,93,1,14,3.0,0.3010279001468429,0,98103
352000.0,5.0,2.5,2420,8560,1.0,0,2,3,1620,800,1978,Seattle,5,36,0,36,7.5,0.2826772573297512,1,98118
420000.0,3.0,2.25,1770,8165,2.0,0,0,3,1770,0,1977,Kirkland,5,37,1,10,5.25,0.21675238795003673,0,98034
428000.0,2.0,2.0,1350,3900,1.0,0,0,3,1350,0,2003,Redmond,5,11,0,11,4.0,0.34606511150986924,0,98053
599000.0,3.0,1.75,1960,4788,1.0,0,0,4,1090,870,1920,Seattle,5,94,0,94,4.75,0.40927124660680725,1,98115
492000.0,4.0,2.5,3305,16164,1.5,0,0,5,2245,1060,1922,Shoreline,5,92,1,58,6.5,0.20445406742963193,1,98133
630000.0,2.0,2.25,2550,5663,1.0,0,0,3,1720,830,2011,Renton,5,3,0,3,4.25,0.4502118644067797,1,98056
900000.0,5.0,3.75,4130,226076,2.0,0,0,3,3170,960,1985,Woodinville,5,29,0,29,8.75,0.018268112191863833,1,98077
1110000.0,4.0,1.5,2310,13300,1.0,0,0,3,1890,420,1950,Clyde Hill,5,64,1,9,5.5,0.17367115254492144,1,98004
575000.0,4.0,2.0,1650,5000,1.0,0,0,3,1650,0,1955,Seattle,5,59,1,9,6.0,0.32993401319736054,0,98117
705000.0,4.0,2.5,2650,4316,1.5,0,0,3,1520,1130,1905,Seattle,5,109,1,1,6.5,0.6138522121843873,1,98116
940000.0,4.0,2.25,1890,5940,1.0,0,1,3,1470,420,1963,Seattle,5,51,1,6,6.25,0.31812826123548227,1,98112
313000.0,3.0,1.75,2190,8000,1.0,0,0,4,2190,0,1967,Federal Way,5,47,0,47,4.75,0.27371578552680914,0,98023
618080.0,3.0,2.5,2030,6500,2.0,0,0,3,2030,0,1988,Issaquah,5,26,1,14,5.5,0.3122596523611752,0,98027
640000.0,3.0,3.0,2270,5175,2.0,0,0,3,2130,140,2002,Renton,5,12,0,12,6.0,0.4385625965996909,1,98056
485000.0,3.0,2.0,1610,4160,1.0,0,0,4,1010,600,1917,Seattle,5,97,0,97,5.0,0.38692621965873586,1,98136
300000.0,2.0,1.0,760,3001,1.0,0,0,3,760,0,1913,Seattle,5,101,1,31,3.0,0.25316455696202533,0,98144
379500.0,2.0,1.0,1640,17335,1.0,0,0,3,840,800,1978,Redmond,5,36,0,36,3.0,0.09460083064143977,1,98053
339950.0,3.0,2.25,1630,12295,2.0,0,0,4,1630,0,1985,Renton,5,29,0,29,5.25,0.1325634352635003,0,98058
1500000.0,6.0,2.5,3560,6480,2.5,0,0,4,3560,0,1914,Seattle,5,100,1,69,8.5,0.5492979478475544,0,98112
1340000.0,3.0,3.0,2960,5500,2.0,0,2,3,2440,520,1937,Seattle,5,77,1,24,6.0,0.538083984730049,1,98199
500000.0,3.0,2.5,1940,37565,1.0,0,0,4,1940,0,1987,Issaquah,5,27,0,27,5.5,0.05164244263429697,0,98027
239900.0,3.0,2.0,1410,7566,1.0,0,0,3,1410,0,1985,Kent,5,29,0,29,5.0,0.18633540372670807,0,98030
314950.0,3.0,1.0,1040,16986,1.0,0,0,4,1040,0,1968,Renton,5,46,0,46,4.0,0.061223288397009475,0,98059
361280.0,2.0,1.0,820,6400,1.0,0,0,4,820,0,1944,Seattle,5,70,0,70,3.0,0.1281049835963131,0,98126
100000.0,2.0,1.0,910,22000,1.0,0,0,3,910,0,1956,Algona,5,58,1,13,3.0,0.041361756283805284,0,98001
540000.0,7.0,5.75,3700,7647,2.0,0,1,3,3700,0,1948,Lake Forest Park,5,66,1,30,12.75,0.4837866108786611,0,98155
480500.0,4.0,2.5,2180,11200,1.0,0,0,4,2180,0,1968,Woodinville,5,46,0,46,6.5,0.19462547986786893,0,98072
280000.0,3.0,2.5,1600,4271,2.0,0,0,3,1600,0,2000,Auburn,5,14,0,14,5.5,0.37453183520599254,0,98001
440000.0,3.0,1.75,1500,6180,1.0,0,0,4,1060,440,1947,Seattle,5,67,1,26,4.75,0.24267917812651674,1,98118
530000.0,3.0,1.0,1340,4284,1.0,0,0,3,1080,260,1910,Seattle,5,104,1,8,4.0,0.31271878646441076,1,98105
560000.0,3.0,2.0,1860,13374,1.0,0,0,3,1860,0,1985,Issaquah,5,29,0,29,5.0,0.13906542056074767,0,98027
775000.0,3.0,2.0,2540,7200,1.5,0,3,4,1600,940,1905,Seattle,5,109,0,109,5.0,0.3527287876683794,1,98144
160000.0,2.0,1.0,1040,13100,1.0,0,0,5,1040,0,1912,Kent,5,102,0,102,3.0,0.07938325318677963,0,98032
209950.0,3.0,1.5,1380,11130,1.0,0,0,3,1380,0,1960,Federal Way,5,54,1,2,4.5,0.12397807923816369,0,98003
226500.0,3.0,1.75,1640,10762,1.0,0,0,3,1130,510,1988,Covington,5,26,1,14,4.75,0.1523738734553563,1,98042
380000.0,5.0,1.75,3000,6000,1.0,0,0,5,1500,1500,1958,Seattle,5,56,0,56,6.75,0.4999166805532411,1,98178
409500.0,4.0,2.75,2140,13000,1.0,0,0,3,1320,820,1968,Kenmore,5,46,1,17,6.75,0.16460272286747174,1,98028
690000.0,3.0,2.0,1760,6428,1.0,0,0,4,980,780,1942,Seattle,5,72,1,32,5.0,0.27375952714263496,1,98199
405000.0,3.0,2.25,1660,8307,1.0,0,0,4,1660,0,1961,Shoreline,5,53,1,13,5.25,0.1998074145402022,0,98133
375000.0,3.0,2.5,1830,13042,2.0,0,0,3,1830,0,1990,Maple Valley,5,24,1,5,5.5,0.1403051445219658,0,98038
794154.0,4.0,2.0,2210,8556,1.0,0,1,4,1210,1000,1954,Seattle,5,60,1,35,6.0,0.25826808460909195,1,98199
185000.0,4.0,1.0,1490,6600,1.0,0,0,3,1490,0,1969,Burien,5,45,1,4,5.0,0.22572337524617483,0,98168
245000.0,3.0,1.5,1260,1270,2.0,0,0,3,1040,220,2005,Seattle,5,9,0,9,4.5,0.991345397324941,1,98133
1532500.0,5.0,4.5,4270,8076,2.0,0,0,3,3400,870,2007,Kirkland,5,7,0,7,9.5,0.528661631793983,1,98033
1040000.0,4.0,3.5,3900,8391,2.0,0,0,3,3900,0,2006,Kirkland,5,8,0,8,7.5,0.46472831267874165,0,98033
425000.0,2.0,2.5,1150,1027,3.0,0,0,3,1150,0,2008,Seattle,5,6,0,6,4.5,1.1186770428015564,0,98103
495000.0,4.0,2.75,2656,21195,2.0,0,0,3,2656,0,2014,Auburn,5,0,0,0,6.75,0.12530666163427062,0,98001
365000.0,5.0,2.75,2410,5003,1.0,0,0,3,1410,1000,2008,Seattle,5,6,0,6,7.75,0.4816147082334133,1,98118
417250.0,3.0,2.25,1606,1452,3.0,0,0,3,1606,0,2009,Seattle,5,5,0,5,5.25,1.105299380591879,0,98125
339950.0,2.0,1.0,820,681,3.0,0,0,3,820,0,2006,Seattle,5,8,0,8,3.0,1.2023460410557185,0,98103
615000.0,2.0,1.0,1540,6872,1.0,0,0,4,820,720,1946,Seattle,5,68,1,25,3.0,0.22406518259857414,1,98119
403000.0,3.0,2.75,2090,8354,2.0,0,0,3,2090,0,2012,Duvall,5,2,1,102,5.75,0.25014961101137045,0,98019
980000.0,5.0,2.5,3160,11470,1.0,0,0,4,1780,1380,1971,Mercer Island,5,43,0,43,7.5,0.27547729055880044,1,98040
258000.0,4.0,1.75,1730,8320,1.0,0,0,3,1230,500,1977,Federal Way,5,37,1,10,5.75,0.20790770340103354,1,98023
533000.0,3.0,1.0,1670,4080,1.0,0,0,3,1170,500,1967,Seattle,5,47,1,3,4.0,0.40921342808135264,1,98115
537500.0,4.0,2.5,2550,4630,2.0,0,0,3,2550,0,2005,Sammamish,5,9,0,9,6.5,0.5506370114446124,0,98075
830000.0,5.0,3.0,3040,9601,1.0,0,0,5,1970,1070,1968,Mercer Island,5,46,0,46,8.0,0.3166007081857946,1,98040
712000.0,3.0,1.0,1250,4620,1.5,0,0,4,1150,100,1900,Seattle,5,114,1,43,4.0,0.2705042198658299,1,98103
262000.0,4.0,2.5,2020,6236,2.0,0,0,3,2020,0,2002,Algona,5,12,0,12,6.5,0.3238736572069905,0,98001
753888.0,4.0,2.5,2660,5500,2.0,0,2,3,2660,0,2003,Issaquah,5,11,0,11,6.5,0.4835484457371387,0,98029
134000.0,2.0,1.5,980,5000,2.0,0,0,3,980,0,1922,Skykomish,5,92,1,11,3.5,0.1959608078384323,0,98288
402000.0,3.0,2.5,1960,8000,1.0,0,0,4,1290,670,1977,Kirkland,5,37,0,37,5.5,0.24496937882764655,1,98034
205000.0,2.0,1.0,720,5040,1.0,0,0,3,720,0,1955,Seattle,5,59,1,9,3.0,0.1428288038087681,0,98106
553650.0,2.0,2.5,1360,1349,2.0,0,0,3,1050,310,1997,Seattle,5,17,0,17,4.5,1.0074074074074073,1,98112
559950.0,2.0,2.0,1870,4950,1.0,0,0,3,1870,0,2006,Redmond,5,8,0,8,4.0,0.37770147444960617,0,98053
260000.0,4.0,1.5,2130,8800,1.0,0,0,3,1100,1030,1962,Kent,5,52,1,11,5.5,0.24201795250539712,1,98032
270000.0,4.0,2.5,1810,6509,2.0,0,0,3,1810,0,1994,Kent,5,20,0,20,6.5,0.2780337941628264,0,98042
295000.0,2.0,1.75,2200,89298,1.0,0,0,3,1100,1100,1973,Issaquah,5,41,1,1,3.75,0.024636334113483913,1,98027
719000.0,3.0,2.5,1690,4500,1.5,0,1,4,1690,0,1928,Seattle,5,86,0,86,5.5,0.37547211730726504,0,98116
266000.0,3.0,2.5,1940,8547,1.0,0,0,3,1460,480,1989,Kent,5,25,0,25,5.5,0.22695367337388864,1,98030
325900.0,4.0,2.5,2320,6270,2.0,0,0,3,2320,0,2004,Kent,5,10,1,11,6.5,0.3699569446659225,0,98042
647500.0,4.0,1.75,2060,26036,1.0,0,0,4,1160,900,1947,Normandy Park,5,67,1,26,5.75,0.07911817797749357,1,98166
1039000.0,4.0,1.0,3410,5000,2.0,0,0,5,2190,1220,1910,Seattle,5,104,0,104,5.0,0.6818636272745451,1,98144
569000.0,4.0,2.25,2250,41688,2.0,0,0,3,2250,0,1980,Redmond,5,34,0,34,6.25,0.05397107150567296,0,98053
246000.0,3.0,1.75,1390,7399,1.0,0,0,4,1390,0,1975,Kent,5,39,0,39,4.75,0.18783783783783783,0,98031
515000.0,2.0,1.0,1060,4960,1.0,0,0,3,1060,0,1926,Seattle,5,88,1,11,3.0,0.21366659947591213,0,98103
207000.0,3.0,1.0,1490,8995,1.0,0,0,4,1490,0,1954,Seattle,5,60,1,35,4.0,0.16562916851934192,0,98168
780000.0,4.0,1.75,2480,9195,1.0,0,0,3,1390,1090,1950,Bellevue,5,64,1,9,5.75,0.2696824706394084,1,98004
489990.0,5.0,2.25,2440,20828,1.5,0,0,4,2440,0,1975,Kent,5,39,0,39,7.25,0.11714436602813386,0,98042
335000.0,3.0,1.5,2240,87625,1.5,0,0,2,1480,760,1980,Auburn,5,34,0,34,4.5,0.025563189007828727,1,98092
295000.0,3.0,2.5,1920,7229,2.0,0,0,3,1920,0,1993,Federal Way,5,21,0,21,5.5,0.26556016597510373,0,98003
385000.0,3.0,1.75,1890,9920,1.0,0,0,3,1230,660,1944,Seattle,5,70,0,70,4.75,0.19050498941638946,1,98125
350000.0,4.0,1.75,2250,13515,1.0,0,0,4,2150,100,1940,Kent,5,74,1,13,5.75,0.166469369635987,1,98030
235000.0,2.0,1.0,1270,3008,1.0,0,0,4,650,620,1923,Seattle,5,91,0,91,3.0,0.42206713193752077,1,98118
358000.0,2.0,1.5,960,1808,2.0,0,0,3,960,0,1993,Seattle,5,21,0,21,3.5,0.5306799336650083,0,98122
716500.0,4.0,2.5,3290,6465,2.0,0,0,3,3290,0,2002,Sammamish,5,12,0,12,6.5,0.5088153417878132,0,98075
228000.0,4.0,1.75,2000,6120,1.0,0,0,3,1100,900,1965,Seattle,5,49,1,21,5.75,0.32674399607907206,1,98178
405000.0,2.0,1.0,1020,8155,1.0,0,0,4,1020,0,1948,Seattle,5,66,0,66,3.0,0.12506130456105935,0,98177
538000.0,4.0,1.75,1840,9600,1.0,0,0,3,1220,620,1967,Redmond,5,47,1,3,5.75,0.19164670346838872,1,98052
530000.0,3.0,1.75,1980,6760,1.0,0,0,4,1980,0,1973,Bellevue,5,41,0,41,4.75,0.2928560863777548,0,98008
1750000.0,6.0,3.0,3510,5760,2.5,0,0,4,3510,0,1906,Seattle,5,108,1,24,9.0,0.6092692240930394,0,98112
636000.0,2.0,1.75,1230,3600,1.5,0,0,5,1230,0,1925,Seattle,5,89,0,89,3.75,0.3415717856151069,0,98119
535000.0,4.0,2.5,2280,65836,2.0,0,0,3,2280,0,2004,Woodinville,5,10,1,11,6.5,0.03463098257818552,0,98077
1500000.0,3.0,1.75,2430,12757,1.0,0,2,4,1340,1090,1952,Bellevue,5,62,0,62,4.75,0.19046872550556512,1,98004
868500.0,3.0,2.5,2920,3942,3.0,0,0,3,2920,0,2008,Renton,5,6,0,6,5.5,0.7405528785188943,0,98056
530000.0,4.0,2.75,2280,2850,1.5,0,0,4,1540,740,1930,Seattle,5,84,0,84,6.75,0.7997193967029113,1,98115
450000.0,3.0,2.0,1510,43560,1.0,0,0,3,1510,0,1954,Woodinville,5,60,1,9,5.0,0.03466403434264594,0,98077
230000.0,3.0,1.75,950,6000,1.0,0,0,3,790,160,1939,Seattle,5,75,1,45,4.75,0.1583069488418597,1,98108
229000.0,3.0,2.5,1190,3000,2.0,0,0,3,1190,0,2002,Tukwila,5,12,0,12,5.5,0.39653448850383205,0,98178
437000.0,3.0,1.75,1310,9282,1.0,0,0,4,1310,0,1976,Redmond,5,38,1,22,4.75,0.14111817300441667,0,98052
1307000.0,5.0,3.25,2800,3200,1.5,0,0,5,1910,890,1932,Seattle,5,82,1,12,8.25,0.8747266479225242,1,98109
595000.0,3.0,2.5,1750,3354,2.0,0,0,4,1750,0,1991,Kirkland,5,23,0,23,5.5,0.5216095380029806,0,98033
660000.0,3.0,1.75,1320,5750,1.5,0,0,5,1320,0,1918,Seattle,5,96,0,96,4.75,0.22952529994783516,0,98116
347500.0,4.0,2.5,2460,7350,2.0,0,0,3,2460,0,1989,Federal Way,5,25,0,25,6.5,0.3346483471636512,0,98023
297950.0,3.0,2.0,1240,10800,1.0,0,0,3,1240,0,1967,Renton,5,47,1,4,5.0,0.11480418479770392,0,98058
245000.0,3.0,1.5,1260,7964,1.0,0,0,4,1260,0,1955,Des Moines,5,59,1,5,4.5,0.15819209039548024,0,98148
543200.0,6.0,2.25,2820,15600,1.5,0,2,5,1970,850,1940,Burien,5,74,0,74,8.25,0.18075764374078584,1,98166
1250000.0,4.0,3.25,3820,24166,2.0,0,1,4,3310,510,1990,Mercer Island,5,24,0,24,7.25,0.15806678528572018,1,98040
413450.0,3.0,2.5,1540,1614,3.0,0,0,3,1470,70,2008,Seattle,5,6,0,6,5.5,0.9535603715170279,1,98103
330000.0,2.0,2.0,1550,435600,1.5,0,0,2,1550,0,1972,Snoqualmie,5,42,0,42,4.0,0.003558302207754344,0,98065
424500.0,3.0,1.75,1460,7700,1.0,0,0,3,1460,0,1979,Redmond,5,35,1,0,4.75,0.18958576808206726,0,98052
230000.0,3.0,1.0,1390,16000,1.0,0,0,4,1390,0,1960,Algona,5,54,1,13,4.0,0.08686957065183426,0,98001
930000.0,3.0,3.25,2640,4080,2.0,0,0,3,1840,800,1912,Seattle,5,102,1,14,6.25,0.6469002695417789,1,98105
349000.0,3.0,1.75,1590,9620,1.0,0,0,3,1590,0,1988,Renton,5,26,1,14,4.75,0.16526348612410352,0,98059
835000.0,4.0,2.0,1910,6960,1.5,0,0,5,1910,0,1941,Seattle,5,73,0,73,6.0,0.2743858640999856,0,98103
988500.0,3.0,2.75,2015,16807,2.0,1,4,3,2015,0,2007,Burien,5,7,0,7,5.75,0.11988338886244645,0,98166
500000.0,3.0,1.75,1410,1197,3.0,0,0,3,1410,0,2012,Seattle,5,2,1,102,4.75,1.1769616026711185,0,98103
499000.0,2.0,1.5,1110,957,2.0,0,0,3,930,180,2005,Seattle,5,9,0,9,3.5,1.1586638830897704,1,98119
321950.0,2.0,1.25,860,1277,2.0,0,0,3,860,0,2007,Seattle,5,7,0,7,3.25,0.672926447574335,0,98144
494000.0,3.0,2.5,2310,4729,2.0,0,0,3,2310,0,2011,Kenmore,5,3,0,3,5.5,0.4883720930232558,0,98028
441750.0,2.0,1.5,1020,1060,3.0,0,0,3,1020,0,2008,Seattle,5,6,0,6,3.5,0.9613572101790764,0,98103
438000.0,2.0,1.0,980,1179,2.0,0,0,3,980,0,2010,Seattle,5,4,0,4,3.0,0.8305084745762712,0,98119
985000.0,4.0,2.25,4230,37769,2.0,0,0,3,4230,0,1989,Woodinville,5,25,0,25,6.25,0.11199364575059571,0,98077
352000.0,3.0,2.25,1640,11050,1.0,0,0,4,1640,0,1972,Renton,5,42,0,42,5.25,0.14840285946973125,0,98059
839900.0,4.0,3.5,3810,13592,1.0,0,1,3,2560,1250,2013,Renton,5,1,1,91,7.5,0.28029132641800925,1,98056
765000.0,4.0,2.75,2790,10819,2.0,0,0,3,2790,0,1996,Issaquah,5,18,0,18,6.75,0.2578558225508318,0,98027
460000.0,4.0,1.75,1750,5500,1.5,0,0,5,1050,700,1926,Seattle,5,88,0,88,5.75,0.3181239774586439,1,98117
224500.0,4.0,1.0,1430,8355,1.5,0,0,4,1430,0,1983,Auburn,5,31,0,31,5.0,0.17113451412158928,0,98092
254000.0,3.0,2.5,1850,4597,2.0,0,0,3,1850,0,2003,Covington,5,11,0,11,5.5,0.4023488473249239,0,98042
255000.0,2.0,1.0,960,28717,1.0,0,0,4,960,0,1984,Vashon,5,30,0,30,3.0,0.03342851173480047,0,98070
610000.0,3.0,3.0,2480,45302,1.0,0,0,4,1620,860,1976,Woodinville,5,38,1,22,6.0,0.05474251153345253,1,98077
920000.0,4.0,3.0,3750,11025,2.0,0,0,3,3750,0,1976,Sammamish,5,38,0,38,7.0,0.340105205877018,0,98074
402500.0,4.0,2.5,2600,11951,2.0,0,0,3,2600,0,1988,Federal Way,5,26,1,14,6.5,0.2175368139223561,0,98023
280950.0,3.0,1.75,1390,8700,1.0,0,3,4,840,550,1912,Renton,5,102,1,25,4.75,0.15975175267210664,1,98057
604000.0,4.0,2.5,2260,7753,2.0,0,0,3,2260,0,1989,Issaquah,5,25,0,25,6.5,0.2914624709827186,0,98029
565000.0,4.0,2.25,2470,7447,2.0,0,0,3,2470,0,1984,Lake Forest Park,5,30,0,30,6.25,0.33163265306122447,0,98155
255000.0,2.0,1.0,810,7980,1.0,0,0,1,810,0,1928,Seattle,5,86,0,86,3.0,0.1014910412229044,0,98146
445000.0,4.0,2.0,1650,6000,1.0,0,0,5,1000,650,1959,Seattle,5,55,0,55,6.0,0.2749541743042826,1,98144
2400000.0,3.0,2.25,3000,11665,1.5,1,4,3,3000,0,2001,Sammamish,5,13,0,13,5.25,0.2571575518601063,0,98075
195000.0,2.0,1.0,720,18000,1.0,0,0,3,720,0,1950,Seattle,5,64,1,9,3.0,0.03999777790122771,0,98178
275000.0,3.0,1.5,1390,48257,1.0,0,0,3,1390,0,1922,Fall City,5,92,1,1,4.5,0.028803514443201127,0,98024
387000.0,3.0,2.25,1445,1606,2.0,0,0,3,1300,145,2003,Issaquah,5,11,0,11,5.25,0.8991910392034848,1,98027
490000.0,2.0,1.0,1840,3300,1.5,0,0,4,1130,710,1910,Seattle,5,104,0,104,3.0,0.5574068464101787,1,98107
505000.0,3.0,2.5,2100,5824,2.0,0,2,3,2100,0,1999,Snoqualmie,5,15,0,15,5.5,0.3605150214592275,0,98065
303500.0,3.0,1.5,1060,10464,1.0,0,0,4,1060,0,1973,Kirkland,5,41,0,41,4.5,0.10129001433349259,0,98034
270000.0,3.0,1.5,1500,6337,1.0,0,0,5,1500,0,1953,Seattle,5,61,0,61,4.5,0.23666771852319343,0,98125
323000.0,4.0,2.75,1970,7213,1.0,0,0,3,1170,800,1977,Renton,5,37,1,10,6.75,0.2730801219850291,1,98058
382000.0,3.0,3.25,1410,1253,3.0,0,0,3,1410,0,2005,Seattle,5,9,0,9,6.25,1.124401913875598,0,98103
1370000.0,4.0,2.75,3720,9450,1.0,0,4,5,1960,1760,1962,Bellevue,5,52,0,52,6.75,0.3936091418897471,1,98006
280000.0,4.0,2.0,2190,14439,1.0,0,0,4,1180,1010,1977,Auburn,5,37,0,37,6.0,0.15166204986149584,1,98001
260000.0,3.0,2.0,1920,8075,1.0,0,0,4,1510,410,1969,Federal Way,5,45,0,45,5.0,0.237741456166419,1,98023
201500.0,3.0,1.0,1160,8320,1.0,0,0,4,1160,0,1959,Kent,5,55,0,55,4.0,0.1394063213556063,0,98032
1157200.0,4.0,4.25,5860,52889,2.0,0,0,4,4910,950,1996,Woodinville,5,18,0,18,8.25,0.11079599168084704,1,98072
536500.0,4.0,1.75,2000,4000,1.5,0,0,5,1450,550,1926,Seattle,5,88,0,88,5.75,0.49987503124218946,1,98126
248000.0,4.0,3.0,2163,5883,2.0,0,0,3,2163,0,2006,Algona,5,8,0,8,7.0,0.3676070700203943,0,98001
532000.0,5.0,3.0,3480,57499,1.0,0,0,4,2340,1140,1976,Issaquah,5,38,1,22,8.0,0.060521739130434786,1,98027
580000.0,4.0,2.5,2840,6268,2.0,0,0,3,2840,0,1998,Kenmore,5,16,1,8,6.5,0.45302281065560696,0,98028
463000.0,2.0,1.0,1150,4400,1.0,0,0,4,1150,0,1905,Seattle,5,109,0,109,3.0,0.2613042490343104,0,98112
742500.0,4.0,2.75,3100,3773,2.0,0,0,3,2000,1100,1919,Seattle,5,95,1,18,6.75,0.8214096449390567,1,98122
260000.0,3.0,2.5,1420,14850,1.0,0,0,4,1020,400,1963,Kent,5,51,0,51,5.5,0.09561645680425561,1,98032
590000.0,4.0,2.25,2430,32496,1.0,0,0,3,2430,0,1993,Woodinville,5,21,0,21,6.25,0.07477613318152444,0,98077
312000.0,4.0,2.25,1930,7452,1.0,0,0,3,1430,500,1984,Kent,5,30,0,30,6.25,0.2589561250503153,1,98031
566000.0,3.0,2.25,1660,10140,1.0,0,0,4,1370,290,1980,Redmond,5,34,0,34,5.25,0.16369194359530617,1,98052
511555.0,3.0,2.0,1400,7293,1.0,0,0,4,1400,0,1963,Bellevue,5,51,0,51,5.0,0.19193857965451055,0,98008
583000.0,4.0,2.5,2660,4000,2.0,0,0,3,2660,0,2001,Redmond,5,13,0,13,6.5,0.664833791552112,0,98053
290000.0,4.0,2.5,2000,13300,1.0,0,0,4,1200,800,1968,Auburn,5,46,0,46,6.5,0.1503646342380272,1,98001
311100.0,4.0,2.25,2130,8078,1.0,0,0,4,1380,750,1977,Renton,5,37,0,37,6.25,0.2636464909023394,1,98055
325000.0,3.0,2.25,1352,1694,3.0,0,0,3,1352,0,2007,Seattle,5,7,0,7,5.25,0.7976401179941003,0,98125
491300.0,3.0,1.75,1750,11340,1.0,0,1,4,1300,450,1987,Sammamish,5,27,0,27,4.75,0.15430738030156071,1,98074
315000.0,5.0,1.75,2320,8100,1.0,0,0,4,1160,1160,1956,Burien,5,58,0,58,6.75,0.28638439698802615,1,98166
360000.0,2.0,1.0,1420,81892,1.0,0,0,3,1180,240,1956,Renton,5,58,1,13,3.0,0.017339699363803987,1,98055
330000.0,4.0,2.5,1940,3784,2.0,0,0,3,1940,0,2003,Renton,5,11,0,11,6.5,0.512549537648613,0,98058
481450.0,3.0,2.0,1410,4800,1.0,0,0,3,1410,0,1940,Seattle,5,74,1,18,5.0,0.29368881483024367,0,98117
234950.0,3.0,1.0,1360,9948,1.0,0,0,3,1360,0,1977,Black Diamond,5,37,1,10,4.0,0.13669715549301437,0,98010
251000.0,3.0,1.75,1220,7250,1.0,0,0,3,1220,0,1962,North Bend,5,52,1,11,4.75,0.1682526548062336,0,98045
782000.0,4.0,2.5,2830,20345,2.0,0,0,3,1980,850,1979,Bellevue,5,35,1,0,6.5,0.13909367934729186,1,98004
833000.0,4.0,2.75,3780,10308,2.0,0,0,3,3780,0,1999,Sammamish,5,15,0,15,6.75,0.3666699000873024,0,98075
542500.0,4.0,2.5,2330,14289,2.0,0,0,4,2330,0,1978,Bellevue,5,36,1,14,6.5,0.1630510846745976,0,98007
851000.0,3.0,2.5,3560,107290,2.0,0,0,3,3560,0,1987,Redmond,5,27,1,14,5.5,0.03318078869616277,0,98053
325000.0,4.0,1.5,1470,70800,1.0,0,0,3,1470,0,1976,Ravensdale,5,38,0,38,5.5,0.02076241860990664,0,98051
415000.0,4.0,2.25,3060,48787,2.0,0,0,3,3060,0,1992,Ravensdale,5,22,0,22,6.25,0.06272034106747561,0,98051
252500.0,3.0,1.0,1030,6127,1.0,0,0,3,880,150,1947,Seattle,5,67,1,2,4.0,0.16808093994778067,1,98125
465000.0,4.0,2.5,1930,9653,1.0,0,0,4,1930,0,1968,Federal Way,5,46,0,46,6.5,0.1999171327946965,0,98023
336900.0,3.0,1.75,1780,120661,1.0,0,0,4,1780,0,1979,Duvall,5,35,0,35,4.75,0.014751951732939948,0,98019
225000.0,3.0,2.5,2000,9202,2.0,0,0,4,2000,0,1992,Maple Valley,5,22,0,22,5.5,0.21732043898728676,0,98038
270000.0,3.0,2.0,1690,9583,1.0,0,0,4,1690,0,1969,Renton,5,45,0,45,5.0,0.1763355592654424,0,98059
1702500.0,5.0,4.5,5190,23716,2.0,0,2,3,3390,1800,1987,Mercer Island,5,27,1,14,9.5,0.21883037483661508,1,98040
536000.0,3.0,1.75,1300,5413,1.5,0,0,3,1300,0,1925,Seattle,5,89,1,22,4.75,0.24011821204285186,0,98115
585000.0,4.0,3.25,2400,29252,2.0,0,0,4,2400,0,1982,Woodinville,5,32,1,3,7.25,0.08204286739821556,0,98072
445000.0,2.0,2.0,1150,6634,1.0,0,0,3,860,290,1940,Seattle,5,74,1,18,4.0,0.1733232856066315,1,98115
320000.0,4.0,2.25,2310,7490,2.0,0,0,3,2310,0,1980,Renton,5,34,0,34,6.25,0.30837004405286345,0,98055
769900.0,4.0,3.5,2730,3047,2.0,0,0,3,2400,330,2006,Seattle,5,8,0,8,7.5,0.8956692913385826,1,98116
557000.0,4.0,2.5,2840,4500,2.0,0,0,3,2840,0,2012,Kenmore,5,2,1,102,6.5,0.6309708953565875,0,98028
212000.0,2.0,1.5,1020,1525,2.0,0,0,3,1020,0,2004,Seattle,5,10,1,11,3.5,0.6684141546526867,0,98133
376000.0,3.0,2.0,1340,1384,3.0,0,0,3,1340,0,2008,Seattle,5,6,0,6,5.0,0.9675090252707581,0,98103
800000.0,4.0,3.25,3540,159430,2.0,0,0,3,3540,0,2007,Carnation,5,7,0,7,7.25,0.02220396284285992,0,98014
2238888.0,5.0,6.5,7270,130017,2.0,0,0,3,6420,850,2010,Issaquah,5,4,0,4,11.5,0.05591533479979695,1,98029
324000.0,3.0,2.25,998,904,2.0,0,0,3,798,200,2007,Seattle,5,7,0,7,5.25,1.1027624309392265,1,98117
549900.0,5.0,2.75,3060,7015,1.0,0,0,5,1600,1460,1979,Seattle,5,35,0,35,7.75,0.4361459521094641,1,98146
320000.0,3.0,2.5,2130,6969,2.0,0,0,3,2130,0,2003,Maple Valley,5,11,0,11,5.5,0.30559540889526543,0,98038
875000.0,4.0,2.0,2520,6000,1.0,0,0,3,1400,1120,1921,Seattle,5,93,1,7,6.0,0.41993001166472255,1,98103
265000.0,4.0,1.0,1940,9533,1.0,0,0,3,1080,860,1962,Kent,5,52,1,11,5.0,0.20348227396685548,1,98031
394950.0,3.0,2.5,1350,1250,3.0,0,0,3,1270,80,2006,Seattle,5,8,0,8,5.5,1.079136690647482,1,98136
842500.0,4.0,2.5,2160,5298,2.5,0,0,4,2160,0,1902,Seattle,5,112,0,112,6.5,0.4076240800150972,0,98122
368000.0,3.0,2.5,1370,1350,2.0,0,0,3,1010,360,2007,Seattle,5,7,0,7,5.5,1.014063656550703,1,98136
1225000.0,4.0,4.5,5420,101930,1.0,0,0,3,3890,1530,2001,Redmond,5,13,0,13,8.5,0.05317322502477166,1,98053
885000.0,4.0,2.5,2830,5000,2.0,0,0,3,2830,0,1995,Seattle,5,19,0,19,6.5,0.5658868226354729,0,98105
453246.0,3.0,2.5,2010,2287,2.0,0,0,3,1390,620,2014,Issaquah,5,0,0,0,5.5,0.8784965034965035,1,98029
927000.0,4.0,2.75,3300,12090,2.0,0,0,3,3300,0,1953,Clyde Hill,5,61,0,61,6.75,0.2729302787197089,0,98004
490000.0,2.0,2.5,1230,1391,2.0,0,0,3,870,360,2004,Seattle,5,10,1,11,4.5,0.8836206896551724,1,98112
341000.0,3.0,1.5,1720,7119,1.5,0,0,4,1720,0,1952,Shoreline,5,62,0,62,4.5,0.24157303370786518,0,98155
235000.0,1.0,1.0,810,2451,1.0,0,0,5,810,0,1941,Seattle,5,73,0,73,2.0,0.3303425774877651,0,98126
1200000.0,3.0,1.75,1560,8078,1.5,1,4,4,1560,0,1928,Mercer Island,5,86,0,86,4.75,0.19309320460453028,0,98040
560000.0,3.0,2.0,2560,216777,1.0,0,0,3,2560,0,1986,Auburn,5,28,0,28,5.0,0.011809316443550546,0,98092
900000.0,4.0,3.25,4700,38412,2.0,0,0,3,3420,1280,1978,Bellevue,5,36,0,36,7.25,0.12235441126701897,1,98005
255000.0,2.0,1.0,1220,2500,1.0,0,0,3,770,450,1910,Seattle,5,104,1,8,3.0,0.4878048780487805,1,98126
1575000.0,5.0,2.75,3650,20150,1.0,0,0,4,2360,1290,1975,Bellevue,5,39,0,39,7.75,0.18113245000248127,1,98004
876650.0,3.0,3.25,2170,12508,1.5,0,0,5,1650,520,1928,Mercer Island,5,86,1,44,6.25,0.17347509792949076,1,98040
540000.0,4.0,2.25,2540,228254,1.0,0,0,3,1450,1090,1990,Duvall,5,24,1,5,6.25,0.011127905193752601,1,98019
350000.0,2.0,1.0,910,4500,1.5,0,0,4,910,0,1906,Seattle,5,108,1,24,3.0,0.20217729393468117,0,98118
750000.0,4.0,2.5,2980,4930,2.0,0,0,3,2890,90,2000,Bellevue,5,14,0,14,6.5,0.6043398904887447,1,98006
582000.0,4.0,1.75,2120,4650,1.0,0,1,3,1190,930,1951,Seattle,5,63,1,20,5.75,0.45581595355837456,1,98117
1315000.0,4.0,3.5,3460,3997,2.0,0,0,3,2560,900,2004,Seattle,5,10,1,11,7.5,0.8654327163581791,1,98103
372500.0,5.0,3.0,2480,10090,1.0,0,0,3,1300,1180,2004,Seattle,5,10,1,11,8.0,0.2457635516797146,1,98178
410000.0,3.0,2.25,2200,16921,2.0,0,0,3,2200,0,1987,Maple Valley,5,27,1,14,5.25,0.1300082732537525,0,98038
360000.0,4.0,2.0,1730,5500,1.0,0,0,5,1010,720,1943,Seattle,5,71,0,71,6.0,0.3144882748591165,1,98106
1015000.0,3.0,2.5,2920,34527,1.0,0,4,4,1800,1120,1954,Seattle,5,60,1,31,5.5,0.0845690454124189,1,98116
225000.0,3.0,1.0,990,8012,1.0,0,0,4,990,0,1966,Renton,5,48,0,48,4.0,0.12354923249719206,0,98058
647000.0,4.0,2.5,3040,6887,2.0,0,0,3,3040,0,1999,Sammamish,5,15,0,15,6.5,0.4413472706155633,0,98074
950000.0,5.0,3.0,4530,258746,1.5,0,0,4,3200,1330,2003,Woodinville,5,11,0,11,8.0,0.01750744936173173,1,98077
185000.0,3.0,1.5,1370,8470,1.0,0,0,4,1370,0,1961,Auburn,5,53,1,13,4.5,0.16172824932121355,0,98092
335000.0,3.0,2.5,1940,4927,2.0,0,0,3,1940,0,2004,Renton,5,10,1,11,5.5,0.39366883116883117,0,98058
210000.0,3.0,2.5,1040,2643,2.0,0,0,3,720,320,2004,Seattle,5,10,1,11,5.5,0.39334341906202724,1,98118
522000.0,4.0,2.25,1800,8623,1.0,0,0,4,1360,440,1980,Kirkland,5,34,0,34,6.25,0.20871985157699444,1,98033
770000.0,3.0,1.75,1720,5000,1.0,0,0,3,1720,0,1954,Seattle,5,60,1,0,4.75,0.34393121375724856,0,98122
499950.0,3.0,1.0,980,6380,1.0,0,0,3,760,220,1941,Seattle,5,73,1,20,4.0,0.15358094342579534,1,98115
751000.0,4.0,2.5,3110,6142,2.0,0,0,3,3110,0,2004,Redmond,5,10,1,11,6.5,0.5062672961093928,0,98052
330000.0,5.0,3.0,2100,7715,1.0,0,0,3,1250,850,2013,Burien,5,1,1,91,8.0,0.27216174183514774,1,98168
465000.0,3.0,1.5,2020,11358,1.0,0,0,4,1190,830,1956,Kirkland,5,58,0,58,4.5,0.17783255568271855,1,98033
850000.0,4.0,1.75,2350,11914,1.0,0,0,4,2350,0,1961,Mercer Island,5,53,1,13,5.75,0.19723038187159042,0,98040
947500.0,4.0,2.25,3290,12329,1.5,0,0,4,3290,0,1968,Mercer Island,5,46,0,46,6.25,0.26682887266828875,0,98040
302000.0,5.0,2.25,2180,7813,2.0,0,0,3,2180,0,1986,Maple Valley,5,28,0,28,7.25,0.2789864346045559,0,98038
500000.0,2.0,2.25,1290,1334,3.0,0,0,3,1290,0,2007,Seattle,5,7,0,7,4.25,0.9662921348314607,0,98107
201000.0,3.0,1.0,1460,9750,1.0,0,0,4,1460,0,1969,Kent,5,45,0,45,4.0,0.1497282330017434,0,98042
265000.0,2.0,1.0,1290,2828,2.0,0,0,3,1290,0,2008,Redmond,5,6,0,6,3.0,0.4559915164369035,0,98053
870300.0,4.0,2.5,2350,3150,1.5,0,0,4,1690,660,1910,Seattle,5,104,0,104,6.5,0.7457949857188194,1,98103
339000.0,3.0,1.0,1080,8100,1.0,0,0,4,1080,0,1955,Shoreline,5,59,1,5,4.0,0.13331687445994322,0,98155
690000.0,4.0,2.5,2670,13463,2.0,0,0,4,2670,0,1989,Issaquah,5,25,0,25,6.5,0.1983065953654189,0,98029
788000.0,4.0,3.25,3680,5759,2.0,0,0,3,2840,840,2003,Issaquah,5,11,0,11,7.25,0.6388888888888888,1,98027
315275.0,3.0,1.75,1440,8040,1.0,0,0,3,960,480,1951,Seattle,5,63,1,20,4.75,0.17908220370600672,1,98125
505000.0,4.0,1.75,1940,4800,1.0,0,0,5,1030,910,1922,Seattle,5,92,1,58,5.75,0.40408248281608,1,98122
368000.0,3.0,1.0,1280,9898,1.0,0,0,3,1280,0,1968,Woodinville,5,46,1,17,4.0,0.12930599050409133,0,98072
947500.0,3.0,2.75,2980,27144,1.5,1,2,5,2180,800,1917,Burien,5,97,0,97,5.75,0.10978080677841223,1,98166
156000.0,3.0,1.0,970,8580,1.0,0,0,3,970,0,1959,Federal Way,5,55,1,25,4.0,0.1130404381773686,0,98003
610000.0,4.0,3.0,2110,5000,1.5,0,2,4,1640,470,1930,Seattle,5,84,0,84,7.0,0.42191561687662466,1,98136
420000.0,2.0,2.5,1480,1369,3.0,0,0,3,1480,0,2009,Redmond,5,5,0,5,4.5,1.0802919708029197,0,98052
192000.0,2.0,1.0,700,10540,1.0,0,0,3,700,0,1953,Normandy Park,5,61,0,61,3.0,0.06640736173038611,0,98166
910000.0,3.0,2.0,2700,6120,1.0,0,0,4,1350,1350,1962,Seattle,5,52,0,52,5.0,0.4411043947067473,1,98115
1300000.0,4.0,3.25,2330,9687,2.0,0,3,3,2330,0,1918,Seattle,5,96,0,96,7.25,0.24050371593724196,0,98112
1346400.0,5.0,1.75,3380,20021,1.0,0,0,4,1690,1690,1963,Clyde Hill,5,51,0,51,6.75,0.16881430426530816,1,98004
840000.0,4.0,2.75,2600,2750,1.5,0,0,3,1620,980,1936,Seattle,5,78,0,78,6.75,0.945110868774991,1,98109
300000.0,2.0,1.75,1360,8100,1.0,0,0,3,860,500,1975,Seattle,5,39,0,39,3.75,0.16788050857918776,1,98177
505000.0,4.0,2.5,2780,6369,1.0,0,0,3,1590,1190,1978,Kirkland,5,36,0,36,6.5,0.4364207221350079,1,98034
110000.0,3.0,1.0,1250,53143,1.0,0,0,5,1250,0,1945,Maple Valley,5,69,0,69,4.0,0.023520999548396808,0,98038
746000.0,3.0,2.5,2620,8950,2.0,0,0,3,2620,0,1992,Bellevue,5,22,0,22,5.5,0.29270472572896883,0,98006
211000.0,3.0,1.5,1350,7620,1.0,0,0,5,1350,0,1941,Burien,5,73,0,73,4.5,0.1771421073349954,0,98166
675000.0,4.0,3.0,2400,3340,1.0,0,0,4,1200,1200,1964,Seattle,5,50,0,50,7.0,0.7183478000598623,1,98107
734200.0,4.0,2.5,2760,5000,1.5,0,0,5,1680,1080,1928,Seattle,5,86,1,44,6.5,0.5518896220755849,1,98107
1225000.0,4.0,2.25,3070,16028,1.0,0,3,3,1870,1200,1976,Mercer Island,5,38,0,38,6.25,0.19152785576143241,1,98040
615000.0,2.0,1.75,2040,28593,1.5,1,3,4,2040,0,1919,Vashon,5,95,1,24,3.75,0.0713436385255648,0,98070
630000.0,4.0,2.0,1770,6000,2.0,0,0,5,1770,0,1911,Seattle,5,103,1,33,6.0,0.29495084152641227,0,98199
1264000.0,4.0,3.75,3490,9170,2.0,0,0,3,3490,0,2012,Bellevue,5,2,1,102,7.75,0.3805473776033148,0,98004
301500.0,2.0,1.5,830,1333,2.0,0,0,3,830,0,2005,Seattle,5,9,0,9,3.5,0.6221889055472264,0,98136
369000.0,2.0,2.5,980,895,2.0,0,0,3,670,310,2009,Seattle,5,5,0,5,4.5,1.09375,1,98116
635000.0,3.0,2.5,1570,1433,3.0,0,0,3,1570,0,2010,Seattle,5,4,0,4,5.5,1.094839609483961,0,98103
1033888.0,4.0,3.25,3270,5187,2.0,0,0,3,3110,160,2014,Redmond,5,0,0,0,7.25,0.6303006939090208,1,98052
383000.0,4.0,2.5,2160,6223,2.0,0,0,3,2160,0,2010,Maple Valley,5,4,0,4,6.5,0.34704370179948585,0,98038
1050000.0,4.0,3.75,3280,11000,2.0,0,0,3,2320,960,2008,Kirkland,5,6,0,6,7.75,0.29815471320789017,1,98033
455000.0,4.0,2.5,3360,7685,2.0,0,0,3,3360,0,2001,Renton,5,13,0,13,6.5,0.4371584699453552,0,98058
819900.0,5.0,2.75,3150,7119,2.0,0,0,3,3150,0,2013,Redmond,5,1,1,91,7.75,0.44241573033707865,0,98052
625000.0,3.0,3.5,1810,1846,2.0,0,0,4,1440,370,2009,Seattle,5,5,0,5,6.5,0.9799675148890092,1,98122
651000.0,4.0,2.5,2740,7140,2.0,0,0,3,2740,0,1993,Sammamish,5,21,0,21,6.5,0.3836997619381039,0,98074
480000.0,5.0,4.75,3830,35000,1.0,0,0,3,2130,1700,1976,Woodinville,5,38,0,38,9.75,0.10942544498728608,1,98077
757000.0,3.0,3.25,3190,5283,2.0,0,0,3,3190,0,2007,Issaquah,5,7,0,7,6.25,0.6037093111279334,0,98029
460000.0,3.0,2.25,2350,10450,1.0,0,0,3,1390,960,1977,Kenmore,5,37,1,10,5.25,0.22485886518036552,1,98028
267345.0,4.0,2.25,2510,8165,1.0,0,0,4,1610,900,1972,Federal Way,5,42,0,42,6.25,0.30737203036982613,1,98023
530000.0,2.0,2.0,1680,4950,1.0,0,0,3,1680,0,2006,Redmond,5,8,0,8,4.0,0.33932538881034136,0,98053
449500.0,3.0,2.0,1770,6610,1.0,0,0,4,960,810,1954,Shoreline,5,60,1,35,5.0,0.2677355921948268,1,98133
289000.0,3.0,1.0,1090,7315,1.0,0,0,5,1090,0,1981,Renton,5,33,0,33,4.0,0.14898851831601967,0,98056
373000.0,5.0,2.5,3001,5710,2.0,0,0,3,3001,0,2006,Kent,5,8,0,8,7.5,0.5254771493608825,0,98030
525000.0,5.0,3.0,2450,4591,2.0,0,0,3,2450,0,1994,Seattle,5,20,0,20,8.0,0.5335365853658537,0,98117
777000.0,3.0,3.25,3610,59677,2.0,0,0,3,2440,1170,2003,Issaquah,5,11,0,11,6.25,0.060491303327859514,1,98027
550000.0,4.0,2.0,2250,7500,1.0,0,0,5,1200,1050,1956,Bellevue,5,58,0,58,6.0,0.2999600053326223,1,98005
523000.0,3.0,1.5,1240,7735,1.0,0,0,4,1240,0,1957,Bellevue,5,57,1,13,4.5,0.16028955532574973,0,98008
628000.0,4.0,2.0,2260,6000,1.0,0,0,3,1430,830,1958,Seattle,5,56,1,10,6.0,0.3766038993501083,1,98115
581000.0,4.0,1.75,2090,8164,1.0,0,0,4,1070,1020,1963,Redmond,5,51,0,51,5.75,0.2559706062461727,1,98052
245000.0,5.0,1.75,2020,7902,1.0,0,0,3,1220,800,1962,Seattle,5,52,1,11,6.75,0.25559913956725294,1,98168
415000.0,3.0,1.75,1960,5000,1.0,0,0,5,980,980,1911,Seattle,5,103,1,30,4.75,0.3919216156768646,1,98108
1895000.0,5.0,2.25,3120,16672,2.0,0,0,4,3120,0,1969,Yarrow Point,5,45,0,45,7.25,0.18712889102141186,0,98004
225000.0,3.0,1.5,1250,7500,1.0,0,0,3,1250,0,1967,Kent,5,47,1,3,4.5,0.1666444474070124,0,98030
287000.0,3.0,2.25,1490,9600,1.0,0,0,4,1170,320,1987,Duvall,5,27,0,27,5.25,0.1551921674825539,1,98019
799200.0,6.0,3.0,2890,2370,2.5,0,0,3,2290,600,1906,Seattle,5,108,1,0,9.0,1.2188949810206664,1,98102
239950.0,3.0,1.0,1900,33888,1.5,0,0,4,1900,0,1942,Auburn,5,72,1,32,4.0,0.05606538994954115,0,98001
591000.0,3.0,1.75,1680,2400,1.0,0,0,5,870,810,1922,Seattle,5,92,1,58,4.75,0.6997084548104956,1,98122
700000.0,3.0,2.5,2030,8398,2.0,0,0,4,2030,0,1975,Bellevue,5,39,0,39,5.5,0.2416954399333254,0,98008
475000.0,4.0,2.5,3740,8700,1.0,0,0,3,2260,1480,2004,Renton,5,10,1,11,6.5,0.42983565107458915,1,98058
575000.0,3.0,1.75,1580,11750,1.0,0,0,4,1180,400,1951,Seattle,5,63,1,15,4.75,0.13445664198791593,1,98118
771000.0,3.0,2.25,1780,6120,1.5,0,0,4,1390,390,1927,Seattle,5,87,0,87,5.25,0.2908021565103741,1,98122
155000.0,2.0,1.0,910,6232,1.0,0,0,3,910,0,1943,Seattle,5,71,1,12,3.0,0.1459971121450345,0,98118
550000.0,7.0,4.0,3440,8100,2.0,0,0,3,3440,0,1970,Seattle,5,44,1,0,11.0,0.4246389334650043,0,98103
645000.0,3.0,2.5,1740,13750,2.0,0,0,4,1740,0,1975,Bellevue,5,39,0,39,5.5,0.12653625190895207,0,98008
464000.0,5.0,2.5,3400,8970,1.0,0,0,4,1700,1700,1959,Shoreline,5,55,0,55,7.5,0.3789989967673615,1,98133
1050000.0,4.0,3.25,4400,16625,2.0,0,0,3,4400,0,2003,Sammamish,5,11,0,11,7.25,0.26464573559485144,0,98075
350000.0,3.0,2.5,2010,14298,2.0,0,0,3,2010,0,1977,Vashon,5,37,1,10,5.5,0.14056927057836213,0,98070
591000.0,4.0,2.25,2710,38180,2.0,0,0,4,2710,0,1977,Woodinville,5,37,0,37,6.25,0.07097771142714963,0,98077
2555000.0,4.0,2.5,5300,26211,2.0,1,2,2,4570,730,1923,Seattle,5,91,0,91,6.5,0.20219746680909506,1,98105
717000.0,3.0,1.5,1310,3880,1.0,0,0,3,1090,220,1956,Seattle,5,58,1,13,4.5,0.33754187065189384,1,98117
225000.0,4.0,1.5,1950,12559,1.5,0,0,3,1950,0,1939,SeaTac,5,75,1,45,5.5,0.1552547770700637,0,98188
225000.0,3.0,1.0,1040,6535,1.0,0,0,3,1040,0,1947,Seattle,5,67,1,2,4.0,0.1591187270501836,0,98168
345000.0,3.0,1.75,1090,7200,1.0,0,0,3,1090,0,1968,Kirkland,5,46,1,17,4.75,0.1513678655742258,0,98034
230000.0,2.0,0.75,650,5360,1.0,0,0,4,650,0,1931,Seattle,5,83,0,83,2.75,0.1212460361872785,0,98133
385000.0,3.0,2.0,1480,6600,1.0,0,2,3,740,740,1943,Seattle,5,71,1,12,5.0,0.22420845326465688,1,98146
90000.0,2.0,1.0,790,2640,1.0,0,0,3,790,0,1973,Kirkland,5,41,1,1,3.0,0.2991291177584248,0,98034
860000.0,4.0,2.5,3560,11119,1.0,0,2,3,2290,1270,1986,Bellevue,5,28,0,28,6.5,0.32014388489208634,1,98004
675000.0,4.0,2.5,3000,5548,2.0,0,0,3,3000,0,2006,Newcastle,5,8,0,8,6.5,0.5406379527842855,0,98056
975000.0,4.0,2.5,3490,7494,2.0,0,3,3,3490,0,2000,Bellevue,5,14,0,14,6.5,0.4656437625083389,0,98006
780000.0,3.0,1.75,2340,10495,1.0,0,0,4,2340,0,1967,Mercer Island,5,47,0,47,4.75,0.2229420731707317,0,98040
370000.0,3.0,1.75,1650,8254,1.0,0,0,5,1060,590,1951,Shoreline,5,63,0,63,4.75,0.19987886129618412,1,98155
665000.0,3.0,2.0,1940,5820,1.5,0,0,5,1150,790,1944,Seattle,5,70,0,70,5.0,0.3332760694038825,1,98107
675000.0,5.0,3.0,3410,9600,1.0,0,0,4,1870,1540,1968,Redmond,5,46,0,46,8.0,0.35517133631913345,1,98052
620000.0,3.0,1.0,1710,4050,1.5,0,0,3,1710,0,1909,Seattle,5,105,1,10,4.0,0.4221179955566527,0,98103
1105000.0,4.0,1.5,2740,4000,2.0,0,0,5,1930,810,1905,Seattle,5,109,0,109,5.5,0.6848287928017995,1,98109
450000.0,3.0,2.75,1250,892,2.0,0,0,3,1040,210,2010,Seattle,5,4,0,4,5.75,1.3997760358342666,1,98116
450000.0,3.0,2.25,2450,42180,1.0,0,0,4,2450,0,1978,Covington,5,36,1,14,5.25,0.058083023162087195,0,98042
530000.0,3.0,1.75,1690,8190,1.0,0,0,4,1690,0,1958,Bellevue,5,56,1,42,4.75,0.206324014161885,0,98005
635000.0,4.0,1.75,1950,13320,1.0,0,0,4,1370,580,1969,Bellevue,5,45,0,45,5.75,0.14638540650101345,1,98007
580000.0,5.0,2.0,2290,7125,1.0,0,0,3,1190,1100,1964,Bellevue,5,50,1,14,7.0,0.32135840583777714,1,98008
1550000.0,5.0,3.25,3370,17458,1.0,0,2,5,2000,1370,1982,Mercer Island,5,32,0,32,8.25,0.1930236554212727,1,98040
285000.0,3.0,1.0,1090,8640,1.0,0,0,4,1090,0,1973,Burien,5,41,0,41,4.0,0.12614280754542298,0,98166
375000.0,3.0,1.0,1190,9486,1.0,0,0,4,1190,0,1953,Normandy Park,5,61,1,31,4.0,0.12543480552334774,0,98166
1400000.0,5.0,4.25,3530,7924,2.0,0,0,3,3530,0,2001,Mercer Island,5,13,0,13,9.25,0.44542586750788643,0,98040
560000.0,3.0,1.0,1440,5000,2.0,0,0,3,1440,0,1910,Seattle,5,104,1,8,4.0,0.28794241151769645,0,98103
405000.0,4.0,1.75,2180,13529,1.0,0,0,3,1090,1090,1956,Lake Forest Park,5,58,1,13,5.75,0.16112342941611235,1,98155
413000.0,4.0,1.0,1410,6000,1.0,0,0,3,810,600,1925,Seattle,5,89,1,12,5.0,0.23496083986002333,1,98126
287600.0,3.0,2.5,1950,8251,2.0,0,0,3,1950,0,1990,Auburn,5,24,1,5,5.5,0.23630634997576344,0,98001
1680000.0,5.0,3.25,4860,23723,2.0,0,2,4,3820,1040,1989,Mercer Island,5,25,0,25,8.25,0.20485584218512898,1,98040
225000.0,3.0,1.0,1660,7210,1.0,0,0,3,1100,560,1963,Auburn,5,51,1,6,4.0,0.23020385522118986,1,98001
319000.0,3.0,1.0,1390,12823,1.0,0,0,4,1390,0,1968,Woodinville,5,46,0,46,4.0,0.10839051777916407,0,98077
322500.0,3.0,2.0,1350,14200,1.0,0,0,3,1350,0,1989,Duvall,5,25,0,25,5.0,0.09506372790648546,0,98019
570000.0,3.0,2.0,1530,5401,1.0,0,0,4,1530,0,1937,Seattle,5,77,0,77,5.0,0.28322843391336544,0,98115
465000.0,3.0,1.5,1270,5112,1.0,0,0,3,1270,0,1950,Seattle,5,64,1,9,4.5,0.24838646587130844,0,98115
435000.0,4.0,2.25,2140,6355,2.0,0,0,3,2140,0,2002,Snoqualmie,5,12,0,12,6.25,0.3366897419760856,0,98065
502000.0,4.0,2.5,2040,5616,2.0,0,0,3,2040,0,2012,Kenmore,5,2,1,102,6.5,0.3631831938757344,0,98028
525000.0,3.0,3.5,2876,5086,2.0,0,0,3,2360,516,2007,Woodinville,5,7,0,7,6.5,0.5653626892077845,1,98072
525000.0,3.0,2.5,1580,1161,2.0,0,0,3,1010,570,2008,Seattle,5,6,0,6,5.5,1.359724612736661,1,98112
660000.0,4.0,3.5,3400,5196,2.0,0,0,3,3400,0,2012,Snoqualmie,5,2,1,102,7.5,0.6542235905329998,0,98065
870000.0,4.0,2.5,3520,6773,2.5,0,0,3,2650,870,2006,Seattle,5,8,0,8,6.5,0.519633894301742,1,98136
650000.0,4.0,2.5,2210,4861,2.0,0,0,3,2210,0,2013,Seattle,5,1,1,91,6.5,0.45454545454545453,0,98117
505000.0,4.0,2.5,2790,5602,2.0,0,0,3,2790,0,2009,Renton,5,5,0,5,6.5,0.4979475281099411,0,98059
330000.0,3.0,2.5,1450,5008,1.0,0,0,3,840,610,2007,Seattle,5,7,0,7,5.5,0.2894789379117588,1,98106
385000.0,4.0,1.75,1620,4980,1.0,0,0,4,860,760,1947,Seattle,5,67,1,26,5.75,0.3252358964063441,1,98133
306000.0,3.0,1.5,1220,1086,3.0,0,0,3,1220,0,2007,Seattle,5,7,0,7,4.5,1.1223551057957681,0,98133
546000.0,3.0,1.75,2000,5000,1.0,0,0,4,1110,890,1921,Seattle,5,93,0,93,4.75,0.39992001599680066,1,98117
925000.0,4.0,2.5,2190,7350,2.5,0,0,5,2190,0,1958,Mercer Island,5,56,0,56,6.5,0.2979186505237383,0,98040
542000.0,4.0,1.75,1900,8250,1.0,0,0,4,950,950,1955,Bellevue,5,59,1,5,5.75,0.23027511816749485,1,98006
800000.0,3.0,1.0,1700,4400,1.5,0,0,4,1700,0,1906,Seattle,5,108,1,24,4.0,0.3862758463985458,0,98122
620000.0,5.0,2.5,2540,3832,2.0,0,0,5,1760,780,1929,Seattle,5,85,0,85,7.5,0.6626663188103313,1,98117
175000.0,2.0,1.0,1170,8925,1.0,0,2,3,1170,0,1911,Des Moines,5,103,1,35,3.0,0.13107775039211292,0,98198
740000.0,5.0,5.0,5774,31675,1.0,0,2,3,4490,1284,1984,Federal Way,5,30,0,30,10.0,0.18228311655512058,1,98003
345000.0,3.0,2.25,2120,15003,2.0,0,0,3,2120,0,1984,Renton,5,30,0,30,5.25,0.14129565449213544,0,98059
510000.0,3.0,1.75,2170,26460,1.0,0,0,3,1450,720,1986,Sammamish,5,28,0,28,4.75,0.08200748271040399,1,98074
530000.0,4.0,2.75,2450,15002,1.0,0,0,5,2450,0,1974,Normandy Park,5,40,0,40,6.75,0.1633006731986936,0,98166
155000.0,2.0,1.0,700,5200,1.0,0,0,5,700,0,1952,Renton,5,62,1,16,3.0,0.13458950201884254,0,98056
266000.0,3.0,2.5,1780,7214,1.0,0,0,4,1400,380,1986,Kent,5,28,0,28,5.5,0.2467082467082467,1,98030
257200.0,3.0,2.0,1850,8250,1.0,0,0,4,1150,700,1952,Auburn,5,62,0,62,5.0,0.2242152466367713,1,98002
265000.0,3.0,2.0,1570,5706,1.0,0,0,3,1570,0,1998,Auburn,5,16,1,8,5.0,0.2751007534606623,0,98092
372220.0,3.0,1.0,1290,5500,1.0,0,0,3,980,310,1951,Seattle,5,63,1,20,4.0,0.23450281766951464,1,98136
337500.0,5.0,2.0,1700,7314,1.0,0,0,3,1000,700,1956,Seattle,5,58,1,13,7.0,0.23239917976760083,1,98108
582500.0,2.0,1.5,1159,4800,1.0,0,0,3,1159,0,1948,Seattle,5,66,1,20,3.5,0.2414080399916684,0,98199
489200.0,3.0,2.75,1850,9600,1.5,0,0,5,1850,0,1965,Kirkland,5,49,0,49,5.75,0.19268826163941255,0,98034
405100.0,2.0,1.0,840,3522,1.0,0,0,3,840,0,1947,Seattle,5,67,1,2,3.0,0.23843315356230485,0,98199
372977.0,3.0,2.5,1690,1618,2.0,0,0,3,1150,540,2014,Issaquah,5,0,0,0,5.5,1.0438542310067944,1,98029
310000.0,3.0,1.0,1050,9876,1.0,0,0,3,1050,0,1953,Kenmore,5,61,0,61,4.0,0.10630758327427356,0,98028
538000.0,3.0,1.75,1400,3825,1.5,0,0,4,1100,300,1904,Seattle,5,110,0,110,4.75,0.36591740721380034,1,98117
1400000.0,3.0,2.5,2550,7200,2.0,0,2,3,2550,0,1981,Seattle,5,33,1,1,5.5,0.3541174836828218,0,98144
317000.0,3.0,2.5,1840,5011,2.0,0,0,3,1840,0,2012,Maple Valley,5,2,1,102,5.5,0.3671189146049481,0,98038
702500.0,3.0,1.5,2360,6750,2.0,0,0,5,1930,430,1926,Seattle,5,88,0,88,4.5,0.3495778403199526,1,98103
565000.0,4.0,2.5,2240,14667,2.0,0,0,4,2240,0,1989,Newcastle,5,25,0,25,6.5,0.1527133896918462,0,98059
723000.0,4.0,2.5,2700,4004,2.0,0,0,3,2700,0,2004,Issaquah,5,10,1,11,6.5,0.6741573033707865,0,98029
766950.0,3.0,2.5,3030,30007,1.5,0,0,4,3030,0,1992,Woodinville,5,22,0,22,5.5,0.10097307384697414,0,98077
682000.0,3.0,1.75,1830,5120,1.5,0,2,5,1830,0,1903,Seattle,5,111,0,111,4.75,0.35735207967193905,0,98122
325000.0,3.0,2.5,2220,6049,2.0,0,0,4,2220,0,1990,Kent,5,24,0,24,5.5,0.3669421487603306,0,98031
543000.0,3.0,2.5,2090,7640,1.0,0,0,3,1360,730,1962,Shoreline,5,52,1,0,5.5,0.2735244078000262,1,98133
525000.0,3.0,1.75,1600,6120,1.5,0,0,3,1600,0,1924,Seattle,5,90,1,3,4.75,0.26139519686325763,0,98115
364000.0,4.0,1.75,2010,8625,1.0,0,0,4,1340,670,1957,Shoreline,5,57,1,13,5.75,0.23301646185949454,1,98133
394475.0,2.0,1.0,830,4000,1.0,0,0,3,830,0,1955,Seattle,5,59,1,9,3.0,0.20744813796550862,0,98117
316000.0,4.0,2.5,2010,7226,2.0,0,0,3,2010,0,1995,Auburn,5,19,0,19,6.5,0.27812370278123705,0,98092
339950.0,3.0,1.0,1050,5402,1.5,0,0,4,1050,0,1906,Seattle,5,108,1,24,4.0,0.1943364797334814,0,98144
486000.0,4.0,2.5,2150,39449,1.0,0,0,3,1420,730,1978,Fall City,5,36,0,36,6.5,0.05449936628643853,1,98024
160000.0,3.0,1.0,860,11900,1.0,0,0,4,860,0,1963,Kent,5,51,0,51,4.0,0.07226283505587766,0,98030
930000.0,3.0,2.5,3100,20553,1.0,0,0,3,3100,0,1954,Shoreline,5,60,1,9,5.5,0.150822224384548,0,98177
139000.0,3.0,1.0,1100,17334,1.0,0,0,3,1100,0,1978,Auburn,5,36,0,36,4.0,0.06345543697721373,0,98001
562000.0,3.0,1.5,1830,8000,1.0,0,0,4,1830,0,1957,Bellevue,5,57,1,13,4.5,0.22872140982377204,0,98008
299000.0,2.0,1.75,1250,34395,1.0,0,0,4,1250,0,1950,Federal Way,5,64,1,31,3.75,0.036341435050587276,0,98003
511000.0,3.0,2.5,1820,4883,2.0,0,0,3,1820,0,2005,Kenmore,5,9,0,9,5.5,0.3726453726453726,0,98028
499000.0,3.0,2.0,2090,42689,1.5,0,0,3,2090,0,1959,Ravensdale,5,55,1,16,5.0,0.04895760131178262,0,98051
356000.0,3.0,3.5,2100,12384,2.0,0,0,3,2100,0,1980,Tukwila,5,34,0,34,6.5,0.16955995155429957,0,98168
470000.0,4.0,2.5,2310,14023,2.0,0,0,3,2310,0,1991,Duvall,5,23,0,23,6.5,0.16471762692527098,0,98019
715000.0,4.0,2.25,2060,5649,1.0,0,0,5,1360,700,1941,Seattle,5,73,0,73,6.25,0.36460176991150445,1,98199
1120000.0,4.0,2.25,4470,60373,2.0,0,0,3,4470,0,1988,Woodinville,5,26,1,14,6.25,0.07403849339119488,0,98072
458000.0,3.0,1.0,1660,7500,1.0,0,0,4,1060,600,1940,Seattle,5,74,1,13,4.0,0.22130382615651248,1,98125
966000.0,5.0,4.5,3810,8019,2.0,0,0,3,3810,0,2008,Sammamish,5,6,0,6,9.5,0.47506234413965087,0,98075
305495.0,3.0,1.75,2110,10200,2.0,0,0,4,2110,0,1966,Renton,5,48,0,48,4.75,0.20684246642486032,0,98059
543000.0,2.0,2.0,2370,217800,1.5,0,0,3,1600,770,1992,Issaquah,5,22,0,22,4.0,0.010881492738784486,1,98027
340000.0,3.0,2.25,1970,3716,2.0,0,0,3,1970,0,1997,Renton,5,17,0,17,5.25,0.5299973096583266,0,98056
633100.0,4.0,2.5,2470,33305,2.0,0,0,3,2470,0,1993,Redmond,5,21,0,21,6.5,0.0741608118657299,0,98053
310000.0,3.0,1.0,1480,7830,1.0,0,0,3,1480,0,1952,Shoreline,5,62,1,6,4.0,0.18899246584088877,0,98133
349950.0,5.0,3.0,2257,10117,1.0,0,0,3,1363,894,2005,SeaTac,5,9,0,9,8.0,0.2230677999604665,1,98188
267800.0,2.0,1.0,700,6000,1.0,0,0,4,700,0,1949,Shoreline,5,65,1,29,3.0,0.11664722546242293,0,98155
234000.0,4.0,2.0,1630,9010,1.0,0,0,4,1050,580,1975,Auburn,5,39,0,39,6.0,0.18089002330484963,1,98092
740000.0,4.0,2.5,3430,10157,2.0,0,0,3,3430,0,2000,Kirkland,5,14,0,14,6.5,0.337664894664304,0,98034
607500.0,5.0,1.75,2220,6000,1.5,0,0,3,1420,800,1923,Seattle,5,91,1,16,6.75,0.3699383436093984,1,98199
223000.0,3.0,1.75,1340,7473,1.0,0,0,4,1340,0,1973,Auburn,5,41,0,41,4.75,0.1792881990901793,0,98002
400000.0,2.0,1.0,980,2130,1.0,0,0,4,860,120,1918,Seattle,5,96,1,40,3.0,0.45987799155326137,1,98117
802000.0,3.0,2.5,2580,13096,2.0,0,0,3,2580,0,1986,Redmond,5,28,0,28,5.5,0.19699167748339313,0,98052
253000.0,4.0,2.5,2230,4541,2.0,0,0,3,2230,0,2006,Covington,5,8,0,8,6.5,0.4909731395860854,0,98042
1058000.0,4.0,2.0,2290,11137,1.0,0,0,4,2290,0,1955,Bellevue,5,59,1,5,6.0,0.20560244209014186,0,98004
300000.0,3.0,1.0,1260,8280,1.0,0,0,3,1260,0,1946,Seattle,5,68,0,68,4.0,0.1521555367709214,0,98115
625000.0,4.0,2.75,1680,11180,1.0,0,0,4,1680,0,1966,Redmond,5,48,0,48,6.75,0.15025489669975853,0,98052
707000.0,4.0,3.25,3200,7081,2.0,0,0,3,3200,0,2004,Sammamish,5,10,1,11,7.25,0.451849759954815,0,98075
950000.0,4.0,2.5,3320,7644,2.0,0,0,3,3320,0,1995,Bellevue,5,19,0,19,6.5,0.434270765206017,0,98006
420000.0,4.0,2.5,3040,24123,2.0,0,0,3,3040,0,1999,Auburn,5,15,0,15,6.5,0.12601558613828553,0,98092
498000.0,4.0,2.75,2270,7375,1.0,0,0,4,1290,980,1973,Kirkland,5,41,0,41,6.75,0.30775488069414314,1,98034
450000.0,3.0,2.5,2910,17172,2.0,0,0,3,2910,0,1989,Federal Way,5,25,0,25,5.5,0.16945204681767892,0,98003
955000.0,5.0,2.25,2510,9887,2.0,0,0,3,2510,0,1972,Mercer Island,5,42,1,12,7.25,0.2538430420711974,0,98040
215000.0,2.0,1.0,1240,7200,1.0,0,0,3,1240,0,1967,Tukwila,5,47,1,3,3.0,0.17219830579086237,0,98168
437000.0,3.0,2.75,2580,5200,2.0,0,0,3,2580,0,2008,Renton,5,6,0,6,5.75,0.4960584502980196,0,98059
773000.0,3.0,2.75,2470,3600,2.0,0,0,3,2470,0,2007,Issaquah,5,7,0,7,5.75,0.6859205776173285,0,98029
1222500.0,4.0,3.5,4910,9444,1.5,0,0,3,3110,1800,2007,Sammamish,5,7,0,7,7.5,0.5198517734250926,1,98074
256883.0,3.0,2.5,1690,5025,2.0,0,0,3,1690,0,2003,Federal Way,5,11,0,11,5.5,0.33625149224035017,0,98023
592500.0,4.0,2.5,2240,12032,1.0,0,0,3,2240,0,1983,Sammamish,5,31,1,5,6.5,0.18615474112856312,0,98074
252350.0,3.0,2.0,1650,7352,1.0,0,0,3,1160,490,1979,Renton,5,35,1,0,5.0,0.22439820481436148,1,98058
370000.0,4.0,2.5,2710,5880,2.0,0,0,3,2710,0,1998,Auburn,5,16,1,8,6.5,0.46080598537663664,0,98092
465750.0,3.0,1.5,1260,10350,1.0,0,0,3,1260,0,1959,Bellevue,5,55,1,25,4.5,0.121727369336296,0,98008
185000.0,3.0,1.0,1150,8100,1.0,0,0,3,1150,0,1932,Seattle,5,82,0,82,4.0,0.14195778298975434,0,98168
582800.0,4.0,2.75,2550,7636,1.0,0,0,3,1440,1110,1986,Sammamish,5,28,0,28,6.75,0.33390074636637423,1,98074
245000.0,3.0,1.75,1490,6930,1.0,0,0,4,1490,0,1990,Kent,5,24,0,24,4.75,0.21497619391141248,0,98030
302000.0,4.0,1.75,2020,7865,1.0,0,0,4,1010,1010,1963,Renton,5,51,0,51,5.75,0.2568014238494788,1,98059
451555.0,2.0,1.0,1320,4520,1.0,0,1,3,1320,0,1912,Seattle,5,102,1,43,3.0,0.291970802919708,0,98116
250000.0,3.0,1.0,1230,10350,1.0,0,0,4,1230,0,1957,Renton,5,57,1,13,4.0,0.11882909863781277,0,98055
255000.0,4.0,2.5,2070,7800,2.0,0,0,3,2070,0,1989,Federal Way,5,25,0,25,6.5,0.26535059607742595,0,98003
840000.0,4.0,1.75,2930,11562,1.0,0,3,3,1670,1260,1947,Seattle,5,67,1,2,5.75,0.25339444780766235,1,98117
190000.0,3.0,1.0,1090,8520,1.0,0,0,3,1090,0,1967,Federal Way,5,47,1,3,4.0,0.12791925830301606,0,98003
349950.0,3.0,1.0,1400,7066,1.0,0,0,3,1400,0,1957,Seattle,5,57,1,14,4.0,0.19810386302532898,0,98125
613000.0,4.0,2.0,1550,4815,1.5,0,0,3,1550,0,1909,Seattle,5,105,1,10,6.0,0.321843853820598,0,98103
300000.0,3.0,1.0,1220,13000,1.0,0,0,4,1220,0,1955,Shoreline,5,59,1,5,4.0,0.09383893546650257,0,98133
455000.0,3.0,2.5,1870,7344,1.0,0,0,3,1470,400,1980,Kirkland,5,34,0,34,5.5,0.2545949625595643,1,98034
335000.0,3.0,2.25,2150,30476,2.0,0,0,3,2150,0,1991,Tukwila,5,23,0,23,5.25,0.07054500114840699,0,98188
197500.0,3.0,1.0,980,3090,1.5,0,0,3,980,0,1903,Seattle,5,111,1,9,4.0,0.3170494985441605,0,98118
412500.0,3.0,1.5,1490,8475,1.0,0,0,4,1490,0,1963,Redmond,5,51,0,51,4.5,0.17579046720151015,0,98052
395300.0,3.0,1.5,1120,7000,1.0,0,0,3,1120,0,1955,Bellevue,5,59,1,9,4.5,0.15997714612198258,0,98007
342400.0,3.0,2.25,1180,9630,2.0,0,0,3,1180,0,1986,Kenmore,5,28,0,28,5.25,0.12252102585401309,0,98028
749400.0,4.0,2.5,3240,20301,2.0,0,0,3,3240,0,1985,Redmond,5,29,0,29,6.5,0.15959018815880208,0,98052
316500.0,4.0,2.5,2150,6807,2.0,0,0,4,2150,0,1991,Kent,5,23,0,23,6.5,0.31580493537015275,0,98031
390000.0,3.0,2.5,2240,10800,2.0,0,0,3,2240,0,1996,Kenmore,5,18,0,18,5.5,0.20738820479585224,0,98028
225000.0,3.0,2.0,1400,7384,1.0,0,0,3,1150,250,1979,Renton,5,35,1,0,5.0,0.1895734597156398,1,98058
550000.0,3.0,2.25,1980,40887,1.0,0,0,4,1980,0,1980,Redmond,5,34,0,34,5.25,0.04842496576012522,0,98053
280000.0,3.0,1.0,1330,20562,1.5,0,0,3,1330,0,1959,North Bend,5,55,1,25,4.0,0.0646792783154209,0,98045
1255000.0,4.0,2.5,3200,7535,2.0,0,0,3,3200,0,2006,Seattle,5,8,0,8,6.5,0.42462845010615713,0,98105
575000.0,2.0,1.0,1490,6000,1.0,0,0,3,1090,400,1946,Seattle,5,68,0,68,3.0,0.24829195134144308,1,98112
1000000.0,5.0,4.25,3920,16258,2.0,0,0,3,2900,1020,1990,Bellevue,5,24,1,5,9.25,0.24109723845254935,1,98004
585000.0,5.0,1.75,2000,3750,2.0,0,0,4,2000,0,1921,Seattle,5,93,0,93,6.75,0.5331911490269261,0,98103
620000.0,4.0,2.5,2680,9185,2.0,0,0,3,2680,0,1989,Issaquah,5,25,0,25,6.5,0.2917483126496843,0,98029
204700.0,4.0,2.0,1670,9987,1.0,0,0,3,1670,0,1967,Auburn,5,47,1,3,6.0,0.16720064076892271,0,98001
695000.0,4.0,3.0,3150,9130,2.0,0,0,3,3150,0,2001,Sammamish,5,13,0,13,7.0,0.34497864417916985,0,98075
689900.0,4.0,3.25,2740,7266,2.0,0,0,3,2060,680,2003,Issaquah,5,11,0,11,7.25,0.37704692445300675,1,98027
375000.0,4.0,1.75,1890,8000,1.0,0,0,4,1250,640,1960,Shoreline,5,54,1,13,5.75,0.23622047244094488,1,98133
475000.0,7.0,3.5,2870,29699,1.0,0,0,3,1520,1350,1961,Seattle,5,53,1,10,10.5,0.09663299663299663,1,98125
215000.0,3.0,1.0,1160,10384,1.0,0,0,4,1160,0,1969,Maple Valley,5,45,0,45,4.0,0.11169956668271545,0,98038
2100000.0,4.0,1.75,3550,19865,2.0,0,0,3,3550,0,1962,Medina,5,52,1,12,5.75,0.17869727172052755,0,98039
790000.0,3.0,1.75,1790,6117,1.0,0,2,3,1350,440,1940,Seattle,5,74,1,18,4.75,0.29257927427263813,1,98199
350000.0,3.0,1.75,1680,250470,1.0,0,0,4,1070,610,1940,Duvall,5,74,1,13,4.75,0.006707363327491007,1,98019
695000.0,3.0,2.5,4560,17622,2.0,0,0,4,3800,760,1986,Sammamish,5,28,0,28,5.5,0.25875276627134997,1,98074
263000.0,3.0,2.25,1590,7748,2.0,0,0,4,1590,0,1991,Federal Way,5,23,0,23,5.25,0.20518776616337592,0,98003
400000.0,3.0,1.0,1630,10304,1.0,0,0,5,1630,0,1953,Shoreline,5,61,0,61,4.0,0.15817564289180008,0,98155
525000.0,3.0,2.5,2700,7434,2.0,0,0,3,2700,0,1991,Woodinville,5,23,0,23,5.5,0.36314727639542704,0,98072
349950.0,3.0,2.5,1700,7496,2.0,0,0,3,1700,0,1994,Renton,5,20,0,20,5.5,0.22675736961451248,0,98055
1085000.0,4.0,3.25,3740,12080,1.0,0,0,3,2000,1740,1988,Woodinville,5,26,1,14,7.25,0.3095770217697211,1,98077
744000.0,4.0,3.0,1980,5352,2.5,0,0,3,1980,0,1941,Seattle,5,73,1,9,7.0,0.36988604520829443,0,98136
312500.0,2.0,1.0,880,6345,1.0,0,0,3,880,0,1919,Seattle,5,95,1,13,3.0,0.138670028364324,0,98106
240000.0,3.0,2.0,1400,6200,1.0,0,0,3,700,700,1948,Shoreline,5,66,1,20,5.0,0.2257700370907918,1,98133
495000.0,4.0,2.0,2050,4000,1.5,0,0,5,1210,840,1941,Seattle,5,73,0,73,6.0,0.5123719070232442,1,98144
580050.0,3.0,2.5,2360,4638,2.0,0,3,3,2360,0,1996,Seattle,5,18,0,18,5.5,0.5087303298124596,0,98115
640000.0,4.0,2.0,2560,7798,1.0,0,0,4,1890,670,1947,Seattle,5,67,1,26,6.0,0.32824721118092065,1,98115
417000.0,3.0,1.5,1340,10224,1.0,0,0,4,1340,0,1956,Bellevue,5,58,0,58,4.5,0.1310513447432763,0,98006
174950.0,3.0,1.0,1060,5200,1.0,0,0,5,1060,0,1970,Covington,5,44,0,44,4.0,0.20380696019996156,0,98042
295000.0,3.0,1.5,850,2500,1.0,0,0,3,850,0,1986,Seattle,5,28,0,28,4.5,0.3398640543782487,0,98106
423000.0,4.0,1.75,1880,7303,1.0,0,0,3,1010,870,1976,Kirkland,5,38,0,38,5.75,0.2573932092004381,1,98034
839000.0,3.0,1.0,1230,12305,1.0,0,0,3,1230,0,1955,Bellevue,5,59,1,24,4.0,0.09995124329595319,0,98004
343000.0,4.0,1.75,2290,10290,1.0,0,0,3,1340,950,1960,Seattle,5,54,1,2,5.75,0.22252453600233213,1,98146
467000.0,3.0,1.0,1660,6582,1.0,0,0,5,1000,660,1946,Seattle,5,68,0,68,4.0,0.2521646665653957,1,98133
512500.0,3.0,2.5,1840,2875,2.0,0,0,4,1840,0,1997,Seattle,5,17,0,17,5.5,0.6397774687065368,0,98116
575000.0,4.0,2.5,3020,17810,1.0,0,0,3,1600,1420,1979,Lake Forest Park,5,35,1,0,6.5,0.16955813822918422,1,98155
465000.0,3.0,1.75,1410,6886,1.0,0,0,3,1410,0,1924,Seattle,5,90,1,1,4.75,0.2047335559750254,0,98133
270000.0,3.0,1.0,1010,9514,1.0,0,0,3,1010,0,1969,Renton,5,45,1,4,4.0,0.10614818707304256,0,98059
340000.0,3.0,1.75,1960,8136,1.0,0,0,3,980,980,1948,Seattle,5,66,1,20,4.75,0.240875015361927,1,98106
765000.0,5.0,3.75,3580,14275,2.0,0,0,3,3190,390,1999,Issaquah,5,15,0,15,8.75,0.2507705239562903,1,98027
497000.0,4.0,2.5,2240,7200,2.0,0,0,3,2240,0,1995,Seattle,5,19,0,19,6.5,0.31106790723510624,0,98118
803100.0,4.0,2.5,3310,5404,2.0,0,0,3,3310,0,2004,Redmond,5,10,1,11,6.5,0.6123959296947271,0,98052
344000.0,3.0,2.5,1232,1130,3.0,0,0,3,1232,0,2007,Seattle,5,7,0,7,5.5,1.0893015030946065,0,98125
828950.0,4.0,3.5,3930,5680,2.0,0,1,3,2820,1110,2013,Issaquah,5,1,1,91,7.5,0.6917796162647422,1,98027
386380.0,3.0,2.5,1720,3600,2.0,0,0,3,1720,0,2010,Redmond,5,4,0,4,5.5,0.4776450985837267,0,98053
312000.0,3.0,2.25,1490,974,2.0,0,0,3,1220,270,2009,Seattle,5,5,0,5,5.25,1.528205128205128,1,98106
720000.0,3.0,2.5,3150,151588,2.0,0,0,3,3150,0,2007,Fall City,5,7,0,7,5.5,0.020779871890440598,0,98024
914500.0,4.0,2.5,3950,10856,3.0,0,0,3,3950,0,2013,Sammamish,5,1,1,91,6.5,0.36382057658653405,0,98075
819995.0,5.0,2.75,3030,10335,2.0,0,0,3,3030,0,2013,Newcastle,5,1,1,91,7.75,0.2931501547987616,0,98056
252700.0,2.0,1.5,1070,9643,1.0,0,0,3,1070,0,1985,Kent,5,29,0,29,3.5,0.11094981335545417,0,98030
437500.0,3.0,2.5,2320,36847,2.0,0,2,3,2320,0,1992,North Bend,5,22,0,22,5.5,0.06296135475466783,0,98045
350000.0,1.0,1.0,700,5100,1.0,0,0,3,700,0,1942,Seattle,5,72,1,15,2.0,0.13722799451088022,0,98115
619000.0,3.0,2.5,2720,6439,2.0,0,0,3,2720,0,2005,Snoqualmie,5,9,0,9,5.5,0.422360248447205,0,98065
408200.0,3.0,2.5,1800,5761,2.0,0,0,4,1800,0,1990,Seattle,5,24,0,24,5.5,0.3123915307185005,0,98106
451000.0,3.0,1.75,1560,4049,1.5,0,2,3,1000,560,1926,Seattle,5,88,1,11,4.75,0.3851851851851852,1,98126
317000.0,3.0,2.0,1760,11410,1.0,0,0,5,1060,700,1977,Renton,5,37,0,37,5.0,0.15423713960213828,1,98058
799000.0,4.0,3.25,3120,5000,2.0,0,0,3,2370,750,2005,Seattle,5,9,0,9,7.25,0.623875224955009,1,98115
720000.0,2.0,1.0,2020,7200,1.0,0,3,4,1700,320,1947,Seattle,5,67,1,26,3.0,0.2805165949173726,1,98146
490000.0,3.0,2.0,1450,2400,1.5,0,0,3,1450,0,1900,Seattle,5,114,1,11,5.0,0.6039150354019158,0,98107
239900.0,4.0,2.25,1860,7000,1.0,0,0,3,1120,740,1979,Federal Way,5,35,1,0,6.25,0.2656763319525782,1,98023
446000.0,4.0,2.25,2270,7800,1.0,0,0,3,1290,980,1977,Kirkland,5,37,1,10,6.25,0.2909883348288681,1,98034
275000.0,3.0,2.5,1480,15639,2.0,0,0,3,1480,0,1987,North Bend,5,27,1,14,5.5,0.09462915601023018,0,98045
239950.0,5.0,1.0,1460,6032,2.0,0,0,4,1460,0,1941,Tukwila,5,73,1,16,6.0,0.24200232057019724,0,98168
248000.0,4.0,3.5,1850,6519,2.0,0,0,3,1130,720,1986,Federal Way,5,28,0,28,7.5,0.2837423312883436,1,98023
619500.0,3.0,2.5,2170,5000,2.0,0,0,3,2170,0,2003,Issaquah,5,11,0,11,5.5,0.4339132173565287,0,98029
363750.0,3.0,1.75,1726,197326,2.0,0,0,4,1726,0,1982,Vashon,5,32,1,3,4.75,0.0087469023499065,0,98070
385000.0,3.0,1.75,1180,10541,1.0,0,0,4,940,240,1981,Sammamish,5,33,0,33,4.75,0.11193321950294062,1,98074
370000.0,4.0,1.5,1370,9957,1.0,0,0,3,900,470,1972,Kirkland,5,42,1,12,5.5,0.13757782687286604,1,98034
425000.0,3.0,2.5,2670,13218,1.0,0,0,4,2670,0,1988,Kent,5,26,0,26,5.5,0.20198199561237612,0,98042
342000.0,3.0,1.0,1260,6826,1.0,0,0,3,720,540,1944,Seattle,5,70,0,70,4.0,0.18456130071773838,1,98125
345000.0,4.0,1.0,1980,7991,1.5,0,0,3,1980,0,1962,Renton,5,52,1,11,5.0,0.24774774774774774,0,98058
724800.0,3.0,2.0,2050,3933,1.0,0,0,3,1180,870,1926,Seattle,5,88,1,13,5.0,0.5210981189628876,1,98112
725000.0,5.0,2.75,2830,5310,2.0,0,0,3,2830,0,2006,Redmond,5,8,0,8,7.75,0.532856335906609,0,98052
605000.0,2.0,1.0,910,3600,1.0,0,0,4,910,0,1909,Seattle,5,105,1,25,3.0,0.2527075812274368,0,98119
350000.0,4.0,2.5,2440,4000,2.0,0,0,3,2440,0,2009,Maple Valley,5,5,0,5,6.5,0.6098475381154711,0,98038
785000.0,3.0,2.0,2180,5440,1.0,0,0,5,1100,1080,1904,Seattle,5,110,0,110,5.0,0.4006616430803161,1,98103
250000.0,3.0,2.0,1900,6660,1.0,0,0,5,950,950,1966,Maple Valley,5,48,0,48,5.0,0.2852424560876745,1,98038
565000.0,3.0,2.25,1520,1221,3.0,0,0,3,1520,0,2013,Seattle,5,1,1,91,5.25,1.2438625204582652,0,98107
875000.0,3.0,2.0,2220,6641,1.0,0,2,4,1220,1000,1947,Seattle,5,67,1,26,5.0,0.33423667570009036,1,98199
862500.0,4.0,2.75,3280,24440,2.0,0,0,3,3280,0,1996,Woodinville,5,18,0,18,6.75,0.13420072828444007,0,98077
400000.0,3.0,2.5,2740,83199,2.0,0,4,3,2740,0,1973,Kent,5,41,1,1,5.5,0.03293269230769231,0,98032
282613.0,2.0,1.0,830,6017,1.0,0,0,4,830,0,1954,Shoreline,5,60,1,35,3.0,0.13791957460950482,0,98133
174500.0,2.0,1.0,1010,5200,1.0,0,0,3,1010,0,1955,Des Moines,5,59,1,9,3.0,0.1941934243414728,0,98198
306500.0,3.0,2.25,2060,38377,1.0,0,0,4,1560,500,1978,Federal Way,5,36,1,14,5.25,0.053676585543801135,1,98003
445000.0,3.0,2.25,1990,7340,2.0,0,0,3,1990,0,1984,Woodinville,5,30,0,30,5.25,0.27108023430050404,0,98072
433000.0,4.0,2.5,2280,7568,2.0,0,0,4,2280,0,2001,Renton,5,13,0,13,6.5,0.30122869599682917,0,98056
306000.0,3.0,2.5,1870,5874,2.0,0,0,3,1870,0,2005,Kent,5,9,0,9,5.5,0.31829787234042556,0,98042
620000.0,3.0,2.25,1720,4000,1.5,0,0,4,1450,270,1921,Seattle,5,93,0,93,5.25,0.42989252686828294,1,98105
245000.0,2.0,1.0,870,6150,1.0,0,0,3,870,0,1941,Seattle,5,73,1,20,3.0,0.14144041619248904,0,98106
238000.0,3.0,2.0,1020,1204,2.0,0,0,3,720,300,2004,Seattle,5,10,1,11,5.0,0.8464730290456431,1,98126
523000.0,3.0,1.5,1260,3135,1.5,0,0,3,1260,0,1931,Seattle,5,83,0,83,4.5,0.4017857142857143,0,98116
522500.0,3.0,2.5,2370,7875,2.0,0,0,3,2370,0,2003,Snoqualmie,5,11,0,11,5.5,0.30091416962925344,0,98065
180000.0,3.0,1.0,1000,18513,1.0,0,0,3,1000,0,1940,Seattle,5,74,1,18,4.0,0.05401317921572864,0,98146
375000.0,3.0,1.5,1100,1751,2.0,0,0,3,940,160,2007,Seattle,5,7,0,7,4.5,0.6278538812785388,1,98144
249000.0,3.0,2.25,1440,7673,1.0,0,0,3,940,500,1982,Kent,5,32,0,32,5.25,0.18764659890539484,1,98031
730100.0,4.0,2.5,3120,14300,2.0,0,0,3,3120,0,2003,Issaquah,5,11,0,11,6.5,0.21816656177889657,0,98027
551000.0,2.0,2.0,2260,9604,1.0,0,0,3,2260,0,1990,Bothell,5,24,1,5,4.0,0.23529411764705882,0,98011
375000.0,4.0,2.5,2790,7956,2.0,0,0,3,2790,0,2005,Des Moines,5,9,0,9,6.5,0.35063466130451176,0,98198
540000.0,1.0,1.0,1140,6700,1.5,0,0,3,1140,0,1920,Seattle,5,94,1,35,2.0,0.1701238621101328,0,98103
605000.0,3.0,2.25,1290,2500,2.0,0,0,4,1290,0,1987,Seattle,5,27,0,27,5.25,0.5157936825269892,0,98112
205000.0,5.0,1.75,1730,5200,1.0,0,0,4,1050,680,1978,Covington,5,36,1,14,6.75,0.33262834070371083,1,98042
645000.0,4.0,2.5,3160,11380,2.0,0,0,3,3160,0,1983,Sammamish,5,31,1,5,6.5,0.277655742026184,0,98074
314000.0,4.0,2.5,2340,8990,2.0,0,0,3,2340,0,2003,Maple Valley,5,11,0,11,6.5,0.2602602602602603,0,98038
330000.0,3.0,1.5,1170,4950,1.0,0,0,4,1170,0,1960,Bellevue,5,54,1,13,4.5,0.23631589577863057,0,98007
490000.0,2.0,1.0,1160,5000,1.0,0,0,4,1160,0,1937,Seattle,5,77,0,77,3.0,0.23195360927814437,0,98117
445000.0,3.0,3.0,1970,24318,1.0,0,0,3,1970,0,2010,Kenmore,5,4,0,4,6.0,0.08100662033800732,0,98028
2000000.0,5.0,4.25,6490,10862,2.0,0,3,4,3940,2550,1991,Mercer Island,5,23,0,23,9.25,0.5974408542759827,1,98040
377500.0,3.0,2.25,1410,1377,2.0,0,0,3,1290,120,2005,Issaquah,5,9,0,9,5.25,1.02322206095791,1,98027
480000.0,4.0,2.5,2430,5000,2.0,0,0,3,2430,0,2009,Snoqualmie,5,5,0,5,6.5,0.4859028194361128,0,98065
804995.0,5.0,1.5,3360,5402,2.0,0,0,3,3360,0,2014,Sammamish,5,0,0,0,6.5,0.6218767351471405,0,98074
341000.0,3.0,2.5,1480,1663,2.0,0,0,3,1180,300,2012,Seattle,5,2,1,102,5.5,0.8894230769230769,1,98126
675000.0,5.0,2.5,3200,6455,2.0,0,0,3,3200,0,2009,Snoqualmie,5,5,0,5,7.5,0.49566294919454773,0,98065
611000.0,3.0,2.5,2134,1984,2.5,0,0,3,2134,0,2008,Issaquah,5,6,0,6,5.5,1.0750629722921914,0,98029
379950.0,3.0,3.25,1860,1787,3.0,0,0,3,1860,0,2007,Shoreline,5,7,0,7,6.25,1.0402684563758389,0,98155
1270000.0,4.0,3.0,5520,8313,2.0,0,3,3,3570,1950,2008,Bellevue,5,6,0,6,7.0,0.6639403415924946,1,98006
500000.0,2.0,2.5,1310,1500,2.0,0,0,3,1160,150,2006,Seattle,5,8,0,8,4.5,0.8727514990006662,1,98122
410000.0,3.0,2.0,1700,4250,1.0,0,0,3,890,810,1944,Seattle,5,70,0,70,5.0,0.39990590449306046,1,98199
415000.0,3.0,2.5,2480,8342,2.0,0,0,3,2480,0,1986,Renton,5,28,0,28,5.5,0.2972551839865756,0,98058
297000.0,5.0,2.5,1970,8605,2.0,0,0,4,1970,0,1994,Enumclaw,5,20,0,20,7.5,0.22891006274692074,0,98022
575550.0,4.0,2.5,2060,7475,1.0,0,0,3,1440,620,1985,Redmond,5,29,0,29,6.5,0.27554842161583737,1,98052
534640.0,3.0,2.5,2130,3500,1.0,0,0,4,1210,920,1994,Woodinville,5,20,0,20,5.5,0.6083976006855184,1,98072
352500.0,3.0,2.25,1410,14110,1.0,0,2,3,1170,240,1987,Snoqualmie,5,27,1,14,5.25,0.09992204663028843,1,98065
488000.0,2.0,2.0,1360,4688,1.0,0,0,3,780,580,1944,Seattle,5,70,0,70,4.0,0.29004052036681593,1,98115
732000.0,3.0,2.0,1940,55756,1.0,0,0,5,1940,0,1954,Bellevue,5,60,0,60,5.0,0.03479383754506161,0,98007
215000.0,2.0,2.25,1610,2040,2.0,0,0,4,1610,0,1979,Renton,5,35,0,35,4.25,0.788829005389515,0,98056
592500.0,2.0,2.0,1420,9191,1.5,0,2,5,1420,0,1928,Seattle,5,86,1,44,4.0,0.1544821583986075,0,98115
290000.0,4.0,2.5,1700,7280,2.0,0,0,4,1700,0,1988,Kent,5,26,0,26,6.5,0.2334844114819393,0,98031
475000.0,2.0,1.0,1490,3825,1.0,0,0,3,860,630,1929,Seattle,5,85,0,85,3.0,0.389440669106116,1,98117
320000.0,3.0,2.5,2680,7757,2.0,0,0,3,2680,0,1990,Federal Way,5,24,1,5,5.5,0.3454498582108791,0,98023
1216000.0,4.0,2.5,3190,8684,1.0,0,3,5,1680,1510,1967,Bellevue,5,47,0,47,6.5,0.3672999424294761,1,98006
290000.0,5.0,1.5,2120,7700,1.5,0,0,5,2120,0,1962,Renton,5,52,0,52,6.5,0.2752889235164264,0,98058
487250.0,4.0,2.0,1690,3250,1.5,0,0,3,1550,140,1901,Seattle,5,113,0,113,6.0,0.519840049215626,1,98103
339000.0,4.0,2.5,1830,8601,2.0,0,0,3,1830,0,2003,Maple Valley,5,11,0,11,6.5,0.212741222971402,0,98038
440000.0,2.0,1.5,1010,1968,1.5,0,0,5,1010,0,1906,Seattle,5,108,0,108,3.5,0.5129507364144236,0,98107
366500.0,4.0,2.75,2070,9300,1.0,0,0,5,1120,950,1945,Shoreline,5,69,0,69,6.75,0.22255671433179228,1,98155
462000.0,3.0,1.5,1710,4500,1.5,0,0,3,1410,300,1928,Seattle,5,86,1,60,4.5,0.3799155743168185,1,98118
560000.0,4.0,1.0,1660,4690,1.5,0,0,3,1260,400,1945,Seattle,5,69,1,4,5.0,0.3538691110637391,1,98117
285000.0,4.0,1.75,2080,13629,1.0,0,0,4,1040,1040,1955,Seattle,5,59,1,5,5.75,0.15260454878943508,1,98178
280000.0,3.0,2.5,1270,9675,2.0,0,0,3,1270,0,1993,North Bend,5,21,0,21,5.5,0.1312525837122778,0,98045
210000.0,3.0,1.0,1080,21043,1.0,0,0,3,1080,0,1942,Seattle,5,72,1,15,4.0,0.0513210416270671,0,98106
690000.0,3.0,2.0,1610,5100,1.5,0,0,5,1610,0,1940,Seattle,5,74,0,74,5.0,0.3156243873750245,0,98115
256500.0,2.0,1.0,1120,9912,1.0,0,0,4,1120,0,1980,Vashon,5,34,0,34,3.0,0.11298295167961263,0,98070
411000.0,4.0,2.75,2500,5257,2.0,0,0,3,2500,0,1966,Seattle,5,48,1,51,6.75,0.47546595663750474,0,98118
215000.0,3.0,1.0,970,7275,1.0,0,0,4,970,0,1970,Kent,5,44,0,44,4.0,0.13331500824628917,0,98031
762000.0,5.0,2.0,3370,5000,1.5,0,0,4,2140,1230,1907,Seattle,5,107,0,107,7.0,0.673865226954609,1,98109
359950.0,3.0,1.0,1290,189486,1.0,0,0,4,1290,0,1960,Auburn,5,54,1,13,4.0,0.00680785489242006,0,98092
480000.0,4.0,3.5,3370,435600,2.0,0,3,3,3370,0,2005,North Bend,5,9,0,9,7.5,0.0077364377033110575,0,98045
1405000.0,4.0,3.5,3410,10769,2.0,0,0,3,3410,0,2008,Bellevue,5,6,0,6,7.5,0.3166202414113278,0,98004
390000.0,4.0,2.5,2490,8290,2.0,0,0,3,2490,0,1999,Auburn,5,15,0,15,6.5,0.30032565432396574,0,98092
413500.0,2.0,1.0,770,4000,1.0,0,0,5,770,0,1924,Seattle,5,90,1,58,3.0,0.19245188702824295,0,98117
285000.0,1.0,1.5,810,3211,2.0,0,0,4,810,0,1982,Kirkland,5,32,1,3,2.5,0.2521793275217933,0,98033
475000.0,4.0,2.5,3060,10043,1.0,0,0,4,1700,1360,1968,Shoreline,5,46,0,46,6.5,0.3046594982078853,1,98133
386591.0,3.0,2.5,1690,1613,2.0,0,0,3,1150,540,2014,Issaquah,5,0,0,0,5.5,1.047087980173482,1,98029
524950.0,3.0,1.75,1890,3825,1.0,0,0,3,1290,600,1974,Seattle,5,40,0,40,4.75,0.4939884997386304,1,98117
241000.0,2.0,2.0,1470,3128,2.0,0,0,3,1470,0,2005,Maple Valley,5,9,0,9,4.0,0.4697986577181208,0,98038
461000.0,2.0,1.0,1060,7193,1.0,0,0,3,1060,0,1926,Seattle,5,88,1,11,3.0,0.14734500973033082,0,98133
810000.0,4.0,2.5,3480,59242,2.0,0,0,3,3480,0,1988,Woodinville,5,26,1,14,6.5,0.05874111709400267,0,98072
885000.0,4.0,2.75,2730,3560,1.5,0,0,3,1550,1180,1921,Seattle,5,93,1,7,6.75,0.7666385846672283,1,98115
247000.0,3.0,2.25,1580,7941,2.0,0,0,4,1580,0,1986,Federal Way,5,28,0,28,5.25,0.19894233190632082,0,98023
296500.0,3.0,2.75,2170,7900,1.0,0,0,4,1380,790,1978,Kent,5,36,1,14,5.75,0.27464877863561576,1,98032
141800.0,2.0,1.0,930,4743,1.0,0,0,4,930,0,1942,Renton,5,72,1,32,3.0,0.1960370994940978,0,98056
333000.0,4.0,2.0,1580,7800,2.0,0,0,2,1580,0,1906,Seattle,5,108,0,108,6.0,0.20253813613639277,0,98144
602000.0,5.0,1.75,3290,11900,1.5,0,0,3,3290,0,1973,Redmond,5,41,1,1,6.75,0.2764473573649273,0,98052
565000.0,4.0,2.25,2110,10698,2.0,0,0,4,2110,0,1979,Issaquah,5,35,0,35,6.25,0.19721469296195906,0,98027
373000.0,3.0,2.5,1670,3565,2.0,0,0,3,1670,0,1999,Woodinville,5,15,0,15,5.5,0.46831183398766124,0,98072
588000.0,3.0,2.25,2030,7350,1.0,0,0,4,1190,840,1977,Redmond,5,37,0,37,5.25,0.2761529043667528,1,98052
485000.0,3.0,1.0,1500,4100,1.5,0,0,3,1370,130,1926,Seattle,5,88,1,11,4.0,0.365764447695684,1,98107
482500.0,3.0,2.25,1450,1445,2.0,0,0,3,980,470,2005,Seattle,5,9,0,9,5.25,1.0027662517289073,1,98122
251200.0,4.0,1.5,1310,8250,1.0,0,0,3,1060,250,1953,Des Moines,5,61,0,61,5.5,0.15876863410495698,1,98148
869000.0,5.0,3.25,4180,49222,2.0,0,0,4,2880,1300,1979,Issaquah,5,35,0,35,8.25,0.0849196513824838,1,98027
464000.0,3.0,1.75,1630,28600,1.0,0,0,3,1630,0,1967,Woodinville,5,47,1,3,4.75,0.056991014300199296,0,98072
755000.0,4.0,2.5,2660,10452,2.0,0,0,3,2660,0,1993,Redmond,5,21,0,21,6.5,0.25447240026786566,0,98052
280000.0,3.0,2.5,1720,1916,2.0,0,0,3,1720,0,2005,Renton,5,9,0,9,5.5,0.8972352634324465,0,98056
485000.0,2.0,2.25,1260,1240,3.0,0,0,3,1260,0,2004,Seattle,5,10,1,11,4.25,1.0153102336825142,0,98103
305000.0,3.0,1.75,1610,12247,1.0,0,0,3,1610,0,1981,Renton,5,33,1,1,4.75,0.1314500326583932,0,98058
110700.0,2.0,1.0,680,8064,1.0,0,0,3,680,0,1941,SeaTac,5,73,1,20,3.0,0.08431494110353378,0,98188
850000.0,4.0,3.5,2640,5900,2.0,0,2,3,2640,0,1937,Seattle,5,77,1,16,7.5,0.44738179969496694,0,98136
350000.0,3.0,2.25,1640,7200,2.0,0,0,4,1640,0,1985,Bellevue,5,29,0,29,5.25,0.22774614636855992,0,98007
319950.0,4.0,1.75,2310,8045,1.0,0,0,4,1650,660,1976,Renton,5,38,1,22,5.75,0.2870991797166294,1,98058
700000.0,3.0,1.75,2010,4905,1.0,0,0,5,1230,780,1912,Seattle,5,102,0,102,4.75,0.4097024052181003,1,98122
368000.0,2.0,1.5,1660,4680,1.0,0,0,5,830,830,1908,Seattle,5,106,0,106,3.5,0.3546250801110874,1,98146
433500.0,3.0,2.5,2200,3360,2.0,0,0,3,2200,0,2009,Seattle,5,5,0,5,5.5,0.6545670931270455,0,98118
611000.0,4.0,2.5,2460,4200,2.0,0,0,3,2460,0,1998,Redmond,5,16,1,8,6.5,0.5855748631278267,0,98074
1000000.0,2.0,1.75,2430,23400,1.0,0,4,3,2430,0,1951,Shoreline,5,63,1,20,3.75,0.10384171616597582,0,98177
307000.0,3.0,1.0,1370,7500,1.0,0,0,3,1370,0,1960,Carnation,5,54,1,2,4.0,0.1826423143580856,0,98014
442500.0,3.0,1.75,1800,10200,1.0,0,0,3,1800,0,1967,Renton,5,47,1,3,4.75,0.17645328889324577,0,98058
485000.0,3.0,1.75,2200,7706,2.0,0,2,3,2200,0,1908,Des Moines,5,106,1,26,4.75,0.2854547813675879,0,98198
367000.0,2.0,1.0,700,2334,1.0,0,0,3,700,0,1945,Seattle,5,69,1,4,3.0,0.29978586723768735,0,98117
429000.0,3.0,2.5,1920,15124,2.0,0,0,3,1920,0,1995,North Bend,5,19,0,19,5.5,0.12694214876033058,0,98045
446000.0,5.0,2.75,2190,12687,1.0,0,0,5,1370,820,1978,Kenmore,5,36,0,36,7.75,0.17260403530895335,1,98028
572500.0,3.0,2.25,2030,9791,1.0,0,0,4,1500,530,1984,Newcastle,5,30,0,30,5.25,0.207312091503268,1,98059
477000.0,3.0,2.5,1350,2053,3.0,0,0,3,1350,0,2005,Seattle,5,9,0,9,5.5,0.6572541382667965,0,98117
518000.0,3.0,2.5,1680,2096,2.0,0,0,3,1380,300,2008,Seattle,5,6,0,6,5.5,0.8011444921316166,1,98117
462000.0,5.0,1.75,1250,10530,1.0,0,0,4,1250,0,1966,Bellevue,5,48,0,48,6.75,0.11869717975500903,0,98007
1190000.0,4.0,3.0,2240,6000,1.5,0,0,4,1270,970,1914,Seattle,5,100,1,69,7.0,0.3732711214797534,1,98109
137000.0,3.0,1.0,950,7620,1.0,0,0,3,950,0,1954,Seattle,5,60,1,9,4.0,0.12465555701351529,0,98106
530000.0,3.0,3.5,2320,3174,2.0,0,0,3,2060,260,1997,Kirkland,5,17,0,17,6.5,0.7307086614173228,1,98033
818000.0,2.0,2.5,2380,9374,1.0,0,2,3,2380,0,2011,Redmond,5,3,0,3,4.5,0.2538666666666667,0,98053
640000.0,2.0,2.25,1540,958,3.0,0,0,3,1540,0,2007,Seattle,5,7,0,7,4.25,1.6058394160583942,0,98122
298450.0,5.0,3.0,2100,9752,1.0,0,0,3,1200,900,2007,Federal Way,5,7,0,7,8.0,0.2153183635804368,1,98003
575000.0,4.0,2.5,2500,4945,2.0,0,0,3,2500,0,2013,Snoqualmie,5,1,1,91,6.5,0.5054589567327133,0,98065
730000.0,4.0,2.5,3230,7331,2.0,0,0,3,3230,0,2004,Sammamish,5,10,1,11,6.5,0.44053464266230224,0,98075
551000.0,3.0,2.5,2830,5802,2.0,0,0,3,2830,0,2001,Kenmore,5,13,0,13,5.5,0.487678786834396,0,98028
271310.0,2.0,1.0,870,5340,1.5,0,0,2,870,0,1906,Seattle,5,108,0,108,3.0,0.16289084441115895,0,98144
675000.0,4.0,3.0,2690,28300,1.0,0,0,3,2690,0,1954,Normandy Park,5,60,1,15,7.0,0.09504964488887319,0,98166
479000.0,3.0,2.5,1260,889,3.0,0,0,3,1260,0,2008,Seattle,5,6,0,6,5.5,1.4157303370786516,0,98109
520000.0,4.0,3.5,2680,10000,2.0,0,0,3,2040,640,1942,Seattle,5,72,1,0,7.5,0.267973202679732,1,98125
599950.0,3.0,2.5,2660,4975,2.0,0,0,3,2660,0,2014,Seattle,5,0,0,0,5.5,0.5345659163987139,0,98118
483945.0,2.0,1.75,1480,5120,1.0,0,0,4,840,640,1951,Seattle,5,63,1,15,3.75,0.2890060535051748,1,98116
390000.0,4.0,2.25,1770,33132,1.0,0,0,4,1190,580,1965,Renton,5,49,0,49,6.25,0.05342106057405004,1,98058
192500.0,2.0,1.0,950,7692,1.0,0,0,3,950,0,1926,Seattle,5,88,1,11,3.0,0.12348888600025998,0,98168
330000.0,2.0,1.0,860,8308,1.0,0,0,4,860,0,1948,Seattle,5,66,0,66,3.0,0.10350222650138405,0,98146
250000.0,4.0,2.0,1960,7560,1.0,0,0,5,1160,800,1978,Kent,5,36,0,36,6.0,0.2592249702420315,1,98031
243000.0,2.0,1.0,1770,5522,1.5,0,0,4,960,810,1943,Seattle,5,71,0,71,3.0,0.3204780010863661,1,98178
575000.0,4.0,1.75,1280,6060,1.0,0,0,3,860,420,1926,Seattle,5,88,1,11,5.75,0.211186272892262,1,98117
639000.0,4.0,2.5,2150,12028,2.0,0,0,4,2150,0,1982,Redmond,5,32,1,3,6.5,0.17873472441599467,0,98052
710000.0,2.0,1.0,1790,4000,1.0,0,0,4,1040,750,1923,Seattle,5,91,0,91,3.0,0.44738815296175954,1,98112
675000.0,3.0,2.25,1990,10260,2.0,0,0,4,1990,0,1987,Redmond,5,27,0,27,5.25,0.1939382126498392,0,98052
405000.0,5.0,2.5,2430,4781,2.0,0,0,3,2430,0,2001,Renton,5,13,0,13,7.5,0.5081555834378921,0,98058
615000.0,4.0,2.75,2820,13193,1.0,0,0,3,1860,960,1965,Bellevue,5,49,1,21,6.75,0.21373351523419737,1,98006
490000.0,3.0,1.0,1910,8190,1.0,0,0,4,1010,900,1946,Seattle,5,68,1,25,4.0,0.23318276156757417,1,98117
467000.0,3.0,2.25,1270,1213,2.0,0,0,3,1040,230,2005,Seattle,5,9,0,9,5.25,1.0461285008237233,1,98107
480000.0,4.0,2.75,2050,3960,1.0,0,0,4,1180,870,1986,Seattle,5,28,0,28,6.75,0.5175460742236809,1,98116
755000.0,6.0,2.0,2150,4505,1.0,0,0,3,1270,880,1952,Seattle,5,62,1,6,8.0,0.4771415889924545,1,98119
760000.0,4.0,1.75,2450,13300,1.0,0,2,4,1630,820,1987,Bellevue,5,27,0,27,5.75,0.18419667694158334,1,98006
387000.0,2.0,2.25,1230,1280,2.0,0,0,3,960,270,2012,Seattle,5,2,1,102,4.25,0.9601873536299765,1,98144
925000.0,4.0,2.25,2260,41984,1.0,0,0,4,2260,0,1967,Kirkland,5,47,0,47,6.25,0.05382874836251042,0,98033
415000.0,2.0,1.0,1050,60113,1.0,0,0,4,1050,0,1943,Auburn,5,71,0,71,3.0,0.01746681305519513,0,98001
263000.0,3.0,1.75,1570,7775,2.0,0,0,3,1570,0,1982,Kent,5,32,0,32,4.75,0.20190329218106995,0,98031
519900.0,4.0,2.0,1820,9350,1.0,0,0,4,1820,0,1967,Redmond,5,47,0,47,6.0,0.19463159020425622,0,98052
570000.0,2.0,1.75,1540,4025,1.0,0,0,4,1190,350,1908,Seattle,5,106,0,106,3.75,0.3825136612021858,1,98116
450000.0,3.0,1.5,2060,44866,1.0,0,0,3,2060,0,1953,Woodinville,5,61,0,61,4.5,0.04591347761160764,0,98077
1300000.0,4.0,3.5,4380,74052,1.0,0,0,3,4380,0,2001,Redmond,5,13,0,13,7.5,0.05914682727235899,0,98053
300000.0,3.0,1.0,1090,9900,1.0,0,0,4,1090,0,1955,Redmond,5,59,1,5,4.0,0.1100898899101101,0,98052
320000.0,3.0,1.75,1480,7225,1.0,0,0,4,1480,0,1965,Renton,5,49,0,49,4.75,0.20481594243011347,0,98056
387500.0,4.0,1.0,1320,4440,1.5,0,0,3,1320,0,1929,Seattle,5,85,0,85,5.0,0.2972303535239811,0,98122
458000.0,1.0,2.25,2140,10350,1.0,0,0,3,1470,670,1976,Woodinville,5,38,0,38,3.25,0.20674330982513767,1,98072
1212500.0,4.0,3.5,4560,16643,1.0,0,3,3,2230,2330,1995,Bellevue,5,19,0,19,7.5,0.273972602739726,1,98006
380000.0,4.0,3.0,2800,9764,2.0,0,0,3,2800,0,2002,Maple Valley,5,12,0,12,7.0,0.2867383512544803,0,98038
200000.0,3.0,1.0,1050,5000,1.0,0,0,4,1050,0,1967,Renton,5,47,0,47,4.0,0.20995800839832032,0,98056
385000.0,3.0,1.5,1490,9630,1.0,0,0,4,1490,0,1959,Kenmore,5,55,0,55,4.5,0.1547087529851521,0,98028
396675.0,2.0,1.0,1730,6375,2.0,0,0,4,1730,0,1945,Seattle,5,69,0,69,3.0,0.27132998745294856,0,98126
452000.0,4.0,1.0,1210,3760,1.5,0,0,3,1210,0,1900,Seattle,5,114,1,9,5.0,0.32172294602499335,0,98103
426000.0,4.0,2.5,2800,8494,2.0,0,0,3,2800,0,2004,Maple Valley,5,10,1,11,6.5,0.329605650382578,0,98038
792000.0,3.0,1.5,1570,1050,2.0,0,0,3,1570,0,1915,Seattle,5,99,0,99,4.5,1.4938154138915318,0,98109
315000.0,3.0,2.25,1400,31626,1.0,0,0,2,1140,260,1987,Auburn,5,27,0,27,5.25,0.04426597527429096,1,98092
1275000.0,4.0,2.0,2850,7861,1.0,0,4,4,1450,1400,1970,Seattle,5,44,0,44,6.0,0.36250317985245484,1,98117
326000.0,6.0,3.0,1880,7200,1.0,0,0,4,1880,0,1966,Renton,5,48,0,48,9.0,0.26107485071517844,0,98056
268500.0,2.0,1.0,790,8424,1.0,0,0,4,790,0,1953,Shoreline,5,61,1,31,3.0,0.09376854599406528,0,98133
440000.0,2.0,1.75,1300,4000,2.0,0,0,3,1300,0,1948,Seattle,5,66,1,20,3.75,0.32491877030742317,0,98105
300000.0,3.0,1.0,2120,7735,1.0,0,0,4,1060,1060,1967,Renton,5,47,0,47,4.0,0.27404343329886244,1,98059
525000.0,3.0,1.5,1540,4773,2.0,0,0,3,1540,0,1941,Seattle,5,73,1,5,4.5,0.3225806451612903,0,98126
978000.0,4.0,2.75,2620,13777,1.5,0,2,4,1720,900,1926,Seattle,5,88,1,21,6.75,0.19015822325446363,1,98144
1125000.0,6.0,3.0,2880,3192,2.0,0,0,4,2180,700,1919,Seattle,5,95,1,29,9.0,0.9019730660820545,1,98103
700000.0,4.0,1.0,1680,4021,1.5,0,0,3,1680,0,1921,Seattle,5,93,1,14,5.0,0.41770263550472403,0,98103
315000.0,2.0,1.0,790,6969,1.0,0,0,3,790,0,1955,Redmond,5,59,1,30,3.0,0.1133428981348637,0,98052
309000.0,3.0,1.0,1092,7500,1.5,0,0,3,1092,0,1918,Seattle,5,96,0,96,4.0,0.14558058925476602,0,98106
219950.0,3.0,1.5,1650,9936,1.0,0,0,3,1090,560,1967,Federal Way,5,47,1,3,4.5,0.16604609036932677,1,98003
289000.0,3.0,2.5,2090,4700,2.0,0,0,3,2090,0,2002,Covington,5,12,0,12,5.5,0.444586258242927,0,98042
210000.0,4.0,1.75,2180,28710,1.0,0,0,3,1180,1000,1950,SeaTac,5,64,1,9,5.75,0.07592908641287312,1,98198
260000.0,4.0,2.5,1990,6671,2.0,0,0,3,1990,0,1989,Federal Way,5,25,0,25,6.5,0.29826139088729015,0,98023
699000.0,4.0,2.5,2650,7945,2.0,0,0,3,2650,0,2006,Seattle,5,8,0,8,6.5,0.33350113264535614,0,98125
1800000.0,4.0,3.5,4460,16953,1.0,0,0,3,2550,1910,1962,Medina,5,52,1,20,7.5,0.2630647634776454,1,98039
299950.0,3.0,1.0,910,8000,1.0,0,0,4,740,170,1950,Shoreline,5,64,1,31,4.0,0.1137357830271216,1,98177
749950.0,3.0,2.5,2770,10773,2.0,0,2,3,2770,0,1992,Bellevue,5,22,0,22,5.5,0.2571004269537776,0,98008
1100000.0,3.0,2.0,2390,6888,2.0,0,1,5,2390,0,1939,Seattle,5,75,0,75,5.0,0.34692988822760923,0,98115
555000.0,3.0,2.5,3050,158558,1.0,0,0,4,3050,0,1987,Renton,5,27,0,27,5.5,0.0192357419004913,0,98055
384000.0,3.0,2.5,1700,4000,2.0,0,0,3,1700,0,2003,Snoqualmie,5,11,0,11,5.5,0.424893776555861,0,98065
499950.0,5.0,3.5,3200,43560,2.0,0,0,3,3200,0,1989,Renton,5,25,0,25,8.5,0.07346020522944836,0,98059
430000.0,3.0,1.75,1200,4500,1.0,0,0,5,1200,0,1906,Seattle,5,108,0,108,4.75,0.26660742057320597,0,98108
350000.0,4.0,2.25,2220,6953,2.0,0,0,4,2220,0,1999,Maple Valley,5,15,0,15,6.25,0.31924072476272647,0,98038
620000.0,3.0,2.5,2480,9041,2.0,0,0,3,2480,0,2004,Redmond,5,10,1,11,5.5,0.27427560274275603,0,98053
765000.0,4.0,2.25,2560,12100,1.0,0,0,4,1760,800,1976,Redmond,5,38,1,22,6.25,0.21155276423436079,1,98052
250000.0,4.0,1.5,2500,6300,1.0,0,0,4,1500,1000,1961,Kent,5,53,1,13,5.5,0.39676241866370415,1,98032
376000.0,2.0,1.0,1150,4000,1.0,0,0,3,1150,0,1947,Seattle,5,67,1,2,3.0,0.28742814296425895,0,98199
475000.0,4.0,1.75,1650,7775,1.0,0,0,4,1150,500,1950,Seattle,5,64,1,31,5.75,0.21219135802469136,1,98133
120750.0,3.0,1.75,1140,9628,1.0,0,0,4,1140,0,1969,Federal Way,5,45,0,45,4.75,0.1183923564233046,0,98023
1690000.0,3.0,1.75,3400,8965,1.0,0,2,5,1820,1580,1957,Seattle,5,57,0,57,4.75,0.3792103502119117,1,98105
330000.0,3.0,1.0,1180,43124,1.0,0,0,4,1180,0,1959,Issaquah,5,55,0,55,4.0,0.02736231884057971,0,98027
619500.0,3.0,2.5,1700,4105,2.0,0,0,3,1700,0,1992,Seattle,5,22,0,22,5.5,0.41402825133950316,0,98122
345000.0,3.0,1.5,1240,11200,1.0,0,0,4,1240,0,1954,Bellevue,5,60,1,35,4.5,0.1107044013927328,0,98006
598000.0,5.0,2.25,2890,12478,2.0,0,0,3,2890,0,1977,Sammamish,5,37,1,10,7.25,0.23158906963699014,0,98074
335000.0,3.0,1.0,1060,10050,1.0,0,0,4,1060,0,1967,Kenmore,5,47,0,47,4.0,0.10546214307034125,0,98028
372500.0,4.0,1.75,1590,10523,2.0,0,0,4,1590,0,1922,Shoreline,5,92,0,92,5.75,0.15108323831242873,0,98133
300000.0,6.0,5.25,2860,5682,2.0,0,0,3,2860,0,1978,Auburn,5,36,0,36,11.25,0.5032553228928383,0,98002
194000.0,1.0,1.0,820,1060,1.0,0,0,3,760,60,2007,Seattle,5,7,0,7,2.0,0.7728557964184731,1,98126
507500.0,3.0,2.0,2020,8118,1.0,0,0,3,1020,1000,1963,Bellevue,5,51,1,6,5.0,0.2487991131912797,1,98008
325000.0,4.0,2.25,1870,9680,1.0,0,0,4,1170,700,1959,Kirkland,5,55,0,55,6.25,0.1931618634438591,1,98034
329900.0,3.0,2.5,2170,4905,2.0,0,0,3,2170,0,2004,Maple Valley,5,10,1,11,5.5,0.44231553200163065,0,98038
329000.0,4.0,2.5,1600,6765,1.0,0,0,3,830,770,1947,Seattle,5,67,1,3,6.5,0.2364765001477978,1,98106
494000.0,4.0,1.75,2090,4300,1.5,0,0,4,1250,840,1925,Seattle,5,89,1,46,5.75,0.4859335038363171,1,98136
206000.0,4.0,2.0,1700,6025,1.0,0,0,3,1700,0,1978,Auburn,5,36,0,36,6.0,0.28211085297046135,0,98002
423000.0,4.0,1.75,1940,6909,1.0,0,0,4,970,970,1941,Seattle,5,73,1,16,5.75,0.28075253256150506,1,98133
259000.0,3.0,1.0,1320,8625,1.0,0,0,4,1320,0,1957,Renton,5,57,1,13,4.0,0.15302573614653373,0,98056
879950.0,4.0,2.25,3500,13875,1.0,0,4,4,1830,1670,1938,Seattle,5,76,0,76,6.25,0.2522340732199481,1,98146
345600.0,5.0,3.5,2800,5120,2.5,0,0,3,2800,0,1903,Seattle,5,111,1,9,8.5,0.5467682093341144,0,98122
395000.0,3.0,1.5,1080,2940,1.5,0,0,4,1080,0,1920,Seattle,5,94,0,94,4.5,0.3672220333219993,0,98115
625000.0,4.0,2.5,3550,8048,2.0,0,0,3,3550,0,2007,Snoqualmie,5,7,0,7,6.5,0.4410485774630389,0,98065
439000.0,3.0,2.0,2010,251341,2.0,0,0,3,1510,500,2003,Duvall,5,11,0,11,5.0,0.007997071719012342,1,98019
380000.0,3.0,1.75,1690,1468,2.0,0,0,3,1380,310,2008,Seattle,5,6,0,6,4.75,1.1504424778761062,1,98108
440000.0,3.0,1.5,1270,1443,3.0,0,0,3,1270,0,2007,Seattle,5,7,0,7,4.5,0.8795013850415513,0,98115
415000.0,3.0,2.25,1970,2377,2.0,0,0,3,1680,290,2008,Seattle,5,6,0,6,5.25,0.8284272497897393,1,98108
860000.0,4.0,2.75,3160,8097,2.0,0,0,3,3160,0,2014,Kirkland,5,0,0,0,6.75,0.39021980735984196,0,98033
500000.0,3.0,2.5,1210,1200,3.0,0,0,3,1210,0,2008,Seattle,5,6,0,6,5.5,1.0074937552039966,0,98103
953007.0,4.0,3.5,3120,5086,2.0,0,0,3,2480,640,2008,Seattle,5,6,0,6,7.5,0.6133280912128957,1,98115
515000.0,4.0,2.5,2670,8765,2.0,0,0,3,2670,0,2006,Renton,5,8,0,8,6.5,0.30458590006844627,0,98059
772000.0,3.0,2.25,1640,1204,3.0,0,0,3,1640,0,2014,Seattle,5,0,0,0,5.25,1.3609958506224067,0,98112
329995.0,4.0,2.5,2303,3680,2.0,0,0,3,2303,0,2013,Auburn,5,1,1,91,6.5,0.6256452051073078,0,98001
409316.0,3.0,2.5,1800,3168,2.0,0,0,3,1800,0,2014,Snoqualmie,5,0,0,0,5.5,0.5680025244556642,0,98065
490000.0,5.0,3.5,4460,2975,3.0,0,2,3,3280,1180,2013,Seattle,5,1,1,91,8.5,1.4986559139784945,1,98119
305000.0,2.0,2.5,1590,2656,2.0,0,0,3,1220,370,2009,Seattle,5,5,0,5,4.5,0.5984192698532179,1,98106
785000.0,4.0,3.5,3070,4684,2.0,0,0,3,2190,880,2009,Issaquah,5,5,0,5,7.5,0.655282817502668,1,98027
240000.0,2.0,1.75,1330,7200,1.0,0,0,3,1330,0,1993,SeaTac,5,21,0,21,3.75,0.18469656992084432,0,98188
325000.0,3.0,1.0,990,6750,1.0,0,0,4,990,0,1947,Seattle,5,67,1,26,4.0,0.14664494149014962,0,98133
535800.0,4.0,2.5,1900,5790,2.0,0,0,3,1900,0,1994,Issaquah,5,20,0,20,6.5,0.32809532032464167,0,98029
720000.0,3.0,2.5,2020,1159,3.0,0,3,3,2020,0,2000,Seattle,5,14,0,14,5.5,1.7413793103448276,0,98103
374000.0,3.0,1.75,2000,9416,1.0,0,0,4,2000,0,1961,Kirkland,5,53,1,13,4.75,0.2123818625889349,0,98033
189650.0,2.0,1.75,1100,7600,1.0,0,0,3,1100,0,1980,Des Moines,5,34,0,34,3.75,0.1447178002894356,0,98198
420850.0,1.0,1.0,960,40946,1.0,0,0,5,960,0,1945,Carnation,5,69,0,69,2.0,0.023444941021320245,0,98014
815000.0,4.0,2.75,3488,9614,2.0,0,0,3,3488,0,1998,Redmond,5,16,1,8,6.75,0.3627665106604264,0,98074
1065000.0,2.0,1.75,1890,9466,2.0,0,0,3,1890,0,1987,Bellevue,5,27,1,14,3.75,0.1996408577162776,0,98004
199000.0,4.0,2.0,2030,8120,2.0,0,0,3,2030,0,1950,Seattle,5,64,1,9,6.0,0.24996921561384067,0,98178
195000.0,3.0,1.75,1380,7350,1.0,0,0,3,990,390,1981,Covington,5,33,1,1,4.75,0.18772956060399945,1,98042
1506000.0,4.0,3.25,3660,5800,2.5,0,0,3,3360,300,1909,Seattle,5,105,1,19,7.25,0.6309257024650923,1,98112
288400.0,3.0,2.25,1870,3230,2.0,0,0,3,1870,0,1997,Renton,5,17,0,17,5.25,0.5787681832250078,0,98056
442000.0,4.0,2.25,2080,12007,1.0,0,0,4,1220,860,1979,Sammamish,5,35,0,35,6.25,0.173217854763491,1,98074
619420.0,4.0,2.75,2450,14803,2.0,0,0,4,2450,0,1988,Newcastle,5,26,0,26,6.75,0.16549581194271817,0,98059
635000.0,4.0,2.25,2750,6180,1.0,0,0,4,1500,1250,1948,Seattle,5,66,0,66,6.25,0.4449118265652807,1,98118
210000.0,3.0,1.0,1240,4842,1.0,0,0,4,1240,0,1916,Seattle,5,98,0,98,4.0,0.25603964484823455,0,98118
512500.0,3.0,2.5,1900,7604,2.0,0,0,3,1900,0,1990,Kirkland,5,24,1,5,5.5,0.24983563445101906,0,98033
567000.0,3.0,2.5,2540,6093,2.0,0,0,3,2540,0,1999,Kirkland,5,15,0,15,5.5,0.4168034131933049,0,98034
525000.0,3.0,2.75,2100,10362,2.0,0,0,3,1510,590,1998,Snoqualmie Pass,5,16,1,8,5.75,0.20264402200135095,1,98068
475000.0,4.0,2.0,1790,2250,1.0,0,2,4,840,950,1909,Seattle,5,105,1,25,6.0,0.7952021323856064,1,98103
250000.0,3.0,2.0,1170,7258,1.0,0,0,3,1170,0,1984,Auburn,5,30,0,30,5.0,0.16117922578867613,0,98001
220000.0,3.0,1.0,1060,9126,1.0,0,2,5,1060,0,1956,Enumclaw,5,58,0,58,4.0,0.11613892845403748,0,98022
230000.0,5.0,2.0,1930,6120,1.5,0,0,3,1930,0,1941,Seattle,5,73,1,45,7.0,0.31530795621630453,0,98146
385500.0,3.0,2.0,1540,7947,1.0,0,0,3,1120,420,1961,Bothell,5,53,1,10,5.0,0.1937594363361852,1,98011
895000.0,5.0,3.0,2876,13927,1.0,0,2,4,1970,906,1973,Mercer Island,5,41,0,41,8.0,0.20649052268811027,1,98040
368250.0,3.0,2.5,2150,7484,2.0,0,0,3,2150,0,1988,Sammamish,5,26,1,14,5.5,0.28724114896459585,0,98074
249900.0,2.0,1.0,1140,5500,1.0,0,0,3,1140,0,1947,Seattle,5,67,1,2,3.0,0.20723504817305943,0,98106
350000.0,3.0,1.5,980,7790,1.0,0,0,5,980,0,1969,Kirkland,5,45,0,45,4.5,0.12578616352201258,0,98034
175000.0,3.0,1.75,1230,13056,1.0,0,0,4,1230,0,1962,Auburn,5,52,0,52,4.75,0.09420234357049859,0,98001
270000.0,3.0,1.75,1390,10905,1.0,0,0,3,860,530,1957,Seattle,5,57,1,14,4.75,0.12745277828718138,1,98106
495000.0,3.0,3.5,2380,6250,2.0,0,3,3,1670,710,1997,Seattle,5,17,0,17,6.5,0.3807390817469205,1,98118
1580000.0,3.0,3.25,3690,7200,2.0,0,0,3,3690,0,2007,Kirkland,5,7,0,7,6.25,0.5124288293292598,0,98033
542500.0,5.0,3.25,3010,1074218,1.5,0,0,5,2010,1000,1931,Issaquah,5,83,0,83,8.25,0.0028020357115262342,1,98027
330000.0,3.0,1.0,1250,9126,1.0,0,0,3,1250,0,1969,Woodinville,5,45,1,4,4.0,0.13695628355428946,0,98077
1003000.0,4.0,2.75,2290,6120,2.0,0,0,4,2170,120,1926,Seattle,5,88,1,21,6.75,0.3741218755105375,1,98115
299800.0,2.0,1.0,790,5240,1.0,0,0,4,790,0,1925,Seattle,5,89,1,46,3.0,0.1507345926349933,0,98118
299900.0,3.0,2.5,2720,6014,2.0,0,0,3,2720,0,2002,Auburn,5,12,0,12,5.5,0.45220282626766417,0,98092
691000.0,4.0,2.75,2550,8632,1.0,0,0,3,1700,850,1972,Kirkland,5,42,1,12,6.75,0.29537819993049924,1,98033
195000.0,2.0,1.0,1080,3899,1.0,0,0,4,1080,0,1972,Des Moines,5,42,0,42,3.0,0.27692307692307694,0,98198
405000.0,3.0,1.75,2470,9620,1.0,0,1,4,1570,900,1962,Des Moines,5,52,0,52,4.75,0.25673006963933065,1,98198
360000.0,2.0,0.75,850,7710,1.0,0,2,5,550,300,1909,Seattle,5,105,1,26,2.75,0.11023213590973933,1,98108
256750.0,3.0,2.5,1990,8991,1.0,0,0,3,1570,420,1969,Kent,5,45,1,4,5.5,0.22130782918149466,1,98042
332500.0,3.0,2.25,1800,10500,2.0,0,0,3,1800,0,1995,Maple Valley,5,19,0,19,5.25,0.1714122464527188,0,98038
975000.0,5.0,4.0,4850,36450,2.0,0,0,3,4850,0,1977,Bellevue,5,37,1,10,9.0,0.13305533455872268,0,98005
218000.0,3.0,1.0,1020,7874,1.0,0,0,3,1020,0,1956,Seattle,5,58,1,13,4.0,0.1295238095238095,0,98106
429000.0,3.0,2.5,2420,49928,2.0,0,0,3,1860,560,1985,Issaquah,5,29,0,29,5.5,0.04846882573254021,1,98027
589000.0,4.0,2.5,2910,5776,2.0,0,2,3,2910,0,1998,Snoqualmie,5,16,1,8,6.5,0.5037216548381513,0,98065
255000.0,3.0,1.5,1060,9039,1.0,0,0,3,1060,0,1973,Renton,5,41,1,1,4.5,0.1172566371681416,0,98058
668750.0,4.0,2.5,2340,6420,1.0,0,2,3,1590,750,1964,Shoreline,5,50,1,14,6.5,0.3644292166329232,1,98177
344500.0,4.0,2.75,1800,5453,1.0,0,0,3,1050,750,2002,Renton,5,12,0,12,6.75,0.33003300330033003,1,98055
452000.0,4.0,2.0,1660,6150,1.0,0,0,3,850,810,1945,Seattle,5,69,1,4,6.0,0.2698748171029101,1,98126
540000.0,3.0,1.75,1300,62290,1.0,0,0,3,1300,0,1983,Redmond,5,31,1,5,4.75,0.02086978857298807,0,98053
246000.0,3.0,1.5,1780,23819,1.0,0,0,3,1780,0,1953,Seattle,5,61,0,61,4.5,0.07472712006717044,0,98168
535000.0,2.0,1.0,1030,4841,1.0,0,0,3,920,110,1939,Seattle,5,75,1,45,3.0,0.2127220156959934,1,98103
970000.0,4.0,3.25,2790,5420,1.0,0,3,3,1130,1660,1963,Shoreline,5,51,1,1,7.25,0.5146651909241837,1,98177
430000.0,3.0,1.0,1150,3000,1.0,0,0,5,1150,0,1906,Seattle,5,108,0,108,4.0,0.3832055981339553,0,98103
520000.0,4.0,2.5,3290,11446,2.0,0,0,3,3290,0,1992,Kenmore,5,22,0,22,6.5,0.28741154887743514,0,98028
712000.0,4.0,2.5,3400,247421,2.0,0,0,3,3400,0,2001,Ravensdale,5,13,0,13,6.5,0.013741704456353922,0,98051
450000.0,2.0,1.0,1200,4000,1.0,0,0,3,1070,130,1940,Seattle,5,74,1,18,3.0,0.2999250187453137,1,98126
220000.0,4.0,2.5,2160,8005,2.0,0,0,3,2160,0,1993,Pacific,5,21,0,21,6.5,0.2697976517611791,0,98047
525000.0,3.0,1.0,1450,4000,1.0,0,1,4,950,500,1948,Seattle,5,66,0,66,4.0,0.36240939765058733,1,98118
1220000.0,4.0,2.5,3240,3600,2.0,0,0,3,2060,1180,2008,Seattle,5,6,0,6,6.5,0.8997500694251597,1,98109
540000.0,3.0,2.0,1470,1691,2.0,0,0,3,1000,470,2007,Seattle,5,7,0,7,5.0,0.8687943262411347,1,98115
600000.0,4.0,2.5,2360,5226,2.0,0,0,3,2360,0,2001,Kirkland,5,13,0,13,6.5,0.4515018174861297,0,98034
600000.0,3.0,2.25,2230,9053,2.0,0,0,4,2230,0,1987,Bellevue,5,27,0,27,5.25,0.24629997791031588,0,98007
625000.0,4.0,2.5,2630,48706,2.0,0,0,3,2630,0,1986,Woodinville,5,28,0,28,6.5,0.053996345494487445,0,98072
150000.0,3.0,1.0,1010,25000,1.0,0,0,3,1010,0,1966,Carnation,5,48,1,51,4.0,0.040398384064637416,0,98014
389999.0,3.0,2.25,1445,1471,2.0,0,0,3,1300,145,2003,Issaquah,5,11,0,11,5.25,0.9816576086956522,1,98027
285000.0,3.0,1.75,2380,6000,1.5,0,0,3,1320,1060,1935,Seattle,5,79,1,40,4.75,0.39660056657223797,1,98178
744000.0,4.0,2.75,2830,13059,2.0,0,0,3,2830,0,1998,Sammamish,5,16,1,8,6.75,0.21669218989280245,0,98075
700000.0,4.0,2.5,3010,46173,2.0,0,0,3,3010,0,1996,Redmond,5,18,0,18,6.5,0.06518820115216356,0,98053
318989.0,4.0,2.25,2000,9000,1.0,0,0,4,2000,0,1978,Federal Way,5,36,1,14,6.25,0.22219753360737696,0,98023
556000.0,3.0,2.25,2020,3600,2.0,0,0,3,2020,0,1998,Kirkland,5,16,1,8,5.25,0.5609552901971675,0,98033
275000.0,3.0,2.5,2030,6326,2.0,0,0,3,2030,0,1993,Maple Valley,5,21,0,21,5.5,0.3208471629524261,0,98038
430000.0,3.0,2.75,2550,11160,2.0,0,0,3,2550,0,1994,Shoreline,5,20,0,20,5.75,0.22847415106173283,0,98155
300000.0,2.0,1.0,970,13700,1.0,0,0,3,970,0,1949,Seattle,5,65,1,16,3.0,0.07079775198890592,0,98106
396450.0,3.0,1.75,1540,12446,1.0,0,0,5,1540,0,1967,Issaquah,5,47,0,47,4.75,0.12372459227123002,0,98027
225000.0,2.0,1.0,1396,111949,1.0,0,0,3,1396,0,1940,Redmond,5,74,1,17,3.0,0.01246985261277356,0,98053
700000.0,4.0,3.25,2780,7875,2.0,0,0,3,2780,0,2006,Seattle,5,8,0,8,7.25,0.35297105129507367,0,98133
260000.0,6.0,2.0,2220,8797,1.0,0,0,3,2220,0,1977,Auburn,5,37,1,10,8.0,0.25233007501704935,0,98002
655000.0,4.0,3.5,2350,13402,2.0,0,3,3,1670,680,1994,Kirkland,5,20,0,20,7.5,0.17533388047452064,1,98033
1185000.0,3.0,2.25,2760,40946,2.0,0,0,5,2760,0,1978,Bellevue,5,36,0,36,5.25,0.0674042054362957,0,98005
1550000.0,3.0,2.5,4460,26027,2.0,0,0,3,4460,0,1992,Kirkland,5,22,0,22,5.5,0.17135392654064854,0,98033
413800.0,3.0,2.0,1440,4421,1.0,0,0,3,1440,0,2007,Redmond,5,7,0,7,5.0,0.3256445047489824,0,98053
950000.0,5.0,3.75,5330,6000,2.0,0,2,3,3570,1760,2006,Issaquah,5,8,0,8,8.75,0.8881853024495917,1,98027
334990.0,4.0,2.5,2220,4228,2.0,0,0,3,2220,0,2014,Seattle,5,0,0,0,6.5,0.5249467959328447,0,98146
2700000.0,5.0,4.75,5305,8401,2.0,0,2,3,3745,1560,2005,Kirkland,5,9,0,9,9.75,0.6313972863603904,1,98033
1030000.0,3.0,4.0,3880,13095,2.0,0,3,3,3700,180,2009,Kirkland,5,5,0,5,7.0,0.2962736713500305,1,98034
1130000.0,4.0,3.25,3810,8519,1.0,0,1,3,2680,1130,2007,Kirkland,5,7,0,7,7.25,0.4471830985915493,1,98033
556000.0,3.0,3.0,1960,1168,2.0,0,0,3,1600,360,2007,Issaquah,5,7,0,7,6.0,1.6766467065868262,1,98029
360000.0,3.0,2.5,1530,1131,3.0,0,0,3,1530,0,2009,Seattle,5,5,0,5,5.5,1.3515901060070672,0,98103
480000.0,4.0,2.25,3250,34293,2.0,0,0,4,3250,0,1983,Kent,5,31,0,31,6.25,0.09476876421531463,0,98042
324000.0,3.0,2.5,1750,7208,2.0,0,0,3,1750,0,1994,Renton,5,20,0,20,5.5,0.24275211541129144,0,98055
1050000.0,4.0,3.25,3440,35021,2.0,0,0,3,3440,0,1983,Kirkland,5,31,1,5,7.25,0.09822397350236994,0,98033
275000.0,1.0,0.75,1170,14149,1.0,0,0,5,880,290,1962,Enumclaw,5,52,0,52,1.75,0.08268551236749117,1,98022
180000.0,3.0,1.0,870,5330,1.0,0,0,3,870,0,1969,Covington,5,45,1,0,4.0,0.16319639842431063,0,98042
749000.0,4.0,2.5,2930,18199,2.0,0,0,3,2930,0,1998,Sammamish,5,16,1,8,6.5,0.160989010989011,0,98075
1600000.0,3.0,2.5,3160,12824,1.0,0,2,4,1820,1340,1966,Bellevue,5,48,0,48,5.5,0.24639376218323586,1,98004
373500.0,2.0,1.0,800,3330,1.0,0,0,3,800,0,1918,Seattle,5,96,0,96,3.0,0.24016811768237767,0,98107
770000.0,4.0,2.5,2350,8001,2.0,0,0,4,2350,0,1987,Bellevue,5,27,0,27,6.5,0.2936765808547863,0,98006
356000.0,2.0,1.75,1060,16470,1.0,0,0,3,1060,0,1977,Woodinville,5,37,1,10,3.75,0.06435553396879364,0,98072
625000.0,3.0,1.75,2060,12558,1.0,0,0,4,1350,710,1984,Redmond,5,30,0,30,4.75,0.16402579823234334,1,98052
494400.0,2.0,1.75,1560,1750,1.0,0,0,4,780,780,1904,Seattle,5,110,0,110,3.75,0.8909194745859509,1,98109
585000.0,4.0,1.75,3000,42200,1.0,0,3,3,1500,1500,1950,Renton,5,64,1,9,5.75,0.07108836283500392,1,98056
926300.0,3.0,1.5,1660,4800,2.0,0,0,3,1660,0,1907,Seattle,5,107,1,31,4.5,0.3457612997292231,0,98119
600000.0,3.0,1.75,1650,5100,1.0,0,0,5,1040,610,1908,Seattle,5,106,0,106,4.75,0.32346598706136054,1,98115
430000.0,4.0,3.0,3220,8936,2.0,0,0,3,2450,770,1990,Kent,5,24,1,5,7.0,0.36029987691619114,1,98031
307000.0,3.0,1.5,2320,7500,1.0,0,0,3,2320,0,1976,Duvall,5,38,0,38,4.5,0.309292094387415,0,98019
604700.0,4.0,2.75,2750,14982,1.0,0,3,3,1720,1030,1981,Des Moines,5,33,1,1,6.75,0.1835413468597744,1,98198
219900.0,3.0,1.0,910,6000,1.0,0,0,2,910,0,1956,Seattle,5,58,0,58,4.0,0.1516413931011498,0,98146
270000.0,2.0,1.5,840,867,2.0,0,0,3,840,0,2005,Seattle,5,9,0,9,3.5,0.967741935483871,0,98115
432000.0,3.0,2.25,1470,1578,2.0,0,0,3,1090,380,2007,Seattle,5,7,0,7,5.25,0.9309689677010766,1,98136
300000.0,6.0,2.0,2040,10812,1.0,0,0,4,2040,0,1943,Renton,5,71,0,71,8.0,0.18866179598631277,0,98056
361000.0,3.0,1.0,1100,4046,1.5,0,4,4,1100,0,1922,Des Moines,5,92,0,92,4.0,0.2718062762540153,0,98198
249950.0,2.0,1.0,940,8532,1.0,0,0,4,940,0,1959,Burien,5,55,0,55,3.0,0.11016055314660729,0,98166
320000.0,3.0,2.0,1110,10500,1.0,0,0,5,1110,0,1978,North Bend,5,36,0,36,5.0,0.10570421864584326,0,98045
305000.0,4.0,1.75,2200,8100,1.5,0,0,5,1400,800,1942,Seattle,5,72,0,72,5.75,0.2715714109369214,1,98168
503000.0,2.0,1.75,2860,59612,1.0,1,4,3,1510,1350,1948,Federal Way,5,66,1,11,3.75,0.047976112592890814,1,98023
235750.0,2.0,1.0,740,11250,1.0,0,0,2,740,0,1938,Seattle,5,76,0,76,3.0,0.06577193138387699,0,98146
657000.0,4.0,1.75,2740,8520,1.0,0,2,3,1370,1370,1954,Seattle,5,60,1,9,5.75,0.321558502523178,1,98118
385000.0,3.0,1.0,1250,7300,1.0,0,0,4,1250,0,1956,Bellevue,5,58,0,58,4.0,0.1712094233666621,0,98008
389950.0,4.0,2.5,3140,8060,2.0,0,0,3,3140,0,1991,Federal Way,5,23,0,23,6.5,0.38952983500806354,0,98023
150000.0,2.0,1.0,820,10270,1.0,0,0,3,820,0,1954,Seattle,5,60,1,9,3.0,0.0798364326745205,0,98168
254500.0,4.0,2.75,2570,7264,2.0,0,0,3,1720,850,1998,Auburn,5,16,1,8,6.75,0.3537508602890571,1,98092
555000.0,4.0,2.25,2350,8140,1.0,0,0,4,1430,920,1977,Bellevue,5,37,0,37,6.25,0.28866232649551654,1,98006
1075000.0,4.0,3.0,3600,9200,1.0,0,4,4,2100,1500,1976,Bellevue,5,38,1,22,7.0,0.3912618193674601,1,98008
245000.0,4.0,2.0,1580,8000,1.0,0,0,3,1040,540,1967,Federal Way,5,47,1,3,6.0,0.1974753155855518,1,98003
319950.0,2.0,1.0,1070,5824,1.0,0,2,5,1070,0,1949,Seattle,5,65,0,65,3.0,0.18369098712446352,0,98178
337000.0,3.0,1.0,1070,6109,1.0,0,0,5,1070,0,1951,Seattle,5,63,0,63,4.0,0.1751227495908347,0,98125
492000.0,4.0,2.0,1640,5000,2.0,0,0,3,1640,0,1907,Seattle,5,107,1,31,6.0,0.32793441311737653,0,98107
1170000.0,3.0,2.75,2890,12130,2.0,0,3,4,2830,60,1987,Kirkland,5,27,0,27,5.75,0.2382326271535735,1,98033
348580.0,3.0,1.0,1220,7876,1.0,0,0,3,1220,0,1966,Kirkland,5,48,1,51,4.0,0.15488129998730482,0,98034
180000.0,2.0,1.0,1400,4500,1.0,0,0,3,900,500,1922,Renton,5,92,1,6,3.0,0.3110419906687403,1,98057
400000.0,3.0,1.0,1040,6250,1.0,0,0,3,1040,0,1942,Seattle,5,72,1,15,4.0,0.16637338025915854,0,98136
295000.0,4.0,2.0,980,10640,1.0,0,0,5,980,0,1978,North Bend,5,36,0,36,6.0,0.09209660746170473,0,98045
910000.0,4.0,3.25,3340,10890,1.5,0,0,3,2240,1100,1963,Redmond,5,51,1,14,7.25,0.30667523643375266,1,98052
1150000.0,6.0,4.5,6040,219542,2.0,0,0,3,4100,1940,1996,Issaquah,5,18,0,18,10.5,0.027511694747725957,1,98029
431500.0,3.0,3.5,1900,1612,2.0,0,0,3,1430,470,2008,Seattle,5,6,0,6,6.5,1.1779293242405455,1,98136
180000.0,4.0,1.5,1740,7292,1.0,0,0,3,1020,720,1962,SeaTac,5,52,1,11,5.5,0.23858494446729742,1,98168
677000.0,3.0,2.0,2000,3207,1.0,0,0,4,1100,900,1916,Seattle,5,98,0,98,5.0,0.6234413965087282,1,98103
1180500.0,3.0,1.75,1610,7200,1.0,0,0,3,1090,520,1973,Seattle,5,41,1,1,4.75,0.22358005832523262,1,98112
635700.0,4.0,2.5,3240,13978,1.0,0,0,3,1860,1380,1977,Sammamish,5,37,1,10,6.5,0.2317762357822448,1,98074
482000.0,5.0,2.25,2230,9600,1.0,0,0,3,1320,910,1978,Woodinville,5,36,0,36,7.25,0.23226747213831891,1,98077
168000.0,2.0,2.5,1160,2174,2.0,0,0,3,1160,0,1998,Seattle,5,16,1,8,4.5,0.5333333333333333,0,98106
805000.0,4.0,2.75,2410,6000,1.0,0,0,5,1410,1000,1950,Seattle,5,64,0,64,6.75,0.4015997333777704,1,98107
398000.0,2.0,1.0,590,10945,1.5,0,0,3,590,0,1983,Black Diamond,5,31,1,5,3.0,0.05390096839027955,0,98010
665000.0,4.0,2.5,2600,17388,2.0,0,0,3,2600,0,1996,Newcastle,5,18,0,18,6.5,0.1495198113750072,0,98059
592500.0,4.0,3.0,2170,8240,1.0,0,0,4,1370,800,1968,Redmond,5,46,0,46,7.0,0.2633175585487198,1,98052
940000.0,4.0,2.75,2080,4000,1.5,0,0,3,2080,0,1912,Seattle,5,102,1,14,6.75,0.519870032491877,0,98107
655000.0,4.0,2.5,2860,12394,2.0,0,0,3,2860,0,1999,Sammamish,5,15,0,15,6.5,0.23073820088745461,0,98075
622500.0,4.0,2.5,2980,8107,2.0,0,0,3,2980,0,2000,Snoqualmie,5,14,0,14,6.5,0.3675382338431179,0,98065
380000.0,2.0,2.5,1230,987,2.0,0,0,3,1060,170,2011,Seattle,5,3,0,3,4.5,1.2449392712550607,1,98144
648360.0,4.0,1.75,2260,7005,1.0,0,1,4,1130,1130,1947,Kirkland,5,67,1,26,5.75,0.3225806451612903,1,98033
432000.0,3.0,2.75,2200,14925,1.0,0,0,3,1100,1100,1982,Redmond,5,32,0,32,5.75,0.1473938094600027,1,98053
1050000.0,4.0,2.5,3030,12590,1.5,0,0,4,3030,0,1988,Bellevue,5,26,0,26,6.5,0.24064808196330711,0,98004
353250.0,2.0,1.0,1060,1600,2.0,0,0,3,1060,0,1979,Seattle,5,35,1,0,3.0,0.6620861961274204,0,98144
1000000.0,4.0,3.0,4260,18687,2.0,0,0,3,4260,0,1996,Sammamish,5,18,0,18,7.0,0.22795376712328766,0,98075
320000.0,3.0,2.25,998,844,2.0,0,0,3,798,200,2007,Seattle,5,7,0,7,5.25,1.1810650887573964,1,98117
349900.0,4.0,2.5,2052,3723,2.0,0,0,3,2052,0,2014,Federal Way,5,0,0,0,6.5,0.5510204081632653,0,98003
330000.0,4.0,3.5,3150,6202,2.0,0,0,3,3150,0,2005,Kent,5,9,0,9,7.5,0.507818797356118,0,98042
408000.0,3.0,2.25,1950,7221,1.0,0,0,4,1950,0,2006,SeaTac,5,8,0,8,5.25,0.27000830794793684,0,98188
321000.0,3.0,2.25,1347,1292,3.0,0,0,3,1347,0,2010,Seattle,5,4,0,4,5.25,1.0417633410672853,0,98125
1051000.0,4.0,3.75,3860,5474,2.5,0,0,3,3860,0,2007,Issaquah,5,7,0,7,7.75,0.7050228310502283,0,98029
2150000.0,4.0,5.5,5060,10320,2.0,0,0,3,5060,0,2008,Bellevue,5,6,0,6,9.5,0.49026257145625424,0,98004
359000.0,3.0,1.5,1360,885,3.0,0,0,3,1360,0,2008,Seattle,5,6,0,6,4.5,1.5349887133182845,0,98103
300000.0,5.0,2.5,2760,6000,2.0,0,0,3,2760,0,2006,Seattle,5,8,0,8,7.5,0.45992334610898183,0,98108
380000.0,5.0,3.5,2420,4670,2.0,0,0,3,2420,0,2013,Seattle,5,1,1,91,8.5,0.5180903446799401,0,98118
660000.0,3.0,2.5,2450,4332,2.0,0,0,3,2450,0,2010,Redmond,5,4,0,4,5.5,0.5654281098546042,0,98053
355000.0,3.0,2.25,1280,959,3.0,0,0,3,1280,0,2005,Seattle,5,9,0,9,5.25,1.3333333333333333,0,98103
259000.0,3.0,2.5,1550,3569,2.0,0,0,3,1550,0,2011,Auburn,5,3,0,3,5.5,0.4341736694677871,0,98002
353000.0,1.0,1.0,550,1279,2.0,0,0,3,550,0,2008,Seattle,5,6,0,6,2.0,0.4296875,0,98122
430000.0,2.0,2.5,1520,1588,2.0,0,0,3,1240,280,2007,Seattle,5,7,0,7,4.5,0.9565764631843927,1,98144
460000.0,3.0,1.0,1670,4005,1.5,0,0,4,1170,500,1939,Seattle,5,75,1,25,4.0,0.41687468796804794,1,98117
80000.0,1.0,0.75,430,5050,1.0,0,0,2,430,0,1912,Carnation,5,102,0,102,1.75,0.08513165709760444,0,98014
782000.0,4.0,2.5,2380,9614,2.0,0,0,4,2380,0,1991,Bellevue,5,23,0,23,6.5,0.24752990119604784,0,98006
218000.0,3.0,1.0,960,9633,1.0,0,0,5,960,0,1982,Enumclaw,5,32,0,32,4.0,0.09964708324683413,0,98022
325000.0,3.0,1.0,1920,6862,1.0,0,2,3,1120,800,1952,Seattle,5,62,1,6,4.0,0.27976103744718056,1,98118
980000.0,4.0,3.0,3680,5854,1.0,0,3,3,2060,1620,1967,Seattle,5,47,1,3,7.0,0.6285226302305722,1,98199
902000.0,4.0,2.25,2530,9200,1.0,0,0,5,1570,960,1976,Bellevue,5,38,0,38,6.25,0.2749701119443539,1,98006
556000.0,5.0,2.5,3840,16905,2.0,0,0,3,3840,0,1991,Federal Way,5,23,0,23,7.5,0.2271382940967704,0,98023
662990.0,3.0,1.75,1240,3600,1.5,0,0,5,1240,0,1926,Seattle,5,88,0,88,4.75,0.3443487920022216,0,98116
225000.0,2.0,1.0,1300,11867,1.5,0,0,4,1300,0,1975,Ravensdale,5,39,0,39,3.0,0.10953825412874958,0,98051
439950.0,4.0,2.5,2380,12067,2.0,0,0,3,2380,0,2002,Renton,5,12,0,12,6.5,0.19721577726218098,0,98059
175000.0,2.0,1.0,1300,44431,1.0,0,0,5,1300,0,1958,Auburn,5,56,0,56,3.0,0.029258192293842276,0,98001
306000.0,2.0,1.0,780,13500,1.0,0,0,4,780,0,1946,Woodinville,5,68,1,25,3.0,0.05777349825938819,0,98077
235000.0,4.0,2.5,1810,39639,1.0,0,0,3,1230,580,1970,Kent,5,44,1,0,6.5,0.04566094853683148,1,98042
399500.0,3.0,1.75,2420,12676,2.0,0,0,3,2420,0,1911,North Bend,5,103,1,28,4.75,0.19089689989745207,0,98045
478000.0,3.0,1.0,1280,2580,1.5,0,0,3,1280,0,1910,Seattle,5,104,1,0,4.0,0.4959318093762108,0,98115
515000.0,2.0,1.0,1680,6500,1.0,0,0,4,1140,540,1941,Seattle,5,73,1,16,3.0,0.25842178126442084,1,98136
550000.0,3.0,2.5,2510,5400,2.0,0,0,3,2510,0,1992,Renton,5,22,0,22,5.5,0.46472875393445656,0,98056
149000.0,3.0,1.0,1700,8645,1.0,0,0,3,1700,0,1955,Seattle,5,59,1,9,4.0,0.19662271570668519,0,98146
526000.0,3.0,1.75,1680,3420,1.0,0,0,3,960,720,1992,Seattle,5,22,0,22,4.75,0.49108447822274187,1,98115
527550.0,1.0,0.75,820,59677,1.0,0,0,3,820,0,1999,Snoqualmie,5,15,0,15,1.75,0.013740406850095513,0,98065
1050000.0,3.0,4.0,4380,42769,2.0,0,0,5,4380,0,1983,Redmond,5,31,0,31,7.0,0.10240823006780454,0,98052
625000.0,3.0,2.5,2600,10092,1.0,0,0,3,2600,0,1984,Sammamish,5,30,0,30,5.5,0.257604280194194,0,98074
950000.0,5.0,3.25,3400,7452,2.0,0,0,3,3400,0,1999,Bellevue,5,15,0,15,8.25,0.45619213739433784,0,98007
377691.0,5.0,1.75,2120,8399,1.0,0,0,4,1320,800,1942,Shoreline,5,72,1,32,6.75,0.2523809523809524,1,98133
648475.0,4.0,2.75,2250,5700,1.0,0,0,3,1200,1050,1951,Seattle,5,63,1,20,6.75,0.39466760217505703,1,98109
383000.0,3.0,1.0,1800,5612,1.0,0,0,4,1200,600,1942,Seattle,5,72,1,32,4.0,0.32068412613575625,1,98126
535000.0,3.0,2.5,2210,7620,2.0,0,0,3,2210,0,1994,Redmond,5,20,0,20,5.5,0.2899881905261777,0,98052
449950.0,3.0,2.0,1560,4080,2.0,0,0,3,1560,0,1923,Seattle,5,91,1,32,5.0,0.3822592501837785,0,98115
465425.0,4.0,2.75,2430,20720,1.0,0,0,3,2430,0,1967,Woodinville,5,47,1,3,6.75,0.11727233241638917,0,98072
675000.0,4.0,2.5,2560,36601,2.0,0,0,4,2560,0,1987,Sammamish,5,27,0,27,6.5,0.0699415332495492,0,98075
599000.0,3.0,2.75,1960,2500,1.5,0,0,5,1410,550,1926,Seattle,5,88,0,88,5.75,0.7836865253898441,1,98103
416000.0,3.0,1.5,1110,9762,1.0,0,0,4,1110,0,1963,Redmond,5,51,0,51,4.5,0.11369456109802314,0,98052
595000.0,2.0,1.5,1030,4500,1.0,0,0,3,830,200,1924,Seattle,5,90,1,3,3.5,0.22883803599200178,1,98109
200000.0,4.0,1.0,1350,11507,1.0,0,0,3,1350,0,1966,Renton,5,48,1,51,5.0,0.1173096976016684,0,98055
402000.0,3.0,2.0,1540,1827,2.0,0,0,3,1540,0,2005,Issaquah,5,9,0,9,5.0,0.8424507658643327,0,98029
433000.0,4.0,1.75,1830,9600,1.0,0,0,4,1010,820,1966,Bellevue,5,48,0,48,5.75,0.19060514529736486,1,98006
275000.0,4.0,1.5,1930,15531,2.0,0,0,3,1930,0,1979,Federal Way,5,35,1,0,5.5,0.12425959309812001,0,98003
410000.0,3.0,2.0,1650,9641,1.5,0,0,3,1650,0,1983,Kirkland,5,31,1,5,5.0,0.17112632233976355,0,98034
554820.0,4.0,2.0,3510,12905,1.0,0,2,3,2210,1300,1965,Burien,5,49,1,32,6.0,0.2719665271966527,1,98166
1325000.0,4.0,3.0,3370,7920,1.0,0,3,3,1860,1510,1988,Seattle,5,26,1,14,7.0,0.42545133190253753,1,98117
735000.0,3.0,2.5,2390,9157,2.0,0,0,3,2390,0,1984,Redmond,5,30,0,30,5.5,0.2609740117929679,0,98052
607000.0,3.0,1.0,1230,8114,1.0,0,0,4,1230,0,1951,Bellevue,5,63,1,15,4.0,0.15157116451016636,0,98004
549900.0,4.0,3.0,2830,213879,2.0,0,0,4,2830,0,1987,Auburn,5,27,0,27,7.0,0.013231718720778007,0,98092
258000.0,3.0,1.75,1620,7540,1.0,0,0,3,1310,310,1988,Maple Valley,5,26,1,14,4.75,0.21482561994430446,1,98038
661254.0,4.0,4.0,2290,6250,1.5,0,0,5,1690,600,1940,Seattle,5,74,0,74,8.0,0.3663413853783395,1,98116
945000.0,4.0,2.0,2840,13367,1.0,0,0,3,1420,1420,1952,Clyde Hill,5,62,1,6,6.0,0.21244763614602036,1,98004
799950.0,4.0,3.5,4220,196817,2.0,0,0,3,4220,0,1993,Auburn,5,21,0,21,7.5,0.021441128352081618,0,98092
132500.0,3.0,1.0,1080,10500,1.0,0,0,3,1080,0,1967,Auburn,5,47,1,3,4.0,0.10284734787163127,0,98001
467100.0,3.0,1.75,1620,8645,1.0,0,0,3,1190,430,1973,Redmond,5,41,1,1,4.75,0.1873698820263706,1,98052
1610000.0,4.0,3.5,4390,11600,2.0,0,3,3,3060,1330,1990,Mercer Island,5,24,1,5,7.5,0.3784156538229463,1,98040
641000.0,3.0,1.75,1620,3975,1.0,0,0,5,940,680,1926,Seattle,5,88,0,88,4.75,0.4074446680080483,1,98117
350000.0,3.0,1.0,1010,11244,1.0,0,0,4,1010,0,1947,Shoreline,5,67,1,26,4.0,0.08981769675411294,0,98155
335000.0,4.0,2.5,1750,8476,1.0,0,0,4,1240,510,1983,Renton,5,31,0,31,6.5,0.20644095788604458,1,98058
900000.0,3.0,3.5,4080,217697,1.5,0,3,3,4080,0,2000,Auburn,5,14,0,14,6.5,0.01874155940798721,0,98092
440000.0,4.0,2.5,2560,10400,1.0,0,0,4,1280,1280,1965,Issaquah,5,49,0,49,6.5,0.24613017979040477,1,98027
464600.0,3.0,1.75,1120,5500,1.5,0,0,4,1120,0,1925,Seattle,5,89,1,46,4.75,0.2035993455735321,0,98136
1200000.0,4.0,3.5,4740,172497,2.0,0,0,3,4740,0,2003,Redmond,5,11,0,11,7.5,0.027478579461790862,0,98053
300000.0,2.0,1.0,1340,7788,1.0,0,2,3,1340,0,1947,Seattle,5,67,1,2,3.0,0.17203748876620875,0,98178
670500.0,4.0,2.0,1590,6750,1.0,0,0,3,1590,0,1951,Seattle,5,63,1,20,6.0,0.23552066360539178,0,98102
552000.0,3.0,1.0,1430,5000,1.0,0,0,4,1080,350,1919,Seattle,5,95,1,29,4.0,0.28594281143771244,1,98115
244000.0,4.0,1.0,1450,8960,1.0,0,0,3,1450,0,1943,Seattle,5,71,1,12,5.0,0.16181229773462782,0,98146
788600.0,4.0,2.75,3500,7200,2.0,0,0,3,3500,0,2005,Redmond,5,9,0,9,6.75,0.4860436050548535,0,98053
445000.0,3.0,2.0,1630,8702,1.0,0,0,3,1630,0,1987,Renton,5,27,1,14,5.0,0.18729173848098357,0,98056
530000.0,4.0,1.75,1814,5000,1.0,0,0,4,944,870,1951,Seattle,5,63,1,15,5.75,0.36272745450909816,1,98115
90000.0,2.0,1.0,580,7500,1.0,0,0,3,580,0,1943,Seattle,5,71,1,12,3.0,0.07732302359685375,0,98178
585000.0,3.0,2.0,1670,4572,1.5,0,0,3,1670,0,1931,Seattle,5,83,0,83,5.0,0.3651869669801006,0,98117
498000.0,2.0,2.0,1140,8282,1.0,0,0,3,1140,0,1924,Kirkland,5,90,1,5,4.0,0.13763129300977905,0,98033
379000.0,2.0,1.0,800,6380,1.0,0,2,3,800,0,1940,Seattle,5,74,1,18,3.0,0.12537219871493496,0,98115
462000.0,3.0,1.75,1300,2580,1.0,0,0,5,820,480,1919,Seattle,5,95,1,80,4.75,0.5036807438977141,1,98115
388000.0,4.0,2.5,2440,7155,2.0,0,0,3,2440,0,1993,Renton,5,21,0,21,6.5,0.34097261039686977,0,98058
255000.0,3.0,2.0,1490,8371,1.5,0,0,3,1490,0,1984,Kent,5,30,0,30,5.0,0.17797419971333014,0,98031
665000.0,3.0,2.75,1800,9550,1.0,0,0,4,1320,480,1966,Bellevue,5,48,0,48,5.75,0.18846194115799392,1,98006
550000.0,3.0,2.0,1830,9152,1.0,0,0,5,1830,0,1959,Bellevue,5,55,0,55,5.0,0.19993444772205834,0,98006
606000.0,3.0,1.0,1500,3920,1.0,0,0,3,1000,500,1947,Seattle,5,67,1,2,4.0,0.38255547054322875,1,98107
334000.0,4.0,2.5,2210,6080,1.0,0,2,4,1410,800,1965,Seattle,5,49,0,49,6.5,0.3634270679164611,1,98178
360000.0,3.0,2.0,1270,1323,3.0,0,0,3,1270,0,2006,Seattle,5,8,0,8,5.0,0.959214501510574,0,98103
235000.0,2.0,1.0,1140,1730,1.5,0,0,3,1010,130,2007,Seattle,5,7,0,7,3.0,0.658578856152513,1,98126
580000.0,3.0,2.5,1620,1173,3.0,0,4,3,1470,150,2008,Seattle,5,6,0,6,5.5,1.3798977853492334,1,98103
355000.0,3.0,2.0,1220,1186,3.0,0,0,3,1220,0,2007,Seattle,5,7,0,7,5.0,1.0278011794439763,0,98103
375000.0,2.0,2.5,750,1430,2.0,0,0,3,750,0,2006,Seattle,5,8,0,8,4.5,0.5241090146750524,0,98122
372000.0,4.0,1.75,1960,9300,1.0,0,0,5,1340,620,1979,North Bend,5,35,0,35,5.75,0.21073002902913665,1,98045
479000.0,3.0,1.0,1370,3000,1.5,0,0,3,1370,0,1924,Seattle,5,90,1,3,4.0,0.45651449516827725,0,98103
2000000.0,5.0,4.0,4580,4443,3.0,1,4,3,4580,0,2004,Sammamish,5,10,1,11,9.0,1.0306030603060305,0,98075
1680000.0,4.0,4.25,5584,68257,2.0,0,0,3,5584,0,1998,Carnation,5,16,1,8,8.25,0.08180726068739196,0,98014
501000.0,2.0,1.0,1010,4320,1.0,0,0,5,1010,0,1924,Seattle,5,90,1,58,3.0,0.23374218930803053,0,98115
245000.0,3.0,1.75,1260,6908,1.0,0,0,3,1260,0,1994,Maple Valley,5,20,0,20,4.75,0.182370820668693,0,98038
496700.0,3.0,2.5,1740,5782,2.0,0,0,4,1740,0,1989,Issaquah,5,25,0,25,5.5,0.30088189521009856,0,98029
347000.0,4.0,1.5,2670,10026,2.0,0,0,3,2670,0,1996,Auburn,5,18,0,18,5.5,0.26628104118879026,0,98092
199000.0,2.0,1.0,720,7200,1.0,0,0,5,720,0,1943,Renton,5,71,0,71,3.0,0.09998611303985558,0,98058
440500.0,3.0,2.5,2460,4399,2.0,0,0,3,2460,0,2007,Snoqualmie,5,7,0,7,5.5,0.5590909090909091,0,98065
820000.0,4.0,2.5,3670,7000,2.0,0,0,3,3670,0,2005,Sammamish,5,9,0,9,6.5,0.5242108270247108,0,98075
325000.0,4.0,3.5,2630,3435,1.5,0,3,3,1640,990,1984,SeaTac,5,30,0,30,7.5,0.7654249126891735,1,98188
195000.0,3.0,1.75,1570,8459,1.0,0,0,3,1570,0,1991,Enumclaw,5,23,0,23,4.75,0.18557919621749408,0,98022
675000.0,3.0,3.0,2980,28000,1.0,0,0,3,1820,1160,1981,Redmond,5,33,1,1,6.0,0.10642477054390914,1,98052
295000.0,3.0,2.5,1560,4200,2.0,0,0,3,1560,0,2003,Maple Valley,5,11,0,11,5.5,0.3713401571054511,0,98038
355300.0,3.0,2.5,1620,7410,1.0,0,0,5,1620,0,1955,Shoreline,5,59,0,59,5.5,0.2185939819187694,0,98133
276000.0,3.0,1.0,1140,5000,1.0,0,0,3,1140,0,1960,Seattle,5,54,1,2,4.0,0.22795440911817635,0,98106
460000.0,2.0,1.5,2730,19877,1.0,0,0,4,1570,1160,1976,Duvall,5,38,1,22,3.5,0.1373377603380622,1,98019
880000.0,3.0,2.0,2130,35169,1.0,0,0,4,2130,0,1989,Woodinville,5,25,0,25,5.0,0.06056297981234006,0,98072
370000.0,3.0,2.5,1780,4050,2.0,0,0,3,1780,0,2001,Shoreline,5,13,0,13,5.5,0.4393976795852876,0,98155
346000.0,4.0,2.5,2100,3916,2.0,0,0,3,2100,0,2009,Renton,5,5,0,5,6.5,0.53612458514169,0,98058
172500.0,3.0,1.0,1140,8800,1.0,0,0,3,1140,0,1972,Auburn,5,42,1,12,4.0,0.12953073514373367,0,98001
379950.0,3.0,1.5,1690,9144,1.0,0,0,4,1140,550,1956,Kenmore,5,58,0,58,4.5,0.18480043739748497,1,98028
468000.0,2.0,1.0,1160,6000,1.0,0,0,4,860,300,1942,Seattle,5,72,1,32,3.0,0.19330111648058657,1,98115
477000.0,4.0,2.75,1720,6270,2.0,0,0,3,1720,0,1978,Seattle,5,36,0,36,6.75,0.27427842449370116,0,98118
529000.0,3.0,1.0,1210,3328,1.5,0,0,4,1210,0,1924,Seattle,5,90,0,90,4.0,0.3634725142685491,0,98107
312000.0,3.0,1.5,1255,1374,3.0,0,0,3,1255,0,2004,Seattle,5,10,1,11,4.5,0.9127272727272727,0,98125
326100.0,2.0,1.0,880,7683,1.0,0,0,3,880,0,1942,Seattle,5,72,1,15,3.0,0.11452368558042686,0,98177
360000.0,3.0,1.0,1050,9206,1.5,0,0,3,1050,0,1954,Seattle,5,60,1,9,4.0,0.11404366243075921,0,98125
438000.0,3.0,1.75,1650,12940,1.0,0,0,4,1650,0,1961,Kenmore,5,53,1,13,4.75,0.12750173866007264,0,98028
360000.0,3.0,1.0,1570,9467,1.0,0,0,3,1570,0,1954,Shoreline,5,60,1,9,4.0,0.16582171525137304,0,98177
1050000.0,4.0,2.5,2920,7200,1.0,0,3,3,1470,1450,1921,Seattle,5,93,1,8,6.5,0.4054992362171921,1,98144
688000.0,4.0,3.0,3000,4000,1.5,0,3,3,1970,1030,1913,Seattle,5,101,1,0,7.0,0.7498125468632841,1,98144
585000.0,3.0,1.75,1850,7735,1.0,0,0,4,1850,0,1983,Issaquah,5,31,0,31,4.75,0.2391416752843847,0,98027
265000.0,3.0,2.5,1440,7741,1.0,0,0,4,1000,440,1983,Kent,5,31,0,31,5.5,0.18599845001291657,1,98031
375000.0,3.0,1.75,1440,8775,1.0,0,0,3,1440,0,1973,Kirkland,5,41,1,1,4.75,0.1640838650865998,0,98034
326500.0,3.0,1.0,1810,12375,2.0,0,0,3,1810,0,1970,Woodinville,5,44,1,0,4.0,0.1462508080155139,0,98072
160000.0,2.0,1.0,1180,9350,1.0,0,0,3,1180,0,1918,Seattle,5,96,0,96,3.0,0.12618971233023207,0,98178
1570000.0,4.0,3.75,3070,5850,2.0,0,0,5,2400,670,1927,Seattle,5,87,0,87,7.75,0.5246966330541788,1,98112
735000.0,5.0,2.75,3390,5211,2.0,0,0,3,3390,0,2004,Sammamish,5,10,1,11,7.75,0.6504221028396009,0,98075
400000.0,2.0,1.0,1470,6120,1.0,0,0,2,1470,0,1940,Seattle,5,74,0,74,3.0,0.24015683711811794,0,98115
800000.0,4.0,2.5,2680,7200,1.0,0,0,3,1380,1300,1952,Kirkland,5,62,1,1,6.5,0.37217053187057353,1,98033
949880.0,4.0,2.25,2290,10687,2.0,0,0,3,2290,0,1978,Bellevue,5,36,0,36,6.25,0.21425898203592814,0,98004
405000.0,3.0,1.75,1980,8100,1.0,0,0,4,1310,670,1949,Shoreline,5,65,1,29,4.75,0.24441426984322923,1,98133
399000.0,4.0,2.5,2870,9292,2.0,0,0,3,2540,330,1979,Renton,5,35,1,0,6.5,0.30883460669320995,1,98058
730001.0,3.0,2.0,1840,4750,1.0,0,0,5,1010,830,1951,Seattle,5,63,0,63,5.0,0.387286886971164,1,98117
1795000.0,4.0,3.25,4060,13000,2.0,0,3,3,4060,0,2000,Mercer Island,5,14,0,14,7.25,0.3122836704868856,0,98040
260000.0,3.0,2.0,1630,8018,1.0,0,0,3,1630,0,2003,Pacific,5,11,0,11,5.0,0.20326724030427734,0,98047
751750.0,2.0,2.0,1880,5400,1.5,0,0,3,1880,0,1902,Seattle,5,112,0,112,4.0,0.3480836882058878,0,98112
325000.0,3.0,1.75,1780,13095,1.0,0,0,4,1780,0,1983,Kent,5,31,0,31,4.75,0.13591936469150886,0,98042
344950.0,4.0,2.0,2330,6250,1.0,0,0,4,1400,930,1941,Kent,5,73,1,16,6.0,0.37274036154215323,1,98030
457500.0,3.0,1.75,1840,4030,1.0,0,0,5,1050,790,1925,Seattle,5,89,0,89,4.75,0.45646241627387746,1,98108
389000.0,5.0,2.0,2330,10750,1.0,0,0,4,1190,1140,1962,Kenmore,5,52,0,52,7.0,0.2167240256720305,1,98028
515000.0,4.0,2.5,3200,6473,2.0,0,0,3,3200,0,2005,Renton,5,9,0,9,6.5,0.4942848316342292,0,98059
732000.0,3.0,2.5,2330,1987,2.0,0,4,3,1410,920,2004,Seattle,5,10,1,11,5.5,1.1720321931589537,1,98107
415000.0,3.0,2.25,1950,8868,1.0,0,0,3,1350,600,1964,Shoreline,5,50,1,14,5.25,0.21986695230578418,1,98155
1655000.0,4.0,3.5,3080,4815,2.0,0,3,3,2300,780,1937,Seattle,5,77,1,5,7.5,0.6395348837209303,1,98199
535000.0,2.0,1.0,1040,5527,1.0,0,0,3,1040,0,1951,Seattle,5,63,1,20,3.0,0.18813314037626627,0,98115
540000.0,4.0,4.25,1960,3565,2.0,0,0,3,1960,0,1940,Seattle,5,74,1,11,8.25,0.5496354458777342,0,98116
525000.0,5.0,3.0,2750,3800,1.5,0,0,5,1750,1000,1926,Seattle,5,88,0,88,8.0,0.7234938174164693,1,98115
570000.0,3.0,1.75,1930,36210,1.0,0,0,3,1930,0,1977,Woodinville,5,37,1,10,4.75,0.05329872138300516,0,98072
569950.0,5.0,4.5,4850,40902,2.0,0,0,3,4850,0,2001,Federal Way,5,13,0,13,9.5,0.11857320978901303,0,98023
283200.0,4.0,2.5,1982,6406,2.0,0,0,3,1982,0,2004,Kent,5,10,1,11,6.5,0.3093491493678789,0,98030
1100000.0,3.0,2.75,2640,4050,1.5,0,0,5,1750,890,1926,Seattle,5,88,0,88,5.75,0.6516909405085164,1,98112
830000.0,4.0,2.5,1850,50662,1.0,0,0,3,1430,420,1978,Redmond,5,36,0,36,6.5,0.03651580048556145,1,98052
495000.0,4.0,2.25,1940,9144,1.0,0,0,4,1430,510,1956,Bellevue,5,58,0,58,6.25,0.2121377802077638,1,98007
292050.0,5.0,3.0,2840,7199,1.0,0,0,3,1710,1130,2003,Tukwila,5,11,0,11,8.0,0.39444444444444443,1,98178
415000.0,5.0,1.5,1900,10226,1.0,0,0,3,1130,770,1961,Kirkland,5,53,1,10,6.5,0.18578273198396403,1,98034
295832.0,5.0,1.0,1410,6400,1.0,0,0,5,960,450,1955,Des Moines,5,59,0,59,6.0,0.22027808154975784,1,98198
450000.0,4.0,2.5,2520,8515,2.0,0,0,3,2520,0,1999,Duvall,5,15,0,15,6.5,0.2959135744480977,0,98019
1381000.0,4.0,3.75,3160,9525,2.5,0,0,3,3160,0,1997,Mercer Island,5,17,0,17,7.75,0.3317237035481839,0,98040
857000.0,4.0,3.0,3720,29043,2.0,0,0,3,3720,0,1991,Kirkland,5,23,0,23,7.0,0.12808153146949455,0,98033
499950.0,3.0,3.5,1820,1501,2.0,0,0,3,1430,390,2014,Seattle,5,0,0,0,6.5,1.2117177097203728,1,98144
465000.0,3.0,2.0,1560,8640,1.0,0,0,5,1560,0,1967,Kirkland,5,47,0,47,5.0,0.1805346603402384,0,98034
329000.0,3.0,1.0,1600,5952,1.0,0,0,4,1150,450,1964,Seattle,5,50,0,50,4.0,0.26877204770703844,1,98106
475000.0,3.0,2.0,1230,11502,1.0,0,0,4,1230,0,1984,Redmond,5,30,0,30,5.0,0.10692862731461358,0,98052
255000.0,3.0,1.0,960,8100,1.0,0,0,3,960,0,1955,Shoreline,5,59,1,9,4.0,0.11850388840883841,0,98155
435000.0,3.0,1.0,1270,4000,1.5,0,2,3,1270,0,1928,Seattle,5,86,1,60,4.0,0.3174206448387903,0,98126
685000.0,3.0,2.5,2810,7700,2.0,0,0,3,2810,0,2001,Bellevue,5,13,0,13,5.5,0.3648876769250747,0,98006
715000.0,2.0,2.5,2160,5581,1.0,0,0,3,2160,0,2002,Redmond,5,12,0,12,4.5,0.386958079541383,0,98053
780000.0,3.0,3.0,2520,2152,1.5,0,0,3,1560,960,1925,Seattle,5,89,1,8,6.0,1.1704598235020902,1,98119
345000.0,2.0,1.5,1180,844,2.0,0,0,3,990,190,2005,Seattle,5,9,0,9,3.5,1.3964497041420119,1,98144
355000.0,4.0,2.25,1810,4970,2.0,0,0,3,1810,0,2003,Renton,5,11,0,11,6.25,0.364111848722591,0,98059
282000.0,3.0,2.5,1680,15711,1.0,0,0,3,1240,440,1994,Kent,5,20,0,20,5.5,0.10692464358452139,1,98031
244000.0,3.0,1.0,910,5250,1.0,0,0,4,910,0,1971,Burien,5,43,0,43,4.0,0.17330032374785756,0,98166
967500.0,3.0,3.75,3250,5797,2.0,0,2,4,2370,880,1951,Seattle,5,63,1,15,6.75,0.5605381165919282,1,98199
375000.0,3.0,1.5,2000,7294,1.0,0,0,3,1520,480,1965,Seattle,5,49,1,21,4.5,0.27416038382453733,1,98118
1600000.0,3.0,3.25,3790,19000,2.0,0,4,3,3790,0,1985,Seattle,5,29,0,29,6.25,0.19946318614809747,0,98177
527500.0,3.0,1.75,2310,78844,1.0,0,0,3,1760,550,1977,Issaquah,5,37,1,10,4.75,0.029297989726678925,1,98027
994000.0,3.0,2.25,2510,6339,1.5,0,2,5,1810,700,1932,Seattle,5,82,1,12,5.25,0.39589905362776023,1,98199
313000.0,3.0,1.75,1320,6205,1.0,0,0,5,1320,0,1948,Shoreline,5,66,1,29,4.75,0.21269738962294554,0,98133
587000.0,3.0,2.25,2370,217800,2.0,0,0,3,2370,0,1979,Redmond,5,35,1,0,5.25,0.010881492738784486,0,98053
304000.0,3.0,1.0,900,7500,1.0,0,0,4,900,0,1972,Kirkland,5,42,0,42,4.0,0.11998400213304893,0,98034
675000.0,3.0,2.5,2540,7680,2.0,0,1,4,2540,0,1940,Seattle,5,74,1,13,5.5,0.330686108579612,0,98177
305000.0,4.0,1.0,2100,9288,1.0,0,0,4,1050,1050,1968,Renton,5,46,0,46,5.0,0.22607385079125847,1,98058
280000.0,3.0,1.0,1200,6250,1.0,0,0,3,920,280,1943,Seattle,5,71,1,12,4.0,0.1919692849144137,1,98168
960000.0,5.0,4.0,3720,15200,2.0,0,0,3,3720,0,2005,Sammamish,5,9,0,9,9.0,0.24472074205644365,0,98075
500000.0,3.0,2.25,1760,4539,2.0,0,0,3,1760,0,1988,Issaquah,5,26,1,14,5.25,0.3876651982378855,0,98029
274950.0,3.0,1.75,1670,7415,1.0,0,0,3,1320,350,1987,Covington,5,27,1,14,4.75,0.22518878101402373,1,98042
455600.0,3.0,2.5,2420,8252,2.0,0,0,3,2420,0,1998,Snoqualmie,5,16,1,8,5.5,0.2932267054404459,0,98065
970000.0,5.0,3.0,3480,15185,2.0,0,0,4,3480,0,1964,Mercer Island,5,50,0,50,8.0,0.22915843540102726,0,98040
312900.0,4.0,2.5,1630,4473,2.0,0,0,3,1630,0,2003,Maple Valley,5,11,0,11,6.5,0.3643272239606616,0,98038
535000.0,4.0,2.5,2340,5600,2.0,0,0,3,2340,0,1921,Seattle,5,93,1,1,6.5,0.4177825388323514,0,98146
427000.0,2.0,1.0,920,3780,1.0,0,0,3,920,0,1910,Seattle,5,104,1,8,3.0,0.24332187252049722,0,98103
405000.0,2.0,1.0,910,6490,1.0,0,0,3,910,0,1942,Seattle,5,72,1,15,3.0,0.14019411492836234,0,98115
480000.0,3.0,1.0,1150,4945,1.0,0,2,3,1150,0,1943,Seattle,5,71,1,12,4.0,0.2325111200970481,0,98126
725000.0,3.0,1.5,2500,4774,1.5,0,2,3,1450,1050,1940,Seattle,5,74,1,18,4.5,0.5235602094240838,1,98107
293000.0,4.0,2.5,3250,235063,1.0,0,2,3,3250,0,1973,Auburn,5,41,1,1,6.5,0.013826021849368682,0,98092
268000.0,4.0,2.0,1930,6600,1.0,0,0,4,1030,900,1967,Burien,5,47,0,47,6.0,0.2923799424329647,1,98168
475000.0,4.0,3.5,3400,234352,2.0,0,0,3,2500,900,1991,Vashon,5,23,0,23,7.5,0.014508028486940642,1,98070
488000.0,3.0,2.5,1590,2550,3.0,0,0,3,1590,0,1985,Seattle,5,29,0,29,5.5,0.6232849862798903,0,98117
760000.0,4.0,2.5,3330,7399,2.0,0,0,3,3330,0,2009,Redmond,5,5,0,5,6.5,0.45,0,98052
1710000.0,5.0,4.5,4590,14685,2.0,0,0,3,4590,0,2009,Kirkland,5,5,0,5,9.5,0.3125425575377911,0,98033
754950.0,3.0,2.5,2610,7256,2.0,0,0,3,2610,0,2014,Kirkland,5,0,0,0,5.5,0.35965274906986355,0,98033
263900.0,3.0,2.5,1658,2700,2.0,0,0,3,1658,0,2014,Des Moines,5,0,0,0,5.5,0.6138467234357645,0,98198
460000.0,3.0,3.5,1600,1431,2.0,0,0,3,1240,360,2006,Seattle,5,8,0,8,6.5,1.1173184357541899,1,98117
399950.0,3.0,3.0,1296,1051,3.0,0,0,3,1296,0,2009,Seattle,5,5,0,5,6.0,1.231939163498099,0,98125
370000.0,2.0,2.25,1280,835,2.0,0,0,3,1080,200,2009,Seattle,5,5,0,5,4.25,1.5311004784688995,1,98118
1149000.0,4.0,3.0,5940,11533,2.0,0,4,3,4950,990,2004,Snoqualmie,5,10,1,11,7.0,0.5149991329980926,1,98065
450800.0,4.0,3.25,2510,5311,2.0,0,0,3,2510,0,2009,Renton,5,5,0,5,7.25,0.47251506024096385,0,98056
627000.0,3.0,3.5,2710,3475,2.0,0,0,3,1650,1060,2005,Issaquah,5,9,0,9,6.5,0.7796317606444189,1,98027
495000.0,3.0,2.5,1750,1548,3.0,0,0,3,1750,0,2013,Seattle,5,1,1,91,5.5,1.1297611362169142,0,98118
310000.0,3.0,1.0,1430,19901,1.5,0,0,4,1430,0,1927,Kenmore,5,87,0,87,4.0,0.07185207516832479,0,98028
550000.0,4.0,1.0,1660,34848,1.0,0,0,1,930,730,1933,Redmond,5,81,0,81,5.0,0.04763407845275331,1,98052
215000.0,2.0,1.0,1320,8865,1.0,0,0,4,1320,0,1943,Burien,5,71,0,71,3.0,0.1488833746898263,0,98168
799000.0,4.0,3.0,2580,209523,2.0,0,0,3,2580,0,1984,Redmond,5,30,0,30,7.0,0.012313625169431665,0,98053
630000.0,4.0,2.5,2740,43101,2.0,0,0,3,2740,0,1993,Woodinville,5,21,0,21,6.5,0.06357013595656814,0,98077
267000.0,3.0,2.5,2495,4400,2.0,0,0,3,2495,0,2007,Federal Way,5,7,0,7,5.5,0.5669166098613951,0,98001
900000.0,6.0,2.75,2300,24773,1.5,0,0,4,2300,0,1950,Mercer Island,5,64,1,29,8.75,0.0928392669734399,0,98040
365000.0,3.0,1.5,1300,12240,1.0,0,0,3,1300,0,1963,Kenmore,5,51,1,6,4.5,0.10620047381749857,0,98028
544500.0,4.0,2.5,2230,10414,1.0,0,0,5,1450,780,1974,Issaquah,5,40,0,40,6.5,0.21411425828132502,1,98075
599000.0,4.0,2.75,2020,2750,1.0,0,0,3,1010,1010,1917,Seattle,5,97,1,0,6.75,0.7342784442021083,1,98122
815000.0,4.0,2.25,2000,3800,2.0,0,0,3,2000,0,2001,Seattle,5,13,0,13,6.25,0.5261773217574323,0,98115
254000.0,2.0,1.0,1060,8187,1.0,0,0,4,1060,0,1952,Shoreline,5,62,0,62,3.0,0.12945774303859306,0,98133
740000.0,2.0,1.75,2080,4800,1.0,0,0,5,1080,1000,1923,Seattle,5,91,0,91,3.75,0.43324307435950843,1,98117
225000.0,3.0,2.0,2030,24829,1.0,0,0,4,1220,810,1979,Auburn,5,35,0,35,5.0,0.08175594039468385,1,98001
925000.0,3.0,2.5,2690,7000,2.0,0,0,5,1840,850,1943,Seattle,5,71,0,71,5.5,0.384230824167976,1,98115
1285000.0,4.0,2.5,3240,10800,1.0,0,0,3,2260,980,1946,Seattle,5,68,0,68,6.5,0.29997222479400054,1,98105
537000.0,3.0,2.5,1550,12920,2.0,0,0,5,1550,0,1999,Kirkland,5,15,0,15,5.5,0.1199597554368857,0,98033
335000.0,4.0,2.0,1480,3132,1.0,0,0,5,740,740,1910,Seattle,5,104,0,104,6.0,0.4723906798595595,1,98108
840000.0,4.0,2.75,3040,2800,2.0,0,0,3,2100,940,1906,Seattle,5,108,1,0,6.75,1.085326669046769,1,98102
224000.0,3.0,1.5,1560,7300,1.0,0,0,4,1040,520,1964,Auburn,5,50,0,50,4.5,0.2136693603615943,1,98001
395000.0,3.0,2.5,2250,3757,2.0,0,0,3,2250,0,2006,Renton,5,8,0,8,5.5,0.5987227248536455,0,98059
450000.0,3.0,1.0,1100,4600,1.0,0,0,3,1100,0,1917,Seattle,5,97,1,5,4.0,0.23907846120408607,0,98116
681000.0,3.0,1.0,1700,6356,1.5,0,0,3,1700,0,1907,Seattle,5,107,1,31,4.0,0.26742173981437783,0,98118
898000.0,5.0,1.5,2680,28014,1.0,0,0,4,1450,1230,1963,Bellevue,5,51,0,51,6.5,0.09566303765839729,1,98004
370000.0,3.0,1.0,800,2296,1.0,0,0,4,800,0,1908,Seattle,5,106,0,106,4.0,0.348280365694384,0,98103
429000.0,2.0,1.75,1350,6315,1.0,0,0,3,1350,0,2005,Redmond,5,9,0,9,3.75,0.21374287523749208,0,98053
150000.0,3.0,1.0,820,7680,1.5,0,0,3,820,0,1910,Seattle,5,104,1,8,4.0,0.10675693269105585,0,98106
555000.0,3.0,2.5,3160,4270,2.0,0,0,3,2650,510,2006,Bothell,5,8,0,8,5.5,0.739873565909623,1,98011
326000.0,3.0,2.75,1720,28000,1.0,0,0,4,1720,0,1958,Renton,5,56,1,42,5.75,0.06142637762937038,0,98058
225000.0,3.0,2.5,1680,6755,2.0,0,0,3,1680,0,1994,Auburn,5,20,0,20,5.5,0.24866785079928952,0,98092
245100.0,3.0,1.75,1300,7958,1.0,0,0,3,1300,0,1996,Auburn,5,18,0,18,4.75,0.1633371026510868,0,98092
665000.0,3.0,2.5,2190,10370,2.0,0,0,3,2190,0,1987,Sammamish,5,27,1,14,5.5,0.21116575065085333,0,98074
535000.0,3.0,2.5,1720,4006,2.0,0,0,3,1720,0,1994,Issaquah,5,20,0,20,5.5,0.42924881457449465,0,98029
305000.0,3.0,1.0,1160,11776,1.0,0,0,3,1160,0,1968,Woodinville,5,46,1,17,4.0,0.09849707056126349,0,98077
999000.0,7.0,4.0,3150,34830,1.0,0,0,3,3150,0,1957,Bellevue,5,57,1,9,11.0,0.09043667996899314,0,98007
215000.0,3.0,1.75,1210,8075,1.0,0,0,4,1210,0,1983,Pacific,5,31,0,31,4.75,0.14982664685487865,0,98047
432500.0,3.0,1.75,1980,5100,1.0,0,0,3,1270,710,1965,Seattle,5,49,1,21,4.75,0.3881591844736326,1,98103
655000.0,4.0,2.5,2990,5669,2.0,0,0,3,2990,0,2003,Sammamish,5,11,0,11,6.5,0.527336860670194,0,98074
266200.0,3.0,1.5,1430,9600,1.0,0,0,4,1430,0,1966,Renton,5,48,0,48,4.5,0.1489428184564108,0,98059
244615.0,3.0,2.5,2060,4030,2.0,0,0,3,2060,0,1999,Kent,5,15,0,15,5.5,0.5110394443066236,0,98032
460000.0,4.0,3.0,2230,52983,2.0,0,0,3,2230,0,1991,Kent,5,23,0,23,7.0,0.0420881775630379,0,98030
370000.0,4.0,2.5,3090,18645,2.0,0,0,3,3090,0,1995,Federal Way,5,19,0,19,6.5,0.1657191891022203,0,98023
465000.0,6.0,3.25,4250,23326,1.0,0,3,3,2150,2100,1967,Federal Way,5,47,1,3,9.25,0.18219230934110686,1,98003
1175000.0,3.0,2.5,1970,23180,1.0,1,4,3,1100,870,1937,Seattle,5,77,1,16,5.5,0.08498339157068288,1,98136
189000.0,2.0,2.0,1700,3171,1.0,0,0,5,850,850,1927,Auburn,5,87,0,87,4.0,0.5359394703656999,1,98002
820000.0,3.0,2.5,2510,5503,2.0,0,2,3,2510,0,1995,Seattle,5,19,0,19,5.5,0.45603197674418605,0,98136
968000.0,6.0,2.75,3610,17580,1.0,0,4,5,2070,1540,1959,Sammamish,5,55,0,55,8.75,0.20533530515897844,1,98075
1400000.0,4.0,3.25,2980,7000,2.0,0,3,3,2140,840,1900,Seattle,5,114,1,0,7.25,0.4256534780745608,1,98144
438750.0,3.0,1.75,1610,6480,1.0,0,0,4,1610,0,1947,Seattle,5,67,1,26,4.75,0.24841845394229287,0,98125
1210000.0,4.0,2.75,3650,6982,2.0,0,2,4,2530,1120,1951,Seattle,5,63,1,11,6.75,0.5226979808105399,1,98115
600000.0,4.0,2.0,2510,38141,1.0,0,0,3,2510,0,1960,Kirkland,5,54,1,2,6.0,0.06580672224844004,0,98034
589000.0,3.0,1.0,1110,6000,1.5,0,0,5,1110,0,1932,Seattle,5,82,1,12,4.0,0.1849691718046992,0,98199
590000.0,3.0,2.0,1650,6150,2.0,0,0,4,1650,0,1926,Seattle,5,88,1,21,5.0,0.2682490651926516,0,98116
479900.0,3.0,2.0,1980,12150,1.0,0,0,3,1980,0,1994,Kent,5,20,0,20,5.0,0.16294955147724466,0,98042
210000.0,2.0,1.5,880,1157,2.0,0,0,3,880,0,2007,Seattle,5,7,0,7,3.5,0.7599309153713298,0,98126
745000.0,3.0,1.75,1490,9800,1.0,0,0,4,1140,350,1947,Beaux Arts Village,5,67,1,26,4.75,0.15202530354045504,1,98004
840500.0,3.0,2.0,2520,5400,1.5,0,0,4,1410,1110,1906,Seattle,5,108,1,24,5.0,0.4665802629142751,1,98119
420000.0,3.0,1.75,1820,22320,1.0,0,0,3,1250,570,1977,Redmond,5,37,1,10,4.75,0.081537565521258,1,98053
565000.0,7.0,4.5,4140,9066,1.0,0,0,3,2070,2070,1978,Seattle,5,36,0,36,11.5,0.45660086026249036,1,98125
840000.0,4.0,2.5,3420,8405,2.0,0,0,3,3420,0,2000,Sammamish,5,14,0,14,6.5,0.4068522483940043,0,98074
681716.0,4.0,2.5,3150,7277,2.0,0,0,3,3150,0,2006,Renton,5,8,0,8,6.5,0.43281121187139326,0,98056
600000.0,3.0,1.75,1580,7416,1.0,0,0,3,1150,430,1967,Bellevue,5,47,1,3,4.75,0.2130241337467979,1,98005
380000.0,3.0,2.0,1660,8281,1.0,0,0,3,1660,0,1949,Seattle,5,65,1,16,5.0,0.20043467761410289,0,98136
168500.0,3.0,1.0,1100,10125,1.0,0,0,3,1100,0,1969,Covington,5,45,1,4,4.0,0.10863124629666206,0,98042
355000.0,2.0,1.0,1270,3200,1.0,0,0,4,960,310,1920,Seattle,5,94,0,94,3.0,0.39675101530771634,1,98103
277000.0,4.0,1.0,1450,6250,1.0,0,0,3,990,460,1964,Seattle,5,50,1,14,5.0,0.23196288593824987,1,98146
236000.0,4.0,2.25,1830,9485,1.0,0,0,4,1200,630,1989,Federal Way,5,25,0,25,6.25,0.19291587602783047,1,98023
270000.0,3.0,1.75,1300,4127,1.0,0,0,4,650,650,1918,Seattle,5,96,1,61,4.75,0.31492248062015504,1,98106
700000.0,2.0,1.75,2320,5500,1.5,0,2,3,1720,600,1925,Seattle,5,89,1,14,3.75,0.4217415015451736,1,98144
425000.0,4.0,2.75,1680,9545,1.0,0,0,4,1080,600,1979,Kenmore,5,35,0,35,6.75,0.1759899434318039,1,98028
635000.0,3.0,2.5,2300,5500,1.5,0,0,4,2000,300,1921,Seattle,5,93,0,93,5.5,0.41810579894564626,1,98144
510250.0,3.0,1.75,1400,4000,1.0,0,0,3,870,530,1951,Seattle,5,63,1,20,4.75,0.34991252186953264,1,98117
960000.0,4.0,2.25,2410,4560,2.0,0,2,5,1800,610,1929,Seattle,5,85,0,85,6.25,0.5283928962946722,1,98117
254000.0,3.0,2.0,1480,7480,1.0,0,0,4,1480,0,1992,Maple Valley,5,22,0,22,5.0,0.19783451410239272,0,98038
299000.0,3.0,1.0,1390,9624,1.5,0,0,4,1390,0,1954,Shoreline,5,60,1,35,4.0,0.1444155844155844,0,98155
175000.0,2.0,1.0,830,2699,1.0,0,0,3,830,0,1996,Maple Valley,5,18,0,18,3.0,0.3074074074074074,0,98038
157500.0,2.0,1.0,740,9003,1.0,0,0,3,740,0,1949,Kent,5,65,1,16,3.0,0.08218569524655708,0,98031
580000.0,5.0,2.0,1940,6000,1.0,0,0,5,970,970,1945,Seattle,5,69,0,69,7.0,0.32327945342442926,1,98115
124740.0,3.0,1.0,1340,15600,1.0,0,0,4,1340,0,1978,Kent,5,36,1,14,4.0,0.08589193000448689,0,98042
1970000.0,8.0,3.5,4440,6480,2.0,0,3,5,3140,1300,1959,Seattle,5,55,0,55,11.5,0.6850794630458262,1,98112
285000.0,2.0,1.0,800,6240,1.0,0,0,3,800,0,1954,Seattle,5,60,1,9,3.0,0.12818458580355713,0,98125
242000.0,3.0,1.75,1310,9645,1.0,0,0,3,1310,0,1979,SeaTac,5,35,1,0,4.75,0.1358075886377773,0,98198
840000.0,4.0,1.75,2330,4000,2.0,0,0,5,1300,1030,1924,Seattle,5,90,1,58,5.75,0.5823544113971507,1,98105
474800.0,2.0,3.25,1400,1243,3.0,0,0,3,1400,0,2000,Seattle,5,14,0,14,5.25,1.1254019292604502,0,98103
490000.0,4.0,2.5,2360,4367,2.0,0,0,3,2360,0,2003,Woodinville,5,11,0,11,6.5,0.5402930402930403,0,98072
465000.0,3.0,2.25,1840,5752,2.0,0,0,3,1840,0,2003,Kirkland,5,11,0,11,5.25,0.31983313054058754,0,98034
515000.0,4.0,2.5,2680,7178,2.0,0,0,3,2680,0,2004,Snoqualmie,5,10,1,11,6.5,0.3733110461067001,0,98065
430000.0,3.0,3.75,3890,7140,1.0,0,2,3,2390,1500,1943,Seattle,5,71,1,7,6.75,0.5447416328245344,1,98178
253400.0,3.0,2.0,1400,8640,1.0,0,0,5,1400,0,1968,Federal Way,5,46,0,46,5.0,0.16201828492072676,0,98003
355000.0,3.0,2.5,2400,9701,1.0,0,0,3,2400,0,1990,Federal Way,5,24,1,5,5.5,0.24737167594310452,0,98023
740000.0,4.0,2.25,2920,46355,2.0,0,0,4,2920,0,1998,Fall City,5,16,0,16,6.25,0.06299076710673915,0,98024
186950.0,2.0,2.0,1390,1302,2.0,0,0,3,1390,0,1986,Federal Way,5,28,0,28,4.0,1.066768994627782,0,98003
306000.0,3.0,2.5,1680,11193,2.0,0,0,3,1680,0,1984,Renton,5,30,0,30,5.5,0.15008040021440058,0,98058
510000.0,4.0,1.5,2040,8800,1.0,0,0,4,1020,1020,1961,Bellevue,5,53,1,13,5.5,0.23179184183615498,1,98007
345000.0,2.0,1.0,1080,4000,1.0,0,0,3,1080,0,1940,Seattle,5,74,1,18,3.0,0.2699325168707823,0,98117
875000.0,3.0,2.75,2280,4280,1.0,0,0,5,1280,1000,1917,Seattle,5,97,0,97,5.75,0.5325858444288718,1,98103
700000.0,4.0,3.5,4490,5099,2.0,0,0,3,3390,1100,2006,Snoqualmie,5,8,0,8,7.5,0.8803921568627451,1,98065
1400000.0,4.0,3.25,4700,9160,1.0,0,4,3,2520,2180,2005,Seattle,5,9,0,9,7.25,0.5130444274642506,1,98116
499950.0,4.0,2.5,2798,4473,2.0,0,0,3,2798,0,2012,Renton,5,2,1,102,6.5,0.6253911488600805,0,98055
739000.0,3.0,2.5,2810,5400,2.0,0,0,3,2810,0,2005,Redmond,5,9,0,9,5.5,0.5202740233290132,0,98052
363000.0,4.0,2.5,3753,7204,2.0,0,0,3,3336,417,2008,Federal Way,5,6,0,6,6.5,0.5208882720333102,1,98023
782000.0,4.0,3.5,3910,8095,2.0,0,0,3,3130,780,2007,Issaquah,5,7,0,7,7.5,0.48295454545454547,1,98029
325000.0,2.0,2.5,1050,1609,2.0,0,0,3,1050,0,2005,Seattle,5,9,0,9,4.5,0.6521739130434783,0,98144
485000.0,4.0,1.0,1600,4300,1.5,0,0,4,1600,0,1916,Seattle,5,98,0,98,5.0,0.372006510113927,0,98103
452000.0,4.0,2.25,2590,10002,1.0,0,0,4,1340,1250,1968,Kenmore,5,46,0,46,6.25,0.25892232330300907,1,98028
264950.0,4.0,2.25,1720,9753,1.0,0,0,4,1120,600,1978,Federal Way,5,36,1,14,6.25,0.17633791265122,1,98023
472000.0,6.0,2.5,4410,14034,1.0,0,2,4,2350,2060,1965,Federal Way,5,49,0,49,8.5,0.314214463840399,1,98003
267500.0,3.0,1.75,1590,11914,1.0,0,2,3,1090,500,1957,SeaTac,5,57,1,14,4.75,0.13344523709609735,1,98188
565000.0,4.0,2.5,2440,22594,2.0,0,0,3,2440,0,1996,Redmond,5,18,0,18,6.5,0.1079884930294313,0,98053
535000.0,3.0,2.5,1360,1016,3.0,0,0,3,1310,50,2003,Seattle,5,11,0,11,5.5,1.337266470009833,1,98115
389000.0,2.0,1.0,910,7000,1.0,0,0,3,910,0,1952,Seattle,5,62,1,6,3.0,0.12998143122411085,0,98115
400000.0,4.0,1.5,1390,7200,1.0,0,0,3,1140,250,1965,Seattle,5,49,1,21,5.5,0.19302874600749895,1,98133
264000.0,3.0,1.5,1470,14821,1.0,0,0,4,1470,0,1958,Kent,5,56,1,42,4.5,0.09917689920388612,0,98042
690000.0,4.0,2.5,2920,9904,2.0,0,0,4,2920,0,1990,Issaquah,5,24,0,24,6.5,0.2948006057546694,0,98029
412000.0,3.0,1.75,1950,52256,1.0,0,0,4,1950,0,1985,Kent,5,29,0,29,4.75,0.037315574946897065,0,98042
695000.0,3.0,2.5,2390,4555,2.0,0,0,3,2390,0,2006,Sammamish,5,8,0,8,5.5,0.5245829675153644,0,98074
246500.0,3.0,1.5,1270,11600,1.0,0,0,4,1270,0,1964,Kent,5,50,0,50,4.5,0.10947332126540815,0,98031
230000.0,2.0,1.0,950,7560,1.0,0,0,3,950,0,1958,Renton,5,56,1,10,3.0,0.1256447559846581,0,98058
302000.0,2.0,1.0,900,423838,1.0,0,2,5,900,0,1925,Enumclaw,5,89,0,89,3.0,0.0021234478186292435,0,98022
820000.0,4.0,2.25,2280,6660,1.5,0,2,3,1960,320,1940,Seattle,5,74,1,30,6.25,0.3422909473052094,1,98119
145000.0,3.0,1.0,1010,5490,1.0,0,0,3,1010,0,1954,SeaTac,5,60,1,9,4.0,0.18393735203059552,0,98168
436500.0,2.0,1.0,1260,5000,1.0,0,0,3,1040,220,1951,Seattle,5,63,1,20,3.0,0.2519496100779844,1,98117
2453500.0,4.0,3.5,4730,13586,1.5,0,0,5,4270,460,1935,Seattle,5,79,0,79,7.5,0.3481268859939648,1,98112
672000.0,3.0,2.5,2620,21587,2.0,0,0,3,2620,0,1992,Redmond,5,22,0,22,5.5,0.12136372058551047,0,98053
680000.0,3.0,2.25,2330,4000,1.5,0,2,5,1520,810,1927,Seattle,5,87,0,87,5.25,0.5823544113971507,1,98115
750500.0,5.0,3.0,2170,2440,1.5,0,0,4,1450,720,1911,Seattle,5,103,1,48,8.0,0.8889799262597297,1,98105
550000.0,5.0,2.0,2450,9488,1.0,0,0,4,1240,1210,1900,Seattle,5,114,1,59,7.0,0.25819369796606595,1,98133
266500.0,4.0,1.75,1880,7632,1.0,0,0,4,1180,700,1978,Federal Way,5,36,1,14,5.75,0.24629896502030657,1,98023
619000.0,4.0,2.0,2300,3400,1.5,0,0,5,1550,750,1915,Seattle,5,99,0,99,6.0,0.6762716847985887,1,98117
405000.0,3.0,2.0,1240,14404,1.0,0,0,3,1240,0,1988,Redmond,5,26,1,14,5.0,0.08608122179798681,0,98053
300000.0,2.0,1.0,820,3844,1.0,0,0,4,820,0,1916,Seattle,5,98,0,98,3.0,0.21326397919375814,0,98133
231000.0,4.0,2.0,1530,6375,2.0,0,0,3,1530,0,1942,Renton,5,72,1,31,6.0,0.23996235884567127,0,98058
790000.0,5.0,3.25,2900,12160,1.0,0,0,4,1890,1010,1967,Bellevue,5,47,0,47,8.25,0.23846723131321437,1,98005
400000.0,4.0,2.75,1240,3867,1.0,0,0,3,800,440,1987,Seattle,5,27,1,14,6.75,0.32057911065149947,1,98125
950000.0,4.0,3.5,4140,13392,2.0,0,0,3,4140,0,2000,Newcastle,5,14,0,14,7.5,0.3091167027551706,0,98059
450000.0,4.0,2.0,2240,7725,1.0,0,0,5,1120,1120,1956,Seattle,5,58,0,58,6.0,0.28993010613512815,1,98106
595000.0,3.0,2.0,1480,5000,1.0,0,0,4,750,730,1928,Seattle,5,86,0,86,5.0,0.2959408118376325,1,98117
332000.0,3.0,2.25,2270,8876,1.0,0,0,3,1380,890,1977,Renton,5,37,1,10,5.25,0.255717021516278,1,98058
155000.0,3.0,1.0,1250,6250,1.0,0,0,2,1030,220,1949,Seattle,5,65,0,65,4.0,0.19996800511918092,1,98108
400000.0,5.0,2.0,1930,9747,1.0,0,0,4,1020,910,1962,Kenmore,5,52,0,52,7.0,0.19798933114485023,1,98028
349000.0,4.0,1.75,1700,7800,1.0,0,0,5,1120,580,1981,Renton,5,33,0,33,5.75,0.21792077938725804,1,98059
529000.0,3.0,1.0,1590,6420,1.0,0,0,3,1590,0,1944,Seattle,5,70,0,70,4.0,0.24762498053262733,0,98136
405000.0,5.0,1.75,1880,10000,1.0,0,0,3,960,920,1963,Kirkland,5,51,1,6,6.75,0.18798120187981202,1,98034
635200.0,4.0,1.75,1640,4240,1.0,0,0,5,920,720,1921,Seattle,5,93,0,93,5.75,0.3867012497052582,1,98117
540000.0,3.0,1.5,2600,5085,1.0,0,0,4,1400,1200,1940,Seattle,5,74,1,13,4.5,0.5112072355485647,1,98126
402000.0,2.0,1.0,710,1173,2.0,0,0,4,710,0,1943,Seattle,5,71,0,71,3.0,0.6047700170357752,0,98102
3100000.0,6.0,4.25,6980,15682,3.0,0,4,4,5330,1650,1999,Mercer Island,5,15,0,15,10.25,0.4450679079257795,1,98040
329932.0,3.0,1.5,1460,5040,1.0,0,0,3,1100,360,1971,Seattle,5,43,0,43,4.5,0.28962507439000196,1,98133
300000.0,3.0,2.5,2080,9827,2.0,0,0,3,2080,0,1989,Federal Way,5,25,0,25,5.5,0.21164021164021163,0,98023
525000.0,5.0,2.5,2630,9216,2.0,0,0,3,2630,0,2003,Duvall,5,11,0,11,7.5,0.2853423022675491,0,98019
2750000.0,4.0,3.25,4430,21000,2.0,0,0,3,4430,0,1952,Medina,5,62,1,7,7.25,0.21094233607923432,0,98039
602500.0,4.0,2.5,2760,6850,2.0,0,0,3,2760,0,1999,Newcastle,5,15,0,15,6.5,0.40286089621953,0,98056
400000.0,4.0,2.0,1670,12056,1.0,0,0,3,1670,0,1955,Kenmore,5,59,1,9,6.0,0.13850875010367422,0,98028
445000.0,4.0,1.75,1990,4725,1.5,0,0,4,1190,800,1944,Seattle,5,70,0,70,5.75,0.4210749047820567,1,98126
525000.0,3.0,3.0,2600,5238,1.5,0,3,3,1890,710,1989,Des Moines,5,25,0,25,6.0,0.49627791563275436,1,98198
395000.0,2.0,1.0,1320,1824,1.5,0,0,4,1320,0,1909,Seattle,5,105,1,25,3.0,0.7232876712328767,0,98144
510000.0,3.0,1.5,2240,3800,2.0,0,0,3,1370,870,1929,Seattle,5,85,0,85,4.5,0.5893186003683242,1,98115
723000.0,4.0,2.25,1960,8680,1.0,0,0,4,1290,670,1959,Bellevue,5,55,0,55,6.25,0.22578044004146988,1,98004
503000.0,3.0,2.0,2590,108900,2.0,0,0,3,1980,610,1988,Maple Valley,5,26,1,14,5.0,0.023783069025996088,1,98038
672500.0,4.0,2.75,2620,6707,2.0,0,0,3,2620,0,2000,Sammamish,5,14,0,14,6.75,0.3905784138342278,0,98075
860000.0,3.0,2.5,2770,9136,2.0,0,0,3,2770,0,1991,Bellevue,5,23,0,23,5.5,0.3031629637736675,0,98006
475300.0,3.0,1.0,2110,10005,1.0,0,0,5,1110,1000,1924,Kirkland,5,90,1,58,4.0,0.21087347591445132,1,98033
295000.0,4.0,2.5,2290,4539,2.0,0,0,3,2290,0,2001,Renton,5,13,0,13,6.5,0.5044052863436124,0,98058
1425000.0,4.0,4.25,4960,6000,2.5,0,0,3,3680,1280,1909,Seattle,5,105,1,11,8.25,0.8265289118480253,1,98109
250000.0,2.0,1.0,1110,26051,1.0,0,0,3,1110,0,1951,SeaTac,5,63,1,20,3.0,0.0426070935052971,0,98168
658000.0,4.0,2.75,3310,6166,2.0,0,0,3,3310,0,2008,Snoqualmie,5,6,0,6,6.75,0.5367277444462462,0,98065
83000.0,2.0,1.0,900,8580,1.0,0,0,3,900,0,1918,Tukwila,5,96,0,96,3.0,0.1048828807831255,0,98168
685000.0,3.0,1.75,1940,7313,1.0,0,1,4,1440,500,1960,Seattle,5,54,1,13,4.75,0.26524473612250477,1,98136
210000.0,3.0,1.75,1590,7617,2.0,0,0,3,1590,0,1986,Des Moines,5,28,0,28,4.75,0.20871619847729062,0,98198
650880.0,3.0,2.5,2930,6050,2.0,0,0,3,2930,0,2008,Snoqualmie,5,6,0,6,5.5,0.48421748471327053,0,98065
350000.0,4.0,2.5,2040,22653,2.0,0,0,3,2040,0,2011,Seattle,5,3,0,3,6.5,0.09005032223889821,0,98168
305000.0,2.0,2.25,1000,905,3.0,0,0,3,1000,0,2006,Seattle,5,8,0,8,4.25,1.1037527593818985,0,98117
645000.0,3.0,3.25,1730,1229,2.0,0,2,3,1320,410,2008,Seattle,5,6,0,6,6.25,1.4065040650406504,1,98119
385000.0,3.0,1.0,1220,4800,1.0,0,0,3,1220,0,1901,Seattle,5,113,0,113,4.0,0.2541137263070194,0,98122
860000.0,3.0,2.25,3060,12095,2.0,0,0,3,3060,0,1983,Bellevue,5,31,1,5,5.25,0.25297619047619047,0,98006
395000.0,4.0,2.5,2910,5000,2.0,0,0,3,2910,0,2002,Covington,5,12,0,12,6.5,0.5818836232753449,0,98042
260000.0,3.0,1.75,1050,5850,1.0,0,0,3,1050,0,1980,Burien,5,34,0,34,4.75,0.1794565031618527,0,98166
196440.0,3.0,2.0,1560,7352,1.0,0,0,3,1560,0,1992,Algona,5,22,0,22,5.0,0.21215830273357814,0,98001
425000.0,3.0,1.75,1680,3000,1.0,0,2,4,840,840,1900,Seattle,5,114,1,43,4.75,0.5598133955348217,1,98103
2400000.0,4.0,3.25,4140,20734,1.0,0,1,3,3300,840,1977,Clyde Hill,5,37,1,9,7.25,0.19966240655895828,1,98004
369000.0,3.0,2.0,1550,8509,1.0,0,0,3,1150,400,1959,Seattle,5,55,1,25,5.0,0.18213866039952997,1,98106
1385000.0,6.0,2.75,5700,20000,1.0,0,4,4,2850,2850,1977,Bellevue,5,37,0,37,8.75,0.2849857507124644,1,98006
349900.0,3.0,2.5,2200,7278,2.0,0,0,3,2200,0,1990,Renton,5,24,1,5,5.5,0.3022393185877181,0,98058
650000.0,2.0,2.5,1740,2500,2.0,0,2,3,1210,530,1994,Seattle,5,20,0,20,4.5,0.6957217113154738,1,98112
299950.0,3.0,1.0,1210,9525,1.0,0,0,3,1210,0,1955,Seattle,5,59,1,9,4.0,0.12702078521939955,0,98106
625000.0,4.0,3.25,4240,25639,2.0,0,3,3,3550,690,1989,Federal Way,5,25,0,25,7.25,0.16536661466458658,1,98023
190000.0,3.0,2.25,1590,11745,1.0,0,0,3,1090,500,1978,Auburn,5,36,0,36,5.25,0.13536523071683979,1,98001
715000.0,4.0,1.75,3420,7200,1.0,0,3,5,1770,1650,1947,Seattle,5,67,0,67,5.75,0.47493403693931396,1,98125
659000.0,4.0,2.5,3190,11375,1.0,0,0,5,2210,980,1946,Seattle,5,68,0,68,6.5,0.28041490857946555,1,98125
490000.0,3.0,1.75,1920,5405,1.0,0,2,4,960,960,1947,Seattle,5,67,1,26,4.75,0.3551609322974473,1,98126
415000.0,2.0,1.75,1340,4664,1.0,0,0,3,1340,0,2004,Redmond,5,10,1,11,3.75,0.2872454448017149,0,98053
750000.0,3.0,1.75,1700,8400,1.0,0,0,3,1460,240,1947,Seattle,5,67,1,2,4.75,0.20235686227830021,1,98199
700000.0,4.0,2.5,2310,3570,1.5,0,0,3,1490,820,1927,Seattle,5,87,1,0,6.5,0.6468776253150378,1,98103
425000.0,3.0,1.75,1510,44000,1.0,0,0,3,1240,270,1989,North Bend,5,25,0,25,4.75,0.034317401877230064,1,98045
642000.0,3.0,2.5,2670,10082,1.0,0,0,3,2670,0,1987,Sammamish,5,27,1,14,5.5,0.2648021422195775,0,98074
655000.0,4.0,2.25,2060,8470,1.0,0,0,3,1440,620,1983,Bellevue,5,31,1,5,6.25,0.24318262306693425,1,98006
1365000.0,3.0,2.5,2090,6000,1.5,0,0,4,2090,0,1928,Seattle,5,86,0,86,5.5,0.3482752874520913,0,98105
458000.0,5.0,2.5,3090,23265,1.0,0,0,3,2990,100,1957,Bothell,5,57,1,14,7.5,0.1328118284191524,1,98011
330000.0,2.0,2.5,1240,1546,2.0,0,0,3,1240,0,2007,Seattle,5,7,0,7,4.5,0.8015513897866839,0,98108
384950.0,3.0,2.5,1860,3690,2.0,0,0,3,1860,0,2000,Kenmore,5,14,0,14,5.5,0.5039284746681116,0,98028
560000.0,3.0,1.5,2000,7350,1.0,0,0,3,2000,0,1953,Seattle,5,61,0,61,4.5,0.2720718269623181,0,98177
950000.0,4.0,1.75,2500,92347,1.0,0,0,4,1500,1000,1970,Mercer Island,5,44,0,44,5.75,0.027071512106380213,1,98040
465000.0,4.0,2.25,1820,20349,1.0,0,0,5,1340,480,1977,Woodinville,5,37,0,37,6.25,0.08943488943488943,1,98072
425000.0,3.0,2.25,1820,8058,1.0,0,0,3,1260,560,1974,Kirkland,5,40,0,40,5.25,0.22583447077801216,1,98034
315000.0,3.0,2.0,1060,5750,1.0,0,0,3,1060,0,1981,Seattle,5,33,1,1,5.0,0.18431577117023126,0,98126
530000.0,3.0,2.5,1950,9906,2.0,0,0,3,1950,0,1988,Sammamish,5,26,1,14,5.5,0.1968305238720097,0,98074
399000.0,2.0,1.0,940,4800,1.0,0,0,4,940,0,1911,Seattle,5,103,1,59,3.0,0.19579254322016246,0,98116
168000.0,2.0,1.5,1220,3568,1.5,0,0,4,1220,0,1976,Des Moines,5,38,1,22,3.5,0.3418324460633231,0,98198
1886700.0,5.0,3.5,4180,17935,2.0,0,0,3,4180,0,2004,Bellevue,5,10,1,11,8.5,0.2330508474576271,0,98004
374000.0,3.0,1.0,1200,9800,1.0,0,0,4,1200,0,1971,Woodinville,5,43,0,43,4.0,0.12243648607284971,0,98072
740000.0,5.0,3.75,3990,18897,2.0,0,0,3,3090,900,1937,Seattle,5,77,1,4,8.75,0.2111334532754789,1,98125
280000.0,2.0,1.0,1880,7560,1.0,0,0,3,940,940,1919,Seattle,5,95,1,13,3.0,0.24864435921174446,1,98126
322000.0,4.0,2.5,2280,7200,2.0,0,0,3,2280,0,1994,Kent,5,20,0,20,6.5,0.316622691292876,0,98030
459900.0,3.0,1.75,2580,11000,1.0,0,0,4,1290,1290,1951,Bellevue,5,63,1,15,4.75,0.23452413416962095,1,98006
750000.0,4.0,2.75,2600,4674,1.0,0,0,3,1560,1040,1976,Seattle,5,38,0,38,6.75,0.5561497326203209,1,98115
1256500.0,4.0,2.5,3150,13700,2.0,0,0,4,3150,0,1966,Mercer Island,5,48,0,48,6.5,0.22991022553098314,0,98040
3710000.0,4.0,3.5,5550,28078,2.0,0,2,4,3350,2200,2000,Medina,5,14,0,14,7.5,0.19765661170269597,1,98039
427000.0,5.0,2.75,2220,4000,1.0,0,0,3,1230,990,1973,Seattle,5,41,1,1,7.75,0.5548612846788303,1,98144
800000.0,2.0,2.25,1730,31491,2.0,1,2,4,1730,0,1947,Vashon,5,67,1,26,4.25,0.05493458656166646,0,98070
735000.0,4.0,3.0,2840,4120,1.5,0,0,4,2060,780,1931,Seattle,5,83,0,83,7.0,0.6891531181752002,1,98118
642000.0,4.0,2.5,2560,8780,2.0,0,0,3,2560,0,1992,Issaquah,5,22,0,22,6.5,0.29153854914018906,0,98029
240000.0,3.0,2.0,1330,6000,1.0,0,0,4,630,700,1900,Seattle,5,114,1,43,5.0,0.22162972837860356,1,98108
645500.0,2.0,1.0,1890,5202,1.5,0,0,4,1890,0,1909,Seattle,5,105,1,25,3.0,0.3632519700172977,0,98117
840000.0,7.0,4.5,4290,37607,1.5,0,0,5,4290,0,1982,Issaquah,5,32,0,32,11.5,0.11407147415443522,0,98027
475000.0,2.0,2.0,1540,54450,2.0,0,0,3,1540,0,1983,Redmond,5,31,1,5,4.0,0.028282308864850968,0,98053
568000.0,4.0,2.0,2340,50233,1.0,0,0,4,1170,1170,1966,Sammamish,5,48,0,48,6.0,0.04658199625751483,1,98075
325000.0,3.0,1.75,2180,10230,1.0,0,0,4,1090,1090,1961,Seattle,5,53,1,13,4.75,0.213077900498485,1,98118
825500.0,3.0,2.5,2780,11964,2.0,0,0,3,2780,0,2009,Kirkland,5,5,0,5,5.5,0.2323443376514835,0,98034
499431.0,4.0,2.75,2620,6019,2.0,0,0,3,2620,0,2013,North Bend,5,1,1,91,6.75,0.43521594684385384,0,98045
919204.0,4.0,3.5,3760,5000,2.0,0,0,3,2860,900,2014,Seattle,5,0,0,0,7.5,0.7518496300739852,1,98117
545000.0,4.0,2.5,2720,4738,2.0,0,0,3,2720,0,2012,Snoqualmie,5,2,1,102,6.5,0.5739607512133361,0,98065
660000.0,3.0,2.25,2675,40910,2.0,0,0,3,2675,0,1984,Sammamish,5,30,0,30,5.25,0.06538583754980323,0,98075
538888.0,5.0,2.75,2080,13189,2.0,0,0,3,2080,0,1987,Sammamish,5,27,1,14,7.75,0.15769522365428354,0,98074
693000.0,3.0,2.5,2460,12028,2.0,0,0,3,2460,0,1996,Redmond,5,18,0,18,5.5,0.20450577770388229,0,98052
289950.0,3.0,2.5,1960,3480,2.0,0,0,3,1960,0,2004,Renton,5,10,1,11,5.5,0.5630565929330652,0,98056
587000.0,4.0,2.5,2550,6256,2.0,0,0,3,2550,0,1992,Woodinville,5,22,0,22,6.5,0.40754355122263064,0,98072
615000.0,3.0,2.25,1760,1146,3.0,0,0,3,1760,0,2014,Seattle,5,0,0,0,5.25,1.5344376634699215,0,98122
459000.0,3.0,1.75,1620,7330,1.0,0,0,4,1090,530,1974,Kirkland,6,40,0,40,4.75,0.2209794025371709,1,98034
243000.0,3.0,1.75,1790,12000,1.0,0,0,3,1040,750,1960,Des Moines,6,54,1,2,4.75,0.14915423714690443,1,98198
1505000.0,4.0,3.5,3480,7232,2.0,0,0,3,2580,900,1926,Seattle,6,88,1,4,7.5,0.4811281625881377,1,98144
660000.0,4.0,1.75,2780,9900,2.0,0,0,4,2780,0,1978,Sammamish,6,36,1,14,5.75,0.2807797192202808,0,98074
1595000.0,5.0,3.0,3640,8239,2.0,0,3,3,2540,1100,1982,Bellevue,6,32,0,32,8.0,0.441747572815534,1,98008
250000.0,1.0,1.0,750,4000,1.0,0,0,3,750,0,1918,Seattle,6,96,0,96,2.0,0.18745313671582103,0,98136
315000.0,3.0,1.0,960,6634,1.0,0,0,3,960,0,1952,Seattle,6,62,1,6,4.0,0.14468726450640543,0,98125
404000.0,3.0,1.5,2030,8880,1.0,0,0,3,1330,700,1963,Seattle,6,51,1,6,4.5,0.2285778628532823,1,98108
559900.0,3.0,2.75,2930,5569,1.0,0,0,3,1860,1070,2004,Woodinville,6,10,1,11,5.75,0.526032315978456,1,98072
285000.0,2.0,2.5,1380,1073,2.0,0,0,3,1140,240,2011,Seattle,6,3,0,3,4.5,1.2849162011173185,1,98126
500000.0,3.0,2.0,1720,5525,1.0,0,2,5,960,760,1941,Seattle,6,73,0,73,5.0,0.3112558812884546,1,98108
380000.0,2.0,1.0,1210,4800,1.0,0,0,3,1060,150,1950,Seattle,6,64,1,9,3.0,0.2520308269110602,1,98108
469000.0,3.0,1.0,950,4250,1.5,0,0,5,950,0,1948,Seattle,6,66,1,29,4.0,0.22347682898141613,0,98122
405000.0,2.0,1.75,1710,4234,2.0,0,0,3,1330,380,1920,Seattle,6,94,1,35,3.75,0.4037780401416765,1,98136
439900.0,2.0,2.0,1410,12282,1.5,0,0,5,1410,0,1909,Preston,6,105,1,26,4.0,0.11479280306114141,0,98050
525000.0,4.0,2.5,2910,7631,2.0,0,2,3,2910,0,2006,Maple Valley,6,8,0,8,6.5,0.3812893081761006,0,98038
580000.0,4.0,2.5,2220,7064,2.0,0,0,3,2220,0,1988,Issaquah,6,26,1,14,6.5,0.31422505307855625,0,98029
1250000.0,5.0,3.25,3160,13238,2.0,0,0,5,3160,0,1972,Mercer Island,6,42,0,42,8.25,0.23868872271319586,0,98040
275000.0,3.0,2.0,1380,4500,1.0,0,0,3,1380,0,2008,Maple Valley,6,6,0,6,5.0,0.3065985336591868,0,98038
629000.0,3.0,2.0,1760,5000,1.0,0,0,5,960,800,1920,Seattle,6,94,0,94,5.0,0.35192961407718454,1,98199
395000.0,1.0,1.0,730,3000,1.0,0,0,3,730,0,1911,Seattle,6,103,1,35,2.0,0.2432522492502499,0,98107
965000.0,4.0,2.5,2460,5000,2.0,0,0,5,1620,840,1938,Seattle,6,76,0,76,6.5,0.49190161967606477,1,98112
820000.0,3.0,1.75,2160,6272,1.0,0,0,4,1390,770,1960,Seattle,6,54,1,13,4.75,0.34433285509325684,1,98115
661000.0,4.0,2.25,1990,4600,1.5,0,2,4,1420,570,1932,Seattle,6,82,1,56,6.25,0.4325146707237557,1,98126
789000.0,3.0,3.0,3740,39640,2.0,0,2,3,3740,0,1991,Vashon,6,23,0,23,6.0,0.09434676219066118,0,98070
668500.0,4.0,2.5,2710,5500,2.0,0,0,3,2710,0,1999,Sammamish,6,15,0,15,6.5,0.4926377022359571,0,98074
350000.0,3.0,2.5,2680,7836,2.0,0,0,3,2680,0,1990,Auburn,6,24,1,5,5.5,0.34196758963889246,0,98092
250000.0,4.0,2.0,1850,7560,1.0,0,0,4,1540,310,1978,Kent,6,36,1,14,6.0,0.24467663007538684,1,98032
725995.0,4.0,2.5,3190,7869,2.0,0,2,3,3190,0,2001,Snoqualmie,6,13,0,13,6.5,0.40533672172808133,0,98065
1000000.0,3.0,2.5,2730,5832,2.0,0,0,3,2730,0,1998,Bellevue,6,16,1,8,5.5,0.46802674438539343,0,98005
686000.0,3.0,1.5,1840,9990,2.0,0,0,5,1840,0,1961,Seattle,6,53,0,53,4.5,0.18416574917425682,0,98177
665000.0,4.0,2.5,2720,10000,2.0,0,0,3,2720,0,1987,Sammamish,6,27,1,14,6.5,0.271972802719728,0,98074
1965221.0,4.0,3.5,4370,8510,2.0,0,1,3,3610,760,2003,Bellevue,6,11,0,11,7.5,0.5134531782399248,1,98004
653000.0,3.0,2.5,2290,3475,2.0,0,0,3,2290,0,2006,Issaquah,6,8,0,8,5.5,0.6588032220943614,0,98029
430000.0,2.0,1.0,990,4802,1.0,0,0,3,990,0,1947,Seattle,6,67,1,2,3.0,0.2061211742660837,0,98117
305000.0,2.0,1.5,1140,2980,2.0,0,0,3,1140,0,1988,Issaquah,6,26,1,14,3.5,0.3824220060382422,0,98029
809000.0,4.0,1.5,1840,4337,2.0,0,0,4,1840,0,1917,Seattle,6,97,0,97,5.5,0.42415859843245735,0,98112
440150.0,2.0,1.0,1110,6800,1.0,0,0,5,1000,110,1947,Seattle,6,67,0,67,3.0,0.16321129245699162,1,98133
615000.0,4.0,2.5,2150,9070,2.0,0,0,4,2150,0,1985,Redmond,6,29,0,29,6.5,0.2370190717671701,0,98052
1035000.0,3.0,2.5,2230,5750,2.0,0,0,3,2230,0,2003,Kirkland,6,11,0,11,5.5,0.3877586506694488,0,98033
455000.0,2.0,1.0,1170,6000,1.0,0,0,4,970,200,1941,Seattle,6,73,1,16,3.0,0.19496750541576405,1,98103
635000.0,3.0,2.5,1960,7200,1.0,0,0,4,980,980,1940,Seattle,6,74,1,13,5.5,0.272184418830718,1,98118
675000.0,3.0,2.25,2610,9002,2.0,0,0,3,2610,0,1988,Redmond,6,26,1,14,5.25,0.2899033655448184,0,98052
316000.0,3.0,2.25,2130,8721,1.0,0,0,3,1570,560,1987,Kent,6,27,1,14,5.25,0.244210043567989,1,98031
955000.0,3.0,2.25,3020,43560,2.0,0,0,3,2720,300,1969,Bellevue,6,45,1,4,5.25,0.06932806868529189,1,98005
985000.0,3.0,1.75,1670,5400,2.0,0,0,5,1670,0,1912,Seattle,6,102,0,102,4.75,0.3092019996296982,0,98112
465500.0,3.0,1.75,1890,7004,1.0,0,0,3,1290,600,1965,Seattle,6,49,1,21,4.75,0.2698072805139186,1,98118
305000.0,3.0,1.0,950,13475,1.0,0,0,3,950,0,1950,Shoreline,6,64,1,9,4.0,0.07049569605224103,0,98155
645000.0,4.0,2.5,2430,14400,1.0,0,0,5,1670,760,1963,Bellevue,6,51,0,51,6.5,0.16873828206374558,1,98007
730000.0,4.0,2.0,2360,6000,1.0,0,0,5,1260,1100,1939,Seattle,6,75,0,75,6.0,0.393267788701883,1,98199
366000.0,3.0,1.75,1510,8301,1.0,0,0,3,1510,0,1967,Kirkland,6,47,1,3,4.75,0.18188388340158998,0,98034
290000.0,3.0,2.5,2080,4828,2.0,0,0,3,2080,0,2002,Covington,6,12,0,12,5.5,0.4307310002070822,0,98042
472500.0,3.0,2.0,1750,15500,1.0,0,0,3,1490,260,1982,Sammamish,6,32,0,32,5.0,0.1128959421972776,1,98075
550000.0,3.0,2.0,1810,4064,1.5,0,0,3,1810,0,1925,Seattle,6,89,1,12,5.0,0.44526445264452646,0,98103
410000.0,4.0,1.75,1790,11875,1.0,0,0,4,1490,300,1969,Issaquah,6,45,0,45,5.75,0.15072414954530144,1,98027
440000.0,4.0,2.75,2340,11034,1.0,0,0,3,1720,620,1967,Lake Forest Park,6,47,1,3,6.75,0.2120525600362483,1,98155
535000.0,3.0,2.5,1690,9626,2.0,0,0,3,1690,0,1984,Issaquah,6,30,0,30,5.5,0.17554793809078634,0,98027
300000.0,4.0,2.5,2070,7476,2.0,0,0,3,2070,0,2003,Auburn,6,11,0,11,6.5,0.27684900361107395,0,98092
432500.0,3.0,2.5,2240,6396,2.0,0,0,3,2240,0,2002,Snoqualmie,6,12,0,12,5.5,0.3501641394403627,0,98065
870000.0,4.0,3.0,4500,21780,2.0,0,2,3,3040,1460,1980,Mercer Island,6,34,0,34,7.0,0.2066020843854736,1,98040
492000.0,3.0,1.75,2770,39927,1.0,0,0,4,1580,1190,1978,Issaquah,6,36,1,14,4.75,0.06937487477459427,1,98027
199950.0,3.0,1.0,1010,7245,1.0,0,0,3,1010,0,1969,Federal Way,6,45,1,4,4.0,0.13938724813690312,0,98003
439800.0,3.0,1.5,1120,6900,1.0,0,0,5,1120,0,1956,Bellevue,6,58,0,58,4.5,0.1622953195189103,0,98007
320000.0,5.0,2.5,3020,21441,1.0,0,0,4,1510,1510,1978,Kent,6,36,1,14,7.5,0.14084507042253522,1,98042
687000.0,4.0,3.25,4400,186846,2.0,0,0,4,4400,0,1993,Enumclaw,6,21,0,21,7.25,0.023548678865595914,0,98022
345000.0,3.0,1.75,1990,5650,1.0,0,1,3,1320,670,1963,Seattle,6,51,1,6,4.75,0.35215006193594056,1,98178
274950.0,3.0,1.0,1450,8820,1.0,0,0,3,1050,400,1958,Tukwila,6,56,1,10,4.0,0.16438045573064278,1,98168
270000.0,4.0,2.5,1920,8497,2.0,0,0,3,1920,0,1998,Auburn,6,16,1,8,6.5,0.22593551423864439,0,98092
342000.0,2.0,2.5,1175,1366,2.0,0,0,3,740,435,2005,Seattle,6,9,0,9,4.5,0.8595464520848574,1,98103
327000.0,3.0,1.5,1320,13200,1.0,0,0,3,1320,0,1970,Renton,6,44,1,0,4.5,0.0999924248163018,0,98059
610000.0,5.0,2.5,3990,3839,1.0,0,0,4,1990,2000,1962,Seattle,6,52,0,52,7.5,1.0390625,1,98112
455000.0,2.0,1.0,1140,5720,1.0,0,0,3,850,290,1947,Seattle,6,67,1,2,3.0,0.19926586261143156,1,98115
540000.0,4.0,1.75,1720,4240,1.5,0,0,4,1460,260,1925,Seattle,6,89,1,46,5.75,0.40556472530063664,1,98144
411000.0,4.0,2.75,2150,9915,1.0,0,0,5,1240,910,1976,Newcastle,6,38,0,38,6.75,0.21682129891085114,1,98056
544000.0,3.0,1.5,1790,8203,1.5,0,1,3,1790,0,1910,Seattle,6,104,1,8,4.5,0.2181862506094588,0,98116
802000.0,2.0,2.5,2210,6327,1.0,0,0,3,2210,0,2003,Redmond,6,11,0,11,4.5,0.34924146649810367,0,98053
568500.0,3.0,2.75,2180,7519,1.0,0,0,4,1310,870,1981,Redmond,6,33,0,33,5.75,0.2898936170212766,1,98052
391000.0,3.0,2.25,1410,1290,2.0,0,0,3,1290,120,2004,Issaquah,6,10,1,11,5.25,1.0921766072811774,1,98027
298000.0,3.0,2.5,1950,3600,2.0,0,0,3,1950,0,2010,Maple Valley,6,4,0,4,5.5,0.5415162454873647,0,98038
400000.0,3.0,2.5,1495,936,3.0,0,0,3,1405,90,2006,Seattle,6,8,0,8,5.5,1.5955176093916756,1,98144
425000.0,3.0,2.25,1660,6000,1.0,0,0,3,1110,550,1979,Seattle,6,35,1,0,5.25,0.2766205632394601,1,98122
328500.0,3.0,2.5,1950,8130,2.0,0,0,4,1950,0,1990,Kent,6,24,0,24,5.5,0.2398229000122986,0,98042
650000.0,5.0,2.75,2550,5040,1.5,0,0,5,2550,0,1902,Seattle,6,112,0,112,7.75,0.505852013489387,0,98122
850000.0,3.0,1.75,1370,3850,1.0,0,0,5,770,600,1911,Seattle,6,103,1,26,4.75,0.35575175279148274,1,98112
930000.0,4.0,2.5,2200,4000,2.0,0,0,5,1430,770,1908,Seattle,6,106,0,106,6.5,0.5498625343664084,1,98119
530000.0,3.0,1.75,1250,6041,1.5,0,0,5,1250,0,1942,Seattle,6,72,0,72,4.75,0.20688513737173123,0,98115
495000.0,4.0,2.25,2220,8872,1.0,0,0,4,1110,1110,1961,Bellevue,6,53,1,13,6.25,0.25019722754423535,1,98006
500000.0,3.0,1.75,1620,4200,1.0,0,0,5,830,790,1945,Seattle,6,69,0,69,4.75,0.3856224708402761,1,98115
325000.0,3.0,1.75,2250,26337,1.0,0,0,3,2250,0,1980,Auburn,6,34,0,34,4.75,0.08542789885336775,0,98092
365000.0,3.0,2.5,1720,99916,2.0,0,0,4,1720,0,1990,Kent,6,24,0,24,5.5,0.017214287858922907,0,98042
471000.0,4.0,2.5,3030,9687,2.0,0,0,3,2020,1010,1998,North Bend,6,16,1,8,6.5,0.31275805119735756,1,98045
223000.0,3.0,1.0,1030,9120,1.0,0,0,3,1030,0,1961,Kent,6,53,1,10,4.0,0.11292621423089573,0,98032
503000.0,3.0,2.5,2190,4882,2.0,0,0,3,2190,0,1999,Lake Forest Park,6,15,0,15,5.5,0.4484947778005325,0,98155
230000.0,3.0,2.0,1440,5600,1.0,0,0,4,720,720,1942,Renton,6,72,1,7,5.0,0.2570969469737547,1,98056
550000.0,4.0,2.5,2170,9600,1.0,0,0,3,1460,710,1980,Redmond,6,34,0,34,6.5,0.2260181231121758,1,98052
1100000.0,4.0,3.75,2930,3200,1.5,0,0,5,2130,800,1925,Seattle,6,89,0,89,7.75,0.91533895657607,1,98119
193000.0,3.0,1.5,1180,9048,1.0,0,0,3,1180,0,1960,Burien,6,54,1,2,4.5,0.130401149298265,0,98148
590000.0,4.0,4.25,2360,57514,2.0,0,0,4,2360,0,1939,Federal Way,6,75,1,27,8.25,0.041032774058941145,0,98003
712500.0,3.0,1.5,1660,8797,1.0,0,0,4,1660,0,1956,Bellevue,6,58,0,58,4.5,0.18867924528301888,0,98004
689800.0,3.0,2.75,2390,9313,1.0,0,0,5,1390,1000,1942,Seattle,6,72,0,72,5.75,0.25660296328108223,1,98133
430000.0,3.0,2.0,1360,5120,1.5,0,0,4,910,450,1924,Seattle,6,90,0,90,5.0,0.26557313024799845,1,98116
785200.0,3.0,2.25,1840,3500,1.5,0,0,5,1540,300,1910,Seattle,6,104,0,104,5.25,0.5255641245358469,1,98122
474900.0,3.0,2.25,1800,43647,1.0,0,0,4,1800,0,1976,Woodinville,6,38,1,22,5.25,0.04123900293255132,0,98072
1070000.0,4.0,3.75,4130,12320,2.0,0,0,3,4130,0,2001,Newcastle,6,13,0,13,7.75,0.33520006492979465,0,98059
435000.0,3.0,1.75,2220,132858,1.0,0,0,3,1110,1110,1988,Issaquah,6,26,1,14,4.75,0.016709443846483867,1,98027
941500.0,5.0,3.5,3490,9680,2.0,0,4,3,2460,1030,1980,Shoreline,6,34,0,34,8.5,0.3604999483524429,1,98177
312000.0,4.0,2.5,1830,5175,2.0,0,0,3,1830,0,2003,Maple Valley,6,11,0,11,6.5,0.3535548686244204,0,98038
835000.0,4.0,2.75,1550,4000,1.5,0,0,3,1550,0,1930,Seattle,6,84,1,17,6.75,0.3874031492126968,0,98105
713250.0,3.0,2.0,2050,9000,1.0,0,0,4,2050,0,1951,Mercer Island,6,63,1,15,5.0,0.22775247194756137,0,98040
440000.0,2.0,1.0,1230,6600,1.0,0,0,3,1130,100,1906,Seattle,6,108,1,0,3.0,0.18633540372670807,1,98118
580135.0,4.0,2.5,3150,5886,2.0,0,0,3,3150,0,2014,Renton,6,0,0,0,6.5,0.535077288941736,0,98059
575000.0,3.0,2.25,3800,33825,1.0,0,0,4,3330,470,1976,Kent,6,38,1,22,5.25,0.11233962041033524,1,98042
613000.0,3.0,2.5,1350,3068,2.0,0,0,3,1350,0,1991,Seattle,6,23,0,23,5.5,0.4398826979472141,0,98122
235000.0,3.0,2.0,1530,8700,1.0,0,0,4,1530,0,1970,Renton,6,44,0,44,5.0,0.17584185725778645,0,98055
660000.0,3.0,2.5,2290,2798,3.0,0,0,4,2290,0,1953,Seattle,6,61,1,31,5.5,0.8181493390496606,0,98102
280000.0,2.0,1.5,1480,15641,1.0,0,0,4,1480,0,1940,Seattle,6,74,1,13,3.5,0.0946170566423731,0,98146
268000.0,3.0,1.75,1970,10270,1.0,0,0,4,1970,0,1966,Kent,6,48,0,48,4.75,0.1918021614253724,0,98032
235000.0,2.0,1.0,720,4840,1.0,0,0,4,720,0,1947,Seattle,6,67,1,26,3.0,0.1487296013220409,0,98126
390000.0,3.0,2.0,1080,7236,1.0,0,0,5,1080,0,1947,Seattle,6,67,0,67,5.0,0.14923310764128783,0,98125
654950.0,4.0,2.5,2790,45902,2.0,0,0,3,2790,0,1987,Woodinville,6,27,1,14,6.5,0.06078034115417293,0,98077
449500.0,5.0,2.75,2040,7488,1.0,0,0,4,1200,840,1969,Kirkland,6,45,0,45,7.75,0.272399519294966,1,98034
150000.0,3.0,1.0,1320,8220,1.0,0,0,3,1320,0,1959,Des Moines,6,55,1,25,4.0,0.16056440822284393,0,98198
440000.0,3.0,2.25,1680,57063,2.0,0,0,4,1680,0,1989,North Bend,6,25,0,25,5.25,0.029440628066732092,0,98045
710000.0,3.0,2.0,2140,4923,1.0,0,0,4,1070,1070,1928,Seattle,6,86,0,86,5.0,0.4346060113728676,1,98103
420000.0,3.0,1.75,1660,9600,1.0,0,0,3,1380,280,1981,Bothell,6,33,1,1,4.75,0.17289865638995938,1,98011
312000.0,3.0,2.25,1540,5338,1.0,0,0,5,770,770,1954,Seattle,6,60,0,60,5.25,0.2884435287507024,1,98115
320000.0,3.0,2.0,1880,10758,1.0,0,0,5,940,940,1952,Renton,6,62,1,16,5.0,0.17473742912910123,1,98059
235000.0,3.0,1.0,1250,15603,1.0,0,0,4,1250,0,1959,Renton,6,55,0,55,4.0,0.08010766470135863,0,98056
437000.0,5.0,2.0,2120,137565,1.5,0,0,3,2120,0,1913,Vashon,6,101,1,31,7.0,0.015410784641553873,0,98070
545000.0,3.0,1.75,1810,3000,1.5,0,0,4,1810,0,1903,Seattle,6,111,0,111,4.75,0.603132289236921,0,98107
640000.0,3.0,2.5,2370,11172,2.0,0,0,3,2370,0,1993,Newcastle,6,21,0,21,5.5,0.21211849995524926,0,98056
432000.0,3.0,2.5,1970,4036,2.0,0,0,4,1970,0,2003,Snoqualmie,6,11,0,11,5.5,0.4879861283131038,0,98065
548000.0,3.0,2.5,2110,4099,2.0,0,0,3,2110,0,2001,Woodinville,6,13,0,13,5.5,0.5146341463414634,0,98072
830000.0,3.0,3.0,2080,10521,1.5,0,0,3,2080,0,2004,Kirkland,6,10,1,11,6.0,0.19768104923018437,0,98034
875000.0,4.0,2.25,3720,12384,1.0,0,2,5,1860,1860,1970,Sammamish,6,44,0,44,6.25,0.30036334275333065,1,98075
409950.0,2.0,1.75,1370,5125,1.0,0,0,5,1370,0,1944,Seattle,6,70,0,70,3.75,0.26726492391728446,0,98103
695000.0,4.0,2.5,2961,12146,2.0,0,0,3,2961,0,1998,Sammamish,6,16,1,8,6.5,0.24376389231909112,0,98075
562100.0,3.0,2.25,2090,12112,2.0,0,0,3,2090,0,1983,Redmond,6,31,1,5,5.25,0.17254189713530918,0,98052
475000.0,3.0,2.5,2600,7210,2.0,0,0,3,2600,0,1989,Renton,6,25,0,25,5.5,0.36056025516571905,0,98059
425000.0,3.0,2.25,1870,9000,1.0,0,0,3,1440,430,1978,Bothell,6,36,0,36,5.25,0.20775469392289744,1,98011
600000.0,4.0,2.5,2620,9873,2.0,0,0,3,2620,0,1987,Issaquah,6,27,1,14,6.5,0.2653433259064209,0,98075
770000.0,3.0,2.5,2430,54059,2.0,0,0,3,2430,0,1987,Issaquah,6,27,1,14,5.5,0.04495005549389567,0,98027
239000.0,3.0,1.75,1340,16480,1.0,0,0,4,1340,0,1968,Kent,6,46,0,46,4.75,0.08130574601055761,0,98042
295000.0,2.0,1.0,1170,10621,1.0,0,0,3,1170,0,1963,North Bend,6,51,1,6,3.0,0.11014874788175485,0,98045
560000.0,3.0,1.75,2000,10182,1.0,0,0,5,1400,600,1963,Kirkland,6,51,0,51,4.75,0.1964057743297653,1,98033
613000.0,5.0,2.5,2070,12000,1.0,0,0,4,1340,730,1967,Bellevue,6,47,0,47,7.5,0.17248562619781685,1,98008
960000.0,4.0,3.0,4590,9150,2.0,0,0,3,3490,1100,1981,Seattle,6,33,1,1,7.0,0.5015845262812807,1,98177
847000.0,5.0,1.0,2550,4623,2.5,0,0,4,2550,0,1905,Seattle,6,109,0,109,6.0,0.5514705882352942,0,98122
206000.0,3.0,1.0,1060,9600,1.0,0,0,4,1060,0,1962,Federal Way,6,52,0,52,4.0,0.11040516612852828,0,98023
253000.0,2.0,1.75,1220,5000,1.0,0,0,5,860,360,1921,Renton,6,93,0,93,3.75,0.2439512097580484,1,98057
430000.0,4.0,2.25,1790,7203,1.0,0,0,4,1110,680,1973,Lake Forest Park,6,41,0,41,6.25,0.2484730705163798,1,98155
605000.0,3.0,2.0,2060,4040,1.0,0,0,4,1120,940,1947,Seattle,6,67,1,26,5.0,0.5097748082157881,1,98103
425000.0,2.0,2.5,1140,1182,3.0,0,0,3,1140,0,2007,Seattle,6,7,0,7,4.5,0.9636517328825022,0,98107
720000.0,4.0,2.5,2870,12648,2.0,0,0,4,2870,0,1986,Issaquah,6,28,0,28,6.5,0.22689540675152187,0,98029
375900.0,6.0,1.5,2550,33740,1.0,0,0,4,1750,800,1958,Federal Way,6,56,1,42,7.5,0.07557570907797635,1,98023
1298000.0,4.0,3.5,2790,10125,1.5,0,0,5,2790,0,1985,Mercer Island,6,29,0,29,7.5,0.27552834287971556,0,98040
210000.0,3.0,1.0,1110,7962,1.0,0,0,3,1110,0,1962,Seattle,6,52,1,11,4.0,0.13939470048976516,0,98146
234000.0,2.0,1.0,940,5375,1.0,0,0,4,940,0,1952,Des Moines,6,62,0,62,3.0,0.17485119047619047,0,98198
285000.0,3.0,1.75,2880,18296,1.0,0,0,3,1580,1300,1958,Tukwila,6,56,1,10,4.75,0.1574028529267093,1,98168
400000.0,3.0,1.5,1200,4800,1.0,0,0,4,1200,0,1962,Bellevue,6,52,0,52,4.5,0.24994792751510103,0,98007
718000.0,3.0,1.0,1030,4958,1.0,0,0,5,1030,0,1952,Seattle,6,62,1,16,4.0,0.2077031659608792,0,98105
174500.0,2.0,2.5,1240,2689,2.0,0,0,3,1240,0,1986,Federal Way,6,28,0,28,4.5,0.46096654275092935,0,98003
222400.0,3.0,2.0,1200,9566,1.0,0,0,3,1200,0,1995,Pacific,6,19,0,19,5.0,0.12543116964565695,0,98047
402500.0,3.0,3.25,2780,4002,2.0,0,0,3,2780,0,2009,Duvall,6,5,0,5,6.25,0.6944791406445167,0,98019
250000.0,3.0,2.25,1765,7652,2.0,0,0,3,1765,0,1996,Federal Way,6,18,0,18,5.25,0.23062851169476023,0,98003
600000.0,4.0,2.5,1960,14242,1.0,0,1,4,1290,670,1958,Burien,6,56,1,42,6.5,0.137611458260198,1,98146
930000.0,2.0,2.5,2680,11214,1.0,0,0,3,2680,0,2006,Redmond,6,8,0,8,4.5,0.23896567097637092,0,98053
272500.0,3.0,2.0,1410,7622,1.0,0,0,4,1410,0,1983,Renton,6,31,0,31,5.0,0.18496654860291223,0,98058
363990.0,4.0,2.5,2240,3712,2.0,0,0,3,2240,0,2014,Maple Valley,6,0,0,0,6.5,0.603285752760571,0,98038
575000.0,4.0,2.75,3120,7644,2.0,0,0,3,3120,0,2010,Snoqualmie,6,4,0,4,6.75,0.408109875735775,0,98065
400000.0,3.0,2.25,1450,4706,2.0,0,0,3,1450,0,2009,Kenmore,6,5,0,5,5.25,0.308051837688549,0,98028
427874.0,3.0,3.0,2340,5002,2.0,0,0,3,2340,0,2013,North Bend,6,1,1,91,6.0,0.4677193683789726,0,98045
309000.0,5.0,2.75,2481,4045,2.0,0,0,3,2481,0,2014,Auburn,6,0,0,0,7.75,0.6131982204646564,0,98001
320000.0,3.0,3.25,1530,1602,2.0,0,0,3,1140,390,2013,Seattle,6,1,1,91,6.25,0.9544603867747973,1,98106
390000.0,3.0,2.25,1250,7500,1.0,0,0,5,1250,0,1942,Seattle,6,72,0,72,5.25,0.1666444474070124,0,98146
299000.0,1.0,0.75,560,12120,1.0,0,0,3,560,0,1967,Carnation,6,47,1,3,1.75,0.046200808514149,0,98014
375000.0,4.0,1.75,2200,7475,1.0,0,0,5,1100,1100,1955,Seattle,6,59,0,59,5.75,0.294275013376137,1,98118
240500.0,3.0,1.75,1460,10584,1.0,0,0,3,990,470,1997,Seattle,6,17,0,17,4.75,0.13793103448275862,1,98168
320000.0,3.0,1.5,1650,9380,1.0,0,0,5,1130,520,1978,Renton,6,36,0,36,4.5,0.17588743204349216,1,98058
1270000.0,5.0,2.5,3200,17204,1.0,0,0,3,2160,1040,1952,Bellevue,6,62,1,6,7.5,0.1859924440569602,1,98004
658588.0,3.0,2.25,2560,41346,2.0,0,0,3,2560,0,1986,Issaquah,6,28,0,28,5.25,0.06191501197184802,0,98027
270000.0,3.0,2.25,2080,4252,1.5,0,0,3,1550,530,2003,Kent,6,11,0,11,5.25,0.48906654126498944,1,98042
327500.0,3.0,1.0,1070,7140,1.0,0,0,3,1070,0,1989,Seattle,6,25,0,25,4.0,0.14983895812911358,0,98118
340000.0,3.0,1.75,2190,12626,2.0,0,0,4,2190,0,1978,Kent,6,36,1,14,4.75,0.17343787122832027,0,98042
200000.0,3.0,1.5,2060,15837,1.5,0,0,3,2060,0,1903,Renton,6,111,1,9,4.5,0.1300669276423791,0,98057
1025000.0,3.0,1.75,2640,8000,1.0,0,3,4,1320,1320,1960,Mercer Island,6,54,1,13,4.75,0.3299587551556056,1,98040
275000.0,3.0,2.5,1720,8755,1.0,0,0,3,1000,720,1983,Federal Way,6,31,1,5,5.5,0.19643672910004567,1,98023
1126000.0,5.0,3.5,3880,13885,2.0,0,3,4,2540,1340,1979,Bellevue,6,35,0,35,8.5,0.2794181189687455,1,98006
280000.0,2.0,1.0,960,4920,1.0,0,0,3,960,0,1942,Seattle,6,72,1,15,3.0,0.19508230034545823,0,98117
485000.0,3.0,2.5,2340,59058,1.0,0,0,3,2340,0,1985,Maple Valley,6,29,0,29,5.5,0.03962139555359894,0,98038
1901000.0,3.0,2.5,2660,13367,2.0,0,2,3,2660,0,1992,Yarrow Point,6,22,0,22,5.5,0.19898264512268102,0,98004
865000.0,3.0,1.75,2090,4725,2.0,0,0,3,1610,480,1947,Seattle,6,67,1,1,4.75,0.4422344477359289,1,98199
532000.0,3.0,2.5,1820,4910,2.0,0,0,3,1820,0,1993,Issaquah,6,21,0,21,5.5,0.3705966198330279,0,98029
364950.0,4.0,2.5,2310,8030,2.0,0,0,3,2310,0,1978,Duvall,6,36,0,36,6.5,0.287635412775495,0,98019
212500.0,3.0,1.0,920,14400,1.0,0,0,4,920,0,1977,Auburn,6,37,0,37,4.0,0.06388445246857857,0,98001
135000.0,1.0,1.0,790,13062,1.0,0,0,3,790,0,1942,Seattle,6,72,1,15,2.0,0.06047615402281253,0,98168
437000.0,2.0,1.75,1500,6800,1.0,0,0,4,910,590,1942,Seattle,6,72,1,32,3.75,0.22055580061755625,1,98117
390000.0,3.0,1.0,1240,11108,1.0,0,0,4,1240,0,1952,Normandy Park,6,62,0,62,4.0,0.1116212080295256,0,98166
760000.0,4.0,2.5,2730,36183,2.0,0,0,3,2730,0,1986,Redmond,6,28,0,28,6.5,0.07544771169577714,0,98052
119500.0,3.0,1.0,1170,11000,1.0,0,0,2,1170,0,1980,Duvall,6,34,0,34,4.0,0.10635396782110718,0,98019
2400000.0,5.0,3.25,3410,9088,2.0,0,3,3,2760,650,1912,Seattle,6,102,1,20,8.25,0.37517878754538453,1,98119
837500.0,4.0,2.5,2700,9320,2.0,0,0,4,2700,0,1994,Kirkland,6,20,0,20,6.5,0.28966849050531057,0,98033
327500.0,4.0,1.75,1650,7800,1.0,0,0,3,1650,0,1968,Renton,6,46,1,17,5.75,0.2115113446993975,0,98058
175000.0,2.0,1.0,670,2378,1.0,0,0,3,670,0,1919,Seattle,6,95,1,13,3.0,0.2816309373686423,0,98126
289950.0,3.0,2.0,1670,7757,1.0,0,0,3,1670,0,1992,Kent,6,22,0,22,5.0,0.21526166537767466,0,98030
400000.0,3.0,1.75,1530,10731,1.0,0,0,3,1530,0,1986,Kenmore,6,28,0,28,4.75,0.14256429370108087,0,98028
219950.0,3.0,2.25,1500,7615,1.0,0,0,3,1150,350,1984,Federal Way,6,30,0,30,5.25,0.19695378151260504,1,98023
161700.0,4.0,1.75,1720,7200,1.0,0,0,3,1220,500,1974,Federal Way,6,40,0,40,5.75,0.23885571448409942,1,98023
500000.0,5.0,3.0,2920,11440,2.0,0,0,3,2920,0,2003,Shoreline,6,11,0,11,8.0,0.2552224455904204,0,98133
465000.0,3.0,1.0,910,4500,1.0,0,0,3,910,0,1948,Seattle,6,66,1,20,4.0,0.20217729393468117,0,98117
540000.0,3.0,1.0,1050,4160,1.0,0,0,4,1050,0,1925,Seattle,6,89,1,46,4.0,0.25234318673395817,0,98115
525000.0,3.0,2.0,1540,7800,1.0,0,0,3,1540,0,2004,Seattle,6,10,1,11,5.0,0.19741058838610434,0,98125
324950.0,3.0,1.0,1210,7440,1.0,0,0,3,1210,0,1949,Shoreline,6,65,1,16,4.0,0.16261255207633382,0,98155
565000.0,5.0,2.5,2650,11455,1.0,0,0,3,1400,1250,1961,Bellevue,6,53,1,10,7.5,0.23131983240223464,1,98008
760500.0,3.0,2.0,1990,3990,1.0,0,0,5,1130,860,1912,Seattle,6,102,0,102,5.0,0.4986218992733651,1,98103
1100000.0,5.0,2.75,2660,8737,1.0,0,4,5,1470,1190,1969,Bellevue,6,45,0,45,7.75,0.3044174868390936,1,98006
603500.0,4.0,2.5,4060,9734,1.0,0,4,3,2150,1910,1977,Kenmore,6,37,1,10,6.5,0.41705187467899335,1,98028
453500.0,5.0,2.5,2300,23345,1.0,0,0,5,1170,1130,1967,Renton,6,47,0,47,7.5,0.09851794739998286,1,98059
583000.0,6.0,2.75,2630,16411,1.0,0,0,4,1650,980,1974,Redmond,6,40,0,40,8.75,0.1602485985864002,1,98052
275000.0,2.0,1.0,770,8149,1.0,0,0,5,770,0,1948,Shoreline,6,66,1,29,3.0,0.09447852760736196,0,98155
875000.0,4.0,2.75,3790,10669,2.0,0,0,3,3790,0,1999,Sammamish,6,15,0,15,6.75,0.35520149953139646,0,98075
335000.0,4.0,2.75,2540,7210,1.0,0,0,4,1600,940,1979,Renton,6,35,0,35,6.75,0.352239633892664,1,98058
646000.0,4.0,2.25,2500,8500,1.0,0,0,4,1600,900,1978,Bellevue,6,36,1,14,6.25,0.2940830490530526,1,98006
392500.0,4.0,2.5,2150,7303,2.0,0,0,3,2150,0,2005,Renton,6,9,0,9,6.5,0.2943592552026287,0,98056
785000.0,3.0,1.75,1670,9600,1.0,0,0,5,1670,0,1961,Mercer Island,6,53,0,53,4.75,0.17394021456098324,0,98040
470000.0,3.0,2.0,1800,12669,1.0,0,0,3,1800,0,1956,Kirkland,6,58,1,24,5.0,0.1420678768745067,0,98033
560000.0,3.0,2.5,2070,12708,2.0,0,0,3,2070,0,1996,Newcastle,6,18,0,18,5.5,0.16287670155008263,0,98056
519000.0,2.0,1.0,830,2820,1.0,0,0,4,830,0,1920,Seattle,6,94,0,94,3.0,0.2942219071251329,0,98103
746000.0,3.0,2.25,2370,9619,1.0,0,0,4,1650,720,1973,Redmond,6,41,0,41,5.25,0.24636174636174638,1,98052
317000.0,3.0,1.0,1010,5400,1.0,0,0,3,1010,0,1959,Seattle,6,55,1,25,4.0,0.18700240696167375,0,98144
371000.0,3.0,1.5,1420,4500,1.0,0,0,3,1420,0,1959,Seattle,6,55,1,25,4.5,0.31548544767829373,0,98103
250000.0,4.0,2.0,2120,8701,1.5,0,0,4,2120,0,1960,Des Moines,6,54,1,13,6.0,0.24362215582624683,0,98198
532000.0,4.0,1.75,2020,7029,1.0,0,0,4,1430,590,1979,Redmond,6,35,0,35,5.75,0.28733997155049784,1,98052
499950.0,3.0,2.5,1520,2208,2.0,0,0,3,1040,480,2007,Seattle,6,7,0,7,5.5,0.6880941602535083,1,98119
375000.0,2.0,1.0,820,6250,1.0,0,0,4,820,0,1922,Seattle,6,92,0,92,3.0,0.1311790113581827,0,98136
640000.0,3.0,2.5,1690,1553,2.5,0,0,3,1690,0,2007,Seattle,6,7,0,7,5.5,1.0875160875160874,0,98199
400000.0,3.0,2.0,2260,11305,1.0,0,0,3,1130,1130,1986,Renton,6,28,0,28,5.0,0.19989386166637182,1,98055
572000.0,3.0,2.25,1830,7897,1.0,0,0,4,1290,540,1986,Redmond,6,28,0,28,5.25,0.2317042289187136,1,98052
310000.0,3.0,2.0,1350,11150,1.0,0,0,3,1110,240,1995,North Bend,6,19,0,19,5.0,0.12106537530266344,1,98045
989000.0,5.0,3.5,3280,4000,2.0,0,0,3,2440,840,2003,Seattle,6,11,0,11,8.5,0.8197950512371907,1,98117
685000.0,4.0,2.5,2770,45514,2.0,0,0,4,2770,0,1989,Woodinville,6,25,0,25,6.5,0.06085905745358673,0,98077
907500.0,4.0,2.5,2770,8642,2.0,0,0,4,2770,0,1987,Bellevue,6,27,0,27,6.5,0.32049057040379497,0,98007
427500.0,4.0,2.5,2460,5091,2.0,0,0,3,2460,0,2003,Renton,6,11,0,11,6.5,0.4831107619795758,0,98058
860000.0,3.0,3.25,4720,32467,2.0,0,2,3,3190,1530,1998,Renton,6,16,1,8,6.25,0.14537390661574473,1,98059
365000.0,2.0,1.0,1250,8100,1.0,0,0,4,1250,0,1947,Seattle,6,67,1,26,3.0,0.15430193803234168,0,98125
250500.0,3.0,2.0,1710,7225,2.0,0,0,4,1710,0,1988,Federal Way,6,26,0,26,5.0,0.23664544699695544,0,98023
411715.0,3.0,1.75,1840,5101,1.0,0,0,5,1040,800,1952,Seattle,6,62,1,16,4.75,0.3606428851430811,1,98108
415000.0,4.0,2.5,2000,5962,2.0,0,0,3,2000,0,1999,Shoreline,6,15,0,15,6.5,0.335401643468053,0,98133
129000.0,1.0,1.0,650,15364,1.0,0,0,4,650,0,1967,Kent,6,47,0,47,2.0,0.04230393752033843,0,98042
489000.0,3.0,1.5,1020,9072,1.0,0,0,3,920,100,1930,Seattle,6,84,1,17,4.5,0.11242147029648407,1,98115
170000.0,2.0,1.0,1500,18540,1.0,0,0,3,1500,0,1950,Tukwila,6,64,1,9,3.0,0.08090178523272747,0,98168
418500.0,3.0,2.5,2060,4399,2.0,0,0,3,2060,0,2007,Snoqualmie,6,7,0,7,5.5,0.4681818181818182,0,98065
261000.0,3.0,1.5,1810,29308,1.0,0,0,3,950,860,1983,Covington,6,31,1,5,4.5,0.061755774676720464,1,98042
2005000.0,6.0,4.5,3810,28176,1.0,0,4,5,3810,0,1969,Shoreline,6,45,0,45,10.5,0.1352166660751677,0,98177
355000.0,2.0,1.75,1650,4000,1.0,0,0,4,950,700,1947,Seattle,6,67,1,26,3.75,0.4123969007748063,1,98108
742000.0,3.0,3.25,1540,704,3.0,0,0,3,1540,0,2011,Seattle,6,3,0,3,6.25,2.1843971631205674,0,98122
399950.0,3.0,1.5,2080,5244,1.0,0,0,3,1190,890,1959,Seattle,6,55,1,25,4.5,0.3965681601525262,1,98125
791000.0,3.0,2.25,2430,5500,2.0,0,0,3,1810,620,1989,Kirkland,6,25,0,25,5.25,0.4417378658425741,1,98033
190000.0,5.0,2.0,1750,10284,1.0,0,0,4,1750,0,1943,Renton,6,71,0,71,7.0,0.1701507049100632,0,98056
229500.0,3.0,1.75,1770,33224,1.0,0,0,4,1770,0,1968,Auburn,6,46,0,46,4.75,0.05327313769751693,0,98092
539000.0,3.0,2.5,1710,2300,2.0,0,0,3,1570,140,2005,Redmond,6,9,0,9,5.5,0.7431551499348109,1,98052
549000.0,4.0,2.25,2740,88426,2.0,0,0,3,2740,0,1991,Issaquah,6,23,0,23,6.25,0.03098601105997037,0,98027
545000.0,5.0,2.5,2730,17240,1.0,0,0,5,1660,1070,1958,Kenmore,6,56,0,56,7.5,0.15834348355663824,1,98028
285000.0,3.0,2.5,2437,5136,2.0,0,0,3,2437,0,2011,Auburn,6,3,0,3,5.5,0.47440140159626243,0,98002
648000.0,4.0,2.5,3290,6203,2.0,0,0,3,3290,0,2008,Snoqualmie,6,6,0,6,6.5,0.5303030303030303,0,98065
610000.0,4.0,3.5,2910,5260,2.0,0,0,3,2910,0,2012,Snoqualmie,6,2,1,102,7.5,0.553126781980612,0,98065
767450.0,3.0,2.0,1630,7599,1.0,0,0,3,1630,0,2006,Seattle,6,8,0,8,5.0,0.21447368421052632,0,98117
765000.0,4.0,3.0,4410,5104,2.0,0,0,3,3400,1010,2006,Snoqualmie,6,8,0,8,7.0,0.8638589618021547,1,98065
586500.0,3.0,2.5,1780,1487,3.0,0,0,3,1600,180,2006,Seattle,6,8,0,8,5.5,1.196236559139785,1,98103
520000.0,3.0,3.25,1540,1487,2.0,0,0,3,1540,0,2011,Issaquah,6,3,0,3,6.25,1.0349462365591398,0,98029
455000.0,3.0,1.75,1420,1189,3.0,0,0,3,1420,0,2006,Seattle,6,8,0,8,4.75,1.1932773109243697,0,98103
653000.0,3.0,2.5,2680,9750,1.0,0,0,4,1610,1070,1979,Kirkland,6,35,0,35,5.5,0.27484360578402217,1,98034
279950.0,3.0,2.0,1750,9750,1.0,0,0,3,1350,400,1961,Des Moines,6,53,1,10,5.0,0.17946877243359655,1,98198
449950.0,3.0,2.5,2170,4912,2.0,0,0,3,2170,0,2003,Kenmore,6,11,0,11,5.5,0.4416853246488907,0,98028
565000.0,3.0,2.75,2390,9966,1.0,0,0,5,1360,1030,1977,Bellevue,6,37,0,37,5.75,0.23979131132738035,1,98006
620000.0,4.0,2.25,2400,5350,1.5,0,0,4,1460,940,1929,Seattle,6,85,0,85,6.25,0.4485142963931975,1,98117
269000.0,3.0,1.0,1690,4250,1.0,0,0,3,1020,670,1967,Seattle,6,47,1,3,4.0,0.39755351681957185,1,98178
875000.0,3.0,3.5,3250,6000,2.0,0,0,3,2500,750,2001,Seattle,6,13,0,13,6.5,0.5415764039326779,1,98136
630000.0,4.0,3.75,4610,40202,1.0,0,0,4,2500,2110,1980,Issaquah,6,34,0,34,7.75,0.11466805959754248,1,98027
425000.0,4.0,2.75,2440,15349,2.0,0,1,4,2440,0,1957,Des Moines,6,57,1,13,6.75,0.15895765472312703,0,98198
647500.0,3.0,1.75,1290,3870,1.0,0,0,5,1290,0,1916,Seattle,6,98,0,98,4.75,0.33324722293980885,0,98144
450000.0,4.0,1.0,2000,4676,1.5,0,0,3,1250,750,1916,Seattle,6,98,1,28,5.0,0.4276245456489203,1,98118
440000.0,3.0,1.0,1050,7500,1.0,0,0,3,1050,0,1900,Seattle,6,114,1,9,4.0,0.1399813358218904,0,98136
445000.0,4.0,2.5,2340,3784,2.0,0,0,3,2340,0,2008,Seattle,6,6,0,6,6.5,0.618229854689564,0,98106
530000.0,4.0,2.25,2210,7665,2.0,0,0,4,2210,0,1968,Bellevue,6,46,0,46,6.25,0.2882859379076441,0,98006
875000.0,5.0,2.5,2920,5568,2.0,0,0,3,2320,600,1906,Seattle,6,108,1,0,7.5,0.5243311186927635,1,98112
685000.0,3.0,2.75,3150,219978,2.0,0,0,4,3000,150,1990,Preston,6,24,0,24,5.75,0.014319548684192582,1,98050
798000.0,3.0,3.5,3590,6402,2.0,0,0,3,3590,0,1999,Sammamish,6,15,0,15,6.5,0.5606746837419959,0,98074
297500.0,4.0,2.5,1910,5000,2.0,0,0,3,1910,0,2005,Maple Valley,6,9,0,9,6.5,0.38192361527694463,0,98038
749950.0,4.0,2.75,3110,35235,2.0,0,0,4,3110,0,1983,Woodinville,6,31,0,31,6.75,0.08826200476785107,0,98072
495000.0,5.0,3.0,2440,4750,1.0,0,0,3,1450,990,2006,Seattle,6,8,0,8,8.0,0.5135760892443696,1,98108
540000.0,4.0,2.25,1330,8400,1.5,0,0,3,1330,0,1962,Bellevue,6,52,1,11,6.25,0.15831448637067017,0,98005
395000.0,3.0,1.75,1460,22651,1.0,0,0,4,1460,0,1961,Issaquah,6,53,1,13,4.75,0.06445346989228325,0,98027
1300000.0,6.0,4.5,3902,3880,3.0,0,4,4,2782,1120,1977,Seattle,6,37,0,37,10.5,1.0054109765524348,1,98116
1075000.0,5.0,4.75,5180,17811,2.0,0,2,3,4070,1110,2001,Snoqualmie,6,13,0,13,9.75,0.29081518077700425,1,98065
214100.0,2.0,2.5,1150,2064,2.0,0,0,3,1150,0,2004,Auburn,6,10,1,11,4.5,0.5569007263922519,0,98001
210000.0,4.0,1.5,1920,10403,1.0,0,0,3,1370,550,1959,Federal Way,6,55,1,25,5.5,0.1845444059976932,1,98023
499500.0,3.0,2.5,2520,53143,1.5,0,0,3,2520,0,1988,Duvall,6,26,1,14,5.5,0.04741833508956796,0,98019
546000.0,2.0,1.0,970,3400,1.0,0,0,3,970,0,1924,Seattle,6,90,1,3,3.0,0.28521023228462217,0,98109
292000.0,5.0,2.5,2490,7666,1.0,0,0,4,1490,1000,1989,Kent,6,25,0,25,7.5,0.3247684883265945,1,98031
289000.0,3.0,2.0,1680,8424,1.0,0,0,3,1680,0,1993,Enumclaw,6,21,0,21,5.0,0.19940652818991098,0,98022
240000.0,3.0,1.0,1150,4825,1.0,0,0,4,1150,0,1957,Issaquah,6,57,1,13,4.0,0.23829258184832158,0,98027
395000.0,4.0,3.0,1980,7931,1.0,0,0,4,1160,820,1983,Shoreline,6,31,0,31,7.0,0.24962178517397882,1,98133
795000.0,4.0,2.25,2070,13084,1.0,0,0,4,1700,370,1967,Mercer Island,6,47,0,47,6.25,0.15819640810087887,1,98040
955000.0,4.0,4.25,5660,193593,2.0,0,0,3,4100,1560,2001,Duvall,6,13,0,13,8.25,0.029236443278200772,1,98019
725000.0,4.0,2.75,2420,10962,1.0,0,0,3,1530,890,1977,Bellevue,6,37,1,10,6.75,0.22074249749156252,1,98007
335000.0,4.0,2.5,2610,4781,2.0,0,0,3,2610,0,2009,Auburn,6,5,0,5,6.5,0.5457967377666249,0,98001
492000.0,4.0,3.75,2810,10840,2.0,0,2,4,2070,740,1994,North Bend,6,20,0,20,7.75,0.25920118070288717,1,98045
250000.0,3.0,2.5,1510,10384,1.0,0,0,2,1030,480,1976,Woodinville,6,38,0,38,5.5,0.14540202214732786,1,98077
700000.0,3.0,1.75,1910,4800,1.0,0,0,3,1080,830,1959,Seattle,6,55,1,25,4.75,0.39783378462820246,1,98103
545000.0,3.0,1.75,1700,51649,1.5,0,0,5,1700,0,1931,Renton,6,83,0,83,4.75,0.03291384317521781,0,98059
555000.0,4.0,2.75,2020,10720,1.0,0,0,4,1420,600,1976,Redmond,6,38,1,22,6.75,0.1884152597705438,1,98052
640000.0,3.0,1.75,2340,4206,1.0,0,0,5,1170,1170,1917,Seattle,6,97,0,97,4.75,0.5562158307582601,1,98144
390000.0,3.0,2.0,1463,868,3.0,0,0,3,1463,0,2003,Seattle,6,11,0,11,5.0,1.6835443037974684,0,98115
466500.0,3.0,1.0,1430,3840,1.0,0,0,3,950,480,1945,Seattle,6,69,1,4,4.0,0.3722988804998698,1,98117
372500.0,3.0,1.5,1180,12324,1.0,0,0,3,800,380,1981,Sammamish,6,33,1,1,4.5,0.09574036511156186,1,98074
1800000.0,5.0,4.5,4400,15580,2.0,0,0,3,3390,1010,2003,Bellevue,6,11,0,11,9.5,0.28239522495346897,1,98004
255000.0,3.0,2.5,1610,6176,2.0,0,0,3,1610,0,1994,Kent,6,20,0,20,5.5,0.2606443257244617,0,98030
466800.0,3.0,2.5,1480,14250,2.0,0,0,3,1480,0,1996,Kirkland,6,18,0,18,5.5,0.10385236123780787,0,98033
749000.0,3.0,2.5,2670,10338,2.0,0,0,3,2670,0,1987,Bellevue,6,27,1,14,5.5,0.25824547828610117,0,98007
610000.0,4.0,1.75,1830,29110,2.0,0,0,3,1230,600,1990,Mercer Island,6,24,1,5,5.75,0.06286283535433342,1,98040
356000.0,2.0,1.0,920,4095,1.0,0,0,4,920,0,1914,Seattle,6,100,1,69,3.0,0.224609375,0,98118
165000.0,3.0,1.0,1150,19200,1.0,0,0,4,1150,0,1908,Auburn,6,106,0,106,4.0,0.05989271392114994,0,98001
229000.0,2.0,1.0,1190,7408,1.0,0,0,3,830,360,1941,Seattle,6,73,1,20,3.0,0.16061546767444998,1,98168
530000.0,4.0,3.25,4160,35654,2.0,0,0,3,2760,1400,1973,Issaquah,6,41,1,1,7.25,0.11667367830598795,1,98027
499950.0,3.0,2.5,2370,12753,2.0,0,0,3,2370,0,2001,Duvall,6,13,0,13,5.5,0.18582405519836914,0,98019
619000.0,4.0,1.75,1660,3800,1.5,0,0,3,1660,0,1926,Seattle,6,88,1,11,5.75,0.43672717705866876,0,98115
547000.0,3.0,2.5,1480,8381,1.0,0,0,4,1480,0,1968,Seattle,6,46,0,46,5.5,0.17656883798616083,0,98125
359800.0,4.0,2.5,2390,6426,2.0,0,0,3,2390,0,1999,Auburn,6,15,0,15,6.5,0.37186867901042475,0,98092
499000.0,3.0,3.5,1690,1432,2.0,0,0,3,1360,330,2008,Seattle,6,6,0,6,6.5,1.1793440334961618,1,98199
189000.0,3.0,1.0,1010,7560,1.0,0,0,3,1010,0,1958,Renton,6,56,1,10,4.0,0.13358021425737338,0,98058
799000.0,4.0,3.5,3500,8547,2.0,0,0,3,2500,1000,1994,Bellevue,6,20,0,20,7.5,0.4094525035095929,1,98006
257000.0,4.0,2.75,2330,7642,1.0,0,0,3,1800,530,1990,Federal Way,6,24,1,5,6.75,0.30485411487635744,1,98023
270000.0,3.0,1.5,1890,9450,1.0,0,0,3,1090,800,1957,Burien,6,57,1,14,4.5,0.19997883821817797,1,98146
453500.0,4.0,1.75,2000,6032,1.0,0,2,3,1300,700,1959,Seattle,6,55,1,25,5.75,0.3315100281783524,1,98146
237000.0,3.0,1.0,1130,10650,1.0,0,0,3,1130,0,1954,SeaTac,6,60,1,9,4.0,0.10609332457046287,0,98188
456000.0,4.0,1.75,1670,9886,1.0,0,0,5,1670,0,1947,Seattle,6,67,0,67,5.75,0.16890866794781026,0,98125
355500.0,3.0,2.5,2600,5540,2.0,0,0,3,2600,0,2004,Maple Valley,6,10,1,11,5.5,0.4692293809781628,0,98038
299950.0,4.0,1.75,1560,31299,1.0,0,0,4,1560,0,1965,Auburn,6,49,0,49,5.75,0.04984025559105431,0,98092
335000.0,3.0,2.0,1170,5360,1.0,0,0,3,1170,0,1919,Seattle,6,95,1,13,5.0,0.21824286513710128,0,98106
268500.0,4.0,2.5,2100,4237,2.0,0,0,3,2100,0,2006,Kent,6,8,0,8,6.5,0.49551675318546484,0,98031
385000.0,3.0,2.25,1710,11500,1.0,0,0,3,1210,500,1978,Kenmore,6,36,0,36,5.25,0.14868272324145726,1,98028
376000.0,4.0,2.75,2420,5773,2.0,0,0,3,2420,0,2005,Maple Valley,6,9,0,9,6.75,0.41912019397298234,0,98038
605004.0,4.0,2.0,1370,4000,2.0,0,0,3,1370,0,1951,Seattle,6,63,1,20,6.0,0.34241439640089977,0,98199
886000.0,4.0,2.0,2660,3900,1.5,0,0,4,1480,1180,1923,Seattle,6,91,0,91,6.0,0.6818764419379646,1,98112
560000.0,4.0,2.5,2260,3713,2.0,0,0,3,2260,0,2003,Kirkland,6,11,0,11,6.5,0.6085083467959074,0,98034
343000.0,4.0,2.5,2070,4500,2.0,0,0,3,2070,0,2004,Maple Valley,6,10,1,11,6.5,0.45989780048878026,0,98038
1415000.0,4.0,5.25,4670,43950,2.0,0,0,3,4670,0,1989,Bellevue,6,25,0,25,9.25,0.10625469272599031,0,98006
270000.0,3.0,1.0,1500,13500,1.0,0,0,4,1500,0,1968,Renton,6,46,0,46,4.0,0.11110288126805422,0,98059
411605.0,4.0,2.5,2658,3960,2.0,0,0,3,2658,0,2014,Auburn,6,0,0,0,6.5,0.671042665993436,0,98092
550000.0,4.0,2.5,2700,5150,2.0,0,0,3,2700,0,2007,Renton,6,7,0,7,6.5,0.52417006406523,0,98059
465000.0,3.0,2.25,1530,1245,2.0,0,0,3,1050,480,2014,Seattle,6,0,0,0,5.25,1.2279293739967898,1,98122
584000.0,3.0,2.5,1480,1485,2.0,0,0,3,1280,200,2007,Seattle,6,7,0,7,5.5,0.9959623149394348,1,98102
275000.0,3.0,3.0,1390,1080,2.0,0,0,3,1140,250,2006,Seattle,6,8,0,8,6.0,1.2858464384828863,1,98118
324500.0,3.0,2.5,1660,3990,2.0,0,0,3,1660,0,2009,Seattle,6,5,0,5,5.5,0.41593585567526936,0,98118
700000.0,3.0,2.5,2050,4185,2.0,0,0,3,2050,0,2011,Seattle,6,3,0,3,5.5,0.48972766364070713,0,98117
385200.0,4.0,1.0,1550,7740,1.5,0,0,3,1550,0,1954,Seattle,6,60,1,9,5.0,0.20023252809714506,0,98126
270000.0,4.0,2.25,1900,8600,1.0,0,0,4,1900,0,1975,Federal Way,6,39,0,39,6.25,0.22090454598302522,0,98023
735000.0,4.0,2.5,2820,6180,2.0,0,0,3,2050,770,2013,Seattle,6,1,1,91,6.5,0.4562368548778515,1,98118
389250.0,2.0,1.5,1490,4080,1.0,0,0,3,930,560,1956,Seattle,6,58,1,13,3.5,0.36510659152168584,1,98126
315000.0,3.0,1.5,1750,12500,1.0,0,0,3,1150,600,1954,Fall City,6,60,1,9,4.5,0.13998880089592833,1,98024
545000.0,4.0,2.5,2040,6034,2.0,0,0,3,2040,0,1990,Seattle,6,24,1,5,6.5,0.3380281690140845,0,98115
550000.0,3.0,1.5,1900,5000,1.5,0,0,3,1640,260,1926,Seattle,6,88,1,11,4.5,0.3799240151969606,1,98115
415000.0,3.0,1.75,1910,12596,1.0,0,0,3,1340,570,1977,Woodinville,6,37,1,10,4.75,0.15162340239739622,1,98072
387500.0,3.0,1.0,1560,14333,1.0,0,0,4,1560,0,1953,Normandy Park,6,61,1,31,4.0,0.1088321473419841,0,98166
432000.0,3.0,1.75,1470,6250,1.0,0,3,4,1070,400,1939,Lake Forest Park,6,75,1,25,4.75,0.23516237402015677,1,98155
402000.0,3.0,2.5,2700,9994,1.0,0,3,4,1350,1350,1959,Des Moines,6,55,0,55,5.5,0.27013506753376687,1,98198
1035000.0,4.0,3.25,3450,11240,2.0,0,3,4,2430,1020,1960,Burien,6,54,1,13,7.25,0.30691219642380574,1,98166
294700.0,3.0,2.0,1970,9600,1.0,0,0,4,1300,670,1967,Federal Way,6,47,0,47,5.0,0.20518695969169878,1,98003
744000.0,3.0,2.5,2670,12187,2.0,0,0,3,2670,0,1986,Redmond,6,28,0,28,5.5,0.21906793567443386,0,98052
715000.0,3.0,2.5,2550,13458,2.0,0,0,3,2550,0,1990,Bellevue,6,24,1,5,5.5,0.18946429898209377,0,98006
500000.0,4.0,1.0,1720,4011,1.5,0,0,4,1720,0,1904,Seattle,6,110,0,110,5.0,0.4287138584247258,0,98107
1300000.0,4.0,4.0,4270,6002,2.0,0,3,3,3180,1090,2004,Issaquah,6,10,1,11,8.0,0.7113110111610861,1,98029
1150000.0,3.0,1.5,2170,16600,1.0,1,2,3,1130,1040,1979,Redmond,6,35,1,0,4.5,0.1307150171676405,1,98052
650000.0,4.0,2.5,2840,9354,2.0,0,0,3,2840,0,1990,Sammamish,6,24,1,5,6.5,0.30358097274184925,0,98074
435000.0,4.0,2.75,3270,50994,2.0,0,0,4,2720,550,1983,Kent,6,31,0,31,6.75,0.06412393371899205,1,98042
510000.0,3.0,1.75,1480,7040,1.0,0,0,3,1480,0,1974,Kirkland,6,40,0,40,4.75,0.2101974151398949,0,98033
525000.0,5.0,2.75,2440,8000,1.0,0,0,4,1240,1200,1972,Kirkland,6,42,0,42,7.75,0.30496187976502936,1,98034
920000.0,4.0,2.75,2880,5750,1.5,0,0,5,1710,1170,1928,Seattle,6,86,1,44,6.75,0.5007824726134585,1,98116
200000.0,2.0,1.0,1730,9610,1.0,0,0,3,1380,350,1962,Auburn,6,52,1,11,3.0,0.1800020809489127,1,98001
435000.0,2.0,1.0,1260,4080,1.5,0,0,5,1260,0,1926,Seattle,6,88,0,88,3.0,0.30874785591766724,0,98115
809950.0,4.0,2.0,2230,9900,1.5,0,0,5,2230,0,1959,Bellevue,6,55,0,55,6.0,0.22522977477022524,0,98005
1370000.0,2.0,2.25,2460,16940,1.5,0,4,4,1930,530,1936,Seattle,6,78,0,78,4.25,0.14520984593589517,1,98117
455000.0,4.0,1.75,2050,94525,1.0,0,0,4,1250,800,1959,Renton,6,55,0,55,5.75,0.021687154856864777,1,98058
471000.0,3.0,2.5,2030,2805,2.0,0,0,3,1720,310,2001,Issaquah,6,13,0,13,5.5,0.7234497505345688,1,98027
253500.0,2.0,1.0,810,4800,1.0,0,0,3,810,0,1948,Seattle,6,66,1,20,3.0,0.16871485107269318,0,98126
185000.0,3.0,1.0,1840,8100,1.0,0,0,4,920,920,1953,Burien,6,61,1,31,4.0,0.22713245278360697,1,98166
535500.0,3.0,1.5,1730,40250,2.0,0,0,4,1730,0,1983,Woodinville,6,31,0,31,4.5,0.04298029862612109,0,98072
835000.0,2.0,2.0,2280,6815,1.0,0,0,3,2280,0,2002,Redmond,6,12,0,12,4.0,0.3345070422535211,0,98053
589500.0,4.0,2.5,2630,6326,2.0,0,0,3,2630,0,2008,Snoqualmie,6,6,0,6,6.5,0.4156788367314683,0,98065
680000.0,3.0,2.25,2270,23900,1.0,0,0,3,1820,450,1975,Shoreline,6,39,0,39,5.25,0.0949751056441153,1,98177
360000.0,3.0,1.75,1020,7020,1.5,0,0,4,1020,0,1953,Shoreline,6,61,1,31,4.75,0.14527845036319612,0,98155
595000.0,4.0,2.5,1990,2175,2.0,0,0,3,1680,310,2005,Seattle,6,9,0,9,6.5,0.9145220588235294,1,98107
300000.0,4.0,2.5,2680,15508,2.0,0,0,3,2680,0,1999,Federal Way,6,15,0,15,6.5,0.17280288864530272,0,98023
660000.0,3.0,1.75,1980,3300,1.5,0,0,4,1140,840,1926,Seattle,6,88,1,21,4.75,0.5998182368979097,1,98115
570000.0,3.0,2.5,2400,6975,2.0,0,0,3,2400,0,1993,Newcastle,6,21,0,21,5.5,0.3440366972477064,0,98056
285000.0,2.0,1.0,780,5000,1.0,0,0,4,780,0,1943,Seattle,6,71,0,71,3.0,0.15596880623875226,0,98146
435000.0,3.0,2.0,980,5000,1.0,0,0,3,980,0,1940,Seattle,6,74,1,18,5.0,0.1959608078384323,0,98144
160000.0,3.0,1.0,1210,103237,1.0,0,0,2,1210,0,1918,Vashon,6,96,1,54,4.0,0.011720490517057673,0,98070
805000.0,5.0,2.5,4600,19831,1.0,0,3,3,2300,2300,1956,Shoreline,6,58,1,1,7.5,0.2319483662767245,1,98177
450000.0,3.0,2.5,1480,1961,2.0,0,0,3,1480,0,2005,Issaquah,6,9,0,9,5.5,0.7543323139653415,0,98029
510000.0,4.0,1.5,1320,14250,1.0,0,0,4,1320,0,1954,Kirkland,6,60,1,35,5.5,0.09262507894182864,0,98033
1120000.0,5.0,2.75,4400,18500,1.0,0,3,5,2250,2150,1963,Kenmore,6,51,0,51,7.75,0.237824982433382,1,98028
1280000.0,4.0,3.5,3010,3600,2.0,0,0,3,2370,640,1999,Seattle,6,15,0,15,7.5,0.8358789225215218,1,98112
539000.0,3.0,2.0,2260,9568,1.0,0,0,3,1780,480,1985,Sammamish,6,29,0,29,5.0,0.23617932908349878,1,98074
407193.0,4.0,2.0,1880,14653,2.0,0,0,3,1880,0,1978,Carnation,6,36,0,36,6.0,0.1282926163504845,0,98014
320000.0,3.0,1.75,1370,9900,1.0,0,0,4,1370,0,1983,Milton,6,31,0,31,4.75,0.13836986163013837,0,98354
739000.0,4.0,3.0,2720,3800,2.0,0,0,5,1800,920,1919,Seattle,6,95,1,80,7.0,0.7156011575901079,1,98115
452000.0,2.0,1.75,1740,5400,1.0,0,0,4,990,750,1946,Seattle,6,68,1,25,3.75,0.32216256248842806,1,98115
600000.0,4.0,2.5,2560,5593,2.0,0,0,3,2560,0,2001,Redmond,6,13,0,13,6.5,0.4576331784054344,0,98053
279000.0,5.0,2.5,2690,5557,2.0,0,0,3,2690,0,2012,Seattle,6,2,1,102,7.5,0.48398704569989204,0,98178
895000.0,4.0,3.0,3240,5562,2.0,0,0,3,3240,0,2013,Sammamish,6,1,1,91,7.0,0.5824195577925579,0,98075
585000.0,4.0,2.5,2430,4747,2.0,0,0,3,2430,0,2008,Issaquah,6,6,0,6,6.5,0.5117944397641112,0,98027
405000.0,2.0,2.0,1405,1073,2.0,0,0,3,1140,265,2007,Seattle,6,7,0,7,4.0,1.308193668528864,1,98122
837219.0,5.0,2.75,3030,7679,2.0,0,0,3,3030,0,2014,Sammamish,6,0,0,0,7.75,0.39453125,0,98075
969990.0,4.0,2.5,4150,8436,2.0,0,0,3,4150,0,2014,Sammamish,6,0,0,0,6.5,0.49188100035557664,0,98075
490000.0,3.0,3.0,1730,2940,3.0,0,0,3,1730,0,1985,Seattle,6,29,0,29,6.0,0.5882352941176471,0,98117
611000.0,6.0,2.5,3820,53173,1.0,0,0,4,2040,1780,1974,Issaquah,6,40,0,40,8.5,0.07183962086734118,1,98027
462000.0,4.0,2.5,3070,6432,2.0,0,0,3,3070,0,2006,Renton,6,8,0,8,6.5,0.47722679931602674,0,98055
540000.0,4.0,2.5,1780,4169,2.0,0,0,3,1780,0,1994,Issaquah,6,20,0,20,6.5,0.42685851318944845,0,98029
260000.0,4.0,2.5,1811,4381,2.0,0,0,3,1811,0,2007,Renton,6,7,0,7,6.5,0.4132816065723414,0,98055
510000.0,4.0,2.25,2450,62290,2.0,0,0,3,2450,0,1976,Woodinville,6,38,0,38,6.25,0.03933152461832368,0,98077
567500.0,3.0,2.5,2300,7398,2.0,0,0,3,2300,0,2001,Snoqualmie,6,13,0,13,5.5,0.3108528179483714,0,98065
445000.0,2.0,1.0,1440,3225,1.0,0,0,3,960,480,1915,Seattle,6,99,0,99,3.0,0.4463732176069436,1,98103
684680.0,4.0,2.25,2370,9360,2.0,0,0,4,2370,0,1979,Redmond,6,35,0,35,6.25,0.25317807926503577,0,98052
2700000.0,4.0,3.25,4420,7850,2.0,1,4,3,3150,1270,2001,Bellevue,6,13,0,13,7.25,0.5629856069290536,1,98008
455000.0,3.0,1.0,1300,3550,1.5,0,0,3,1300,0,1927,Seattle,6,87,1,3,4.0,0.36609405801182765,0,98105
540000.0,5.0,3.0,2870,4369,2.0,0,0,3,2090,780,2007,Bothell,6,7,0,7,8.0,0.6567505720823799,1,98011
530000.0,3.0,2.75,3400,7200,2.0,0,2,3,2470,930,2009,Renton,6,5,0,5,5.75,0.4721566449104291,1,98056
410000.0,3.0,1.0,1410,5060,1.0,0,0,4,910,500,1956,Seattle,6,58,0,58,4.0,0.27860106698280973,1,98133
450000.0,3.0,1.75,1640,13500,1.0,0,0,3,1110,530,1940,Seattle,6,74,1,18,4.75,0.12147248351973929,1,98125
609900.0,4.0,2.5,3190,7399,2.0,0,0,3,3190,0,2006,Maple Valley,6,8,0,8,6.5,0.43108108108108106,0,98038
648000.0,4.0,2.5,2380,13435,2.0,0,0,3,2380,0,1992,Issaquah,6,22,0,22,6.5,0.1771360523965466,0,98075
550000.0,3.0,2.5,2260,4165,2.0,0,0,3,2260,0,2005,Sammamish,6,9,0,9,5.5,0.5424867978876621,0,98075
347000.0,3.0,1.75,1240,8050,1.0,0,0,4,1240,0,1978,Sammamish,6,36,1,14,4.75,0.15401813439324308,0,98074
1635000.0,5.0,3.5,4220,26784,1.0,0,0,3,2110,2110,1958,Bellevue,6,56,1,8,8.5,0.15755086802314727,1,98004
1339000.0,4.0,2.5,4250,19387,2.0,0,2,4,3260,990,1972,Mercer Island,6,42,0,42,6.5,0.2192077573756963,1,98040
288350.0,3.0,1.5,1860,7963,1.0,0,0,3,1200,660,1963,Tukwila,6,51,1,6,4.5,0.233550979407333,1,98188
1150000.0,3.0,2.5,2850,10474,1.0,0,0,4,1730,1120,1954,Bellevue,6,60,1,35,5.5,0.2720763723150358,1,98004
525000.0,3.0,3.0,2470,36445,2.0,0,0,4,2470,0,1980,Issaquah,6,34,0,34,6.0,0.06777149755803107,0,98027
250250.0,3.0,2.25,2210,8000,2.0,0,0,4,2210,0,1969,Federal Way,6,45,0,45,5.25,0.27621547306586675,0,98023
341000.0,4.0,1.75,1920,7665,1.0,0,0,4,1500,420,1975,Renton,6,39,0,39,5.75,0.25045656144012524,1,98058
700000.0,4.0,3.0,3150,7778,2.0,0,0,3,3150,0,2000,Sammamish,6,14,0,14,7.0,0.4049363671423062,0,98075
390000.0,4.0,1.75,2700,7875,1.5,0,0,4,2700,0,1968,Renton,6,46,0,46,5.75,0.34281361097003554,0,98058
539950.0,3.0,2.25,2190,7149,1.0,0,1,4,1240,950,1963,Renton,6,51,0,51,5.25,0.3062937062937063,1,98056
552000.0,2.0,2.5,1380,951,3.0,0,0,3,1380,0,2006,Seattle,6,8,0,8,4.5,1.449579831932773,0,98103
250000.0,5.0,1.5,2520,5753,1.5,0,0,4,1510,1010,1928,Enumclaw,6,86,0,86,6.5,0.43795620437956206,1,98022
502000.0,3.0,1.75,1300,8800,1.0,0,0,4,1300,0,1963,Bellevue,6,51,0,51,4.75,0.14771048744460857,0,98008
480000.0,4.0,1.75,2220,6500,2.0,0,3,4,2220,0,1964,Burien,6,50,0,50,5.75,0.3414859252422704,0,98166
378500.0,2.0,1.0,730,7528,1.0,0,0,3,730,0,1946,Seattle,6,68,0,68,3.0,0.09695842741399921,0,98115
1350000.0,4.0,3.25,3300,15907,2.0,0,0,5,3300,0,1985,Mercer Island,6,29,0,29,7.25,0.2074427960774453,0,98040
1900000.0,4.0,3.25,4130,112521,2.0,0,0,3,4130,0,1978,Bellevue,6,36,0,36,7.25,0.036703933453013635,0,98005
605000.0,3.0,2.5,2670,47480,2.0,0,3,3,2670,0,1981,Woodinville,6,33,1,1,5.5,0.056233019523598916,0,98072
307550.0,4.0,2.5,1980,5909,2.0,0,0,3,1980,0,2003,Kent,6,11,0,11,6.5,0.3350253807106599,0,98031
304700.0,2.0,1.0,740,5995,1.0,0,0,4,740,0,1949,Seattle,6,65,1,29,3.0,0.12341561040693796,0,98133
568000.0,3.0,1.75,2050,3520,1.0,0,0,4,1070,980,1977,Seattle,6,37,0,37,4.75,0.5822209599545584,1,98136
385000.0,3.0,1.75,1230,7500,1.0,0,0,3,1230,0,1987,Kirkland,6,27,1,14,4.75,0.1639781362485002,0,98034
345000.0,3.0,2.5,1210,1420,3.0,0,0,3,1210,0,2008,Seattle,6,6,0,6,5.5,0.8515130190007038,0,98103
435000.0,3.0,2.25,1890,7200,1.0,0,0,4,1230,660,1973,Seattle,6,41,0,41,5.25,0.2624635467296209,1,98125
579000.0,2.0,2.0,1870,6275,1.0,0,0,3,1870,0,2003,Redmond,6,11,0,11,4.0,0.2979604843849586,0,98053
236000.0,3.0,1.75,1330,6301,1.0,0,0,3,1330,0,1998,Auburn,6,16,1,8,4.75,0.21104411298000636,0,98002
305100.0,3.0,2.0,1590,35988,1.0,0,0,4,1590,0,1974,Renton,6,40,0,40,5.0,0.0441801661618828,0,98058
368000.0,3.0,1.75,1710,10800,1.0,0,0,4,1710,0,1958,Kenmore,6,56,1,42,4.75,0.15831867419683363,0,98028
255000.0,2.0,1.0,1200,9000,1.0,0,2,5,1200,0,1917,Des Moines,6,97,0,97,3.0,0.13331852016442616,0,98198
400000.0,2.0,1.0,1140,5100,1.0,0,0,3,1140,0,1942,Seattle,6,72,1,15,3.0,0.22348559106057636,0,98136
440000.0,3.0,1.75,2240,8153,1.0,0,0,3,1120,1120,1948,Seattle,6,66,1,20,4.75,0.27471179789060585,1,98125
417000.0,2.0,1.0,920,6600,1.0,0,0,3,920,0,1919,Seattle,6,95,1,11,3.0,0.13937282229965156,0,98118
435000.0,2.0,1.0,800,5000,1.0,0,0,3,800,0,1906,Seattle,6,108,1,0,3.0,0.15996800639872025,0,98107
475000.0,4.0,2.75,1980,11443,1.0,0,0,5,1980,0,1952,Lake Forest Park,6,62,1,16,6.75,0.1730164278224397,0,98155
563500.0,4.0,2.5,2800,12831,2.0,0,0,3,2800,0,2001,Duvall,6,13,0,13,6.5,0.21820448877805487,0,98019
285000.0,3.0,2.25,1680,35127,2.0,0,0,3,1680,0,1987,Auburn,6,27,1,14,5.25,0.047825096788886357,0,98092
471000.0,4.0,2.5,2330,9928,2.0,0,0,3,2330,0,1998,North Bend,6,16,1,8,6.5,0.2346661295195891,0,98045
500000.0,4.0,1.75,2240,9886,1.5,0,0,4,2240,0,1965,Bellevue,6,49,0,49,5.75,0.2265601294629311,0,98008
640000.0,3.0,2.5,2140,8925,2.0,0,0,3,2140,0,1991,Sammamish,6,23,0,23,5.5,0.239749047725745,0,98074
442500.0,4.0,2.5,2170,14024,2.0,0,0,3,2170,0,1992,Duvall,6,22,0,22,6.5,0.15472370766488414,0,98019
213400.0,3.0,1.5,1150,8686,1.0,0,0,4,1150,0,1963,Renton,6,51,0,51,4.5,0.13238171981121216,0,98055
831000.0,4.0,2.5,2030,3905,1.5,0,0,4,1630,400,1926,Seattle,6,88,1,21,6.5,0.5197132616487455,1,98103
325000.0,3.0,2.0,1350,11805,1.0,0,0,3,1350,0,1986,Duvall,6,28,0,28,5.0,0.11434863628663391,0,98019
425000.0,2.0,1.0,910,4635,1.0,0,0,4,910,0,1905,Seattle,6,109,0,109,3.0,0.19628990509059535,0,98107
550000.0,4.0,2.5,2700,5100,1.0,0,0,4,1440,1260,1968,Seattle,6,46,0,46,6.5,0.5293079788276809,1,98136
599950.0,4.0,3.5,3730,15029,2.0,0,2,3,2440,1290,1991,Kent,6,23,0,23,7.5,0.2481703260146374,1,98042
1225000.0,4.0,2.5,2740,16007,2.0,0,0,3,2740,0,1984,Medina,6,30,0,30,6.5,0.17116441779110445,0,98039
750000.0,4.0,3.25,2050,5000,2.0,0,0,4,1370,680,1987,Seattle,6,27,0,27,7.25,0.40991801639672065,1,98112
290000.0,4.0,3.0,2390,4500,2.0,0,0,3,2390,0,1974,Renton,6,40,0,40,7.0,0.5309931126416352,0,98057
270000.0,4.0,2.75,1990,7252,1.0,0,0,3,1270,720,1999,Auburn,6,15,0,15,6.75,0.2743692265269544,1,98002
229950.0,4.0,1.75,1300,21000,1.0,0,0,4,1300,0,1969,Federal Way,6,45,0,45,5.75,0.06190181419932384,0,98001
234999.0,3.0,1.0,1330,8912,1.0,0,0,3,1330,0,1948,SeaTac,6,66,1,20,4.0,0.1492202400987322,0,98188
265000.0,2.0,1.0,1000,31505,1.0,0,0,3,1000,0,1960,Duvall,6,54,1,2,3.0,0.03173998603440614,0,98019
367300.0,4.0,2.75,2190,14937,2.0,0,0,3,2190,0,1993,Auburn,6,21,0,21,6.75,0.14660597134823938,0,98001
550000.0,3.0,1.75,1380,3402,1.5,0,0,3,1380,0,1900,Seattle,6,114,1,14,4.75,0.40552453717308257,0,98122
743700.0,4.0,2.5,2610,33206,2.0,0,0,3,2610,0,1988,Redmond,6,26,1,14,6.5,0.07859788598789412,0,98053
352750.0,2.0,1.75,1060,1241,2.0,0,0,3,960,100,2008,Seattle,6,6,0,6,3.75,0.8534621578099839,1,98144
403950.0,2.0,1.0,710,1136,2.0,0,0,4,710,0,1943,Seattle,6,71,0,71,3.0,0.6244503078276166,0,98102
980000.0,4.0,2.5,2730,4800,1.5,0,0,5,2230,500,1909,Seattle,6,105,1,26,6.5,0.5686315350968548,1,98119
585000.0,4.0,1.75,2470,131790,2.0,0,2,3,2470,0,1937,Vashon,6,77,1,15,5.75,0.0187417957220144,0,98070
554000.0,3.0,1.75,1760,10780,1.0,0,0,3,1760,0,1977,Bellevue,6,37,1,10,4.75,0.1632501623226046,0,98005
546000.0,3.0,2.5,1530,3464,2.0,0,0,3,1530,0,1998,Bellevue,6,16,1,8,5.5,0.44155844155844154,0,98007
280000.0,2.0,1.75,1610,158558,1.5,0,0,2,1610,0,1948,Snoqualmie,6,66,0,66,3.75,0.010153949003210162,0,98065
212500.0,2.0,2.0,1030,21712,1.0,0,0,4,1030,0,1938,Seattle,6,76,0,76,4.0,0.04743701929719523,0,98168
739000.0,4.0,2.5,2800,246114,2.0,0,0,3,2800,0,1999,Carnation,6,15,0,15,6.5,0.011376795400524145,0,98014
428000.0,3.0,2.0,1310,2550,1.0,0,0,3,780,530,1986,Seattle,6,28,0,28,5.0,0.5135241081928655,1,98103
965000.0,4.0,2.25,3160,34560,1.0,0,0,4,3160,0,1981,Woodinville,6,33,0,33,6.25,0.09143253956772084,0,98072
364900.0,3.0,3.0,2500,8304,2.0,0,0,3,2500,0,1997,Kent,6,17,0,17,6.0,0.30102347983142685,0,98031
559000.0,3.0,1.5,2070,5386,1.0,0,0,4,1140,930,1948,Seattle,6,66,0,66,4.5,0.38425839985149435,1,98117
213000.0,4.0,1.75,1980,9000,1.0,0,0,2,1480,500,1978,Federal Way,6,36,0,36,5.75,0.2199755582713032,1,98023
620000.0,3.0,2.5,2590,7237,2.0,0,0,3,2590,0,2004,Seattle,6,10,1,11,5.5,0.3578336557059961,0,98125
240000.0,4.0,1.0,1910,16320,1.5,0,0,3,1910,0,1934,Seattle,6,80,1,36,5.0,0.11702714294467251,0,98106
852500.0,3.0,2.5,2630,10100,1.0,0,0,4,1580,1050,1967,Bellevue,6,47,0,47,5.5,0.2603702603702604,1,98006
600000.0,3.0,2.5,2630,77972,2.0,0,0,3,2630,0,2004,Duvall,6,10,1,11,5.5,0.03372962435714927,0,98019
410000.0,3.0,2.5,1960,4400,2.0,0,0,3,1960,0,2006,Snoqualmie,6,8,0,8,5.5,0.4453533287889116,0,98065
328000.0,3.0,1.75,1440,45302,2.0,0,0,3,1440,0,1977,Duvall,6,37,1,10,4.75,0.03178597443877889,0,98019
625000.0,3.0,1.75,2210,16200,1.0,0,0,3,1390,820,1958,Bellevue,6,56,1,10,4.75,0.13641133263378805,1,98005
649950.0,4.0,2.5,2350,63162,2.0,0,0,4,2350,0,1994,Woodinville,6,20,0,20,6.5,0.037205325902822856,0,98077
235000.0,3.0,1.0,1590,13000,1.5,0,0,3,1590,0,1944,Burien,6,70,0,70,4.0,0.12229828474732712,0,98166
489000.0,3.0,3.5,1500,1249,2.0,0,0,3,1240,260,2004,Seattle,6,10,1,11,6.5,1.2,1,98107
536000.0,3.0,2.5,1900,6224,2.0,0,0,3,1900,0,2005,Sammamish,6,9,0,9,5.5,0.30522088353413657,0,98075
400000.0,4.0,3.5,2370,3692,2.5,0,0,3,2370,0,2013,Renton,6,1,1,91,7.5,0.6417546709991877,0,98056
398000.0,3.0,2.5,1720,1715,2.0,0,0,3,1240,480,2004,Seattle,6,10,1,11,5.5,1.0023310023310024,1,98136
379000.0,4.0,1.5,2020,7560,1.0,0,0,4,2020,0,1960,Renton,6,54,1,13,5.5,0.26716042851474675,0,98059
345000.0,2.0,1.5,1340,1210,2.0,0,0,3,1120,220,2008,Seattle,6,6,0,6,3.5,1.106523534269199,1,98144
365000.0,3.0,2.5,1800,2700,2.0,0,0,3,1800,0,2011,Seattle,6,3,0,3,5.5,0.6664198445020363,0,98126
315000.0,3.0,2.5,1480,1590,2.0,0,0,3,1150,330,2010,Seattle,6,4,0,4,5.5,0.9302325581395349,1,98106
571000.0,4.0,2.0,2750,7807,1.5,0,0,5,2250,500,1916,Seattle,6,98,0,98,6.0,0.352202868852459,1,98125
1025000.0,5.0,4.0,3760,28040,2.0,0,0,3,3760,0,1983,Kirkland,6,31,1,5,9.0,0.13408936913804786,0,98033
695000.0,3.0,2.75,2540,4694,2.0,0,0,3,2540,0,2005,Sammamish,6,9,0,9,5.75,0.5410010649627263,0,98074
225000.0,3.0,1.75,1760,26055,1.0,0,0,3,920,840,1979,Covington,6,35,1,0,4.75,0.06754682222904514,1,98042
740000.0,3.0,2.5,3000,25341,2.0,0,0,3,3000,0,1995,Redmond,6,19,0,19,5.5,0.11838055402099282,0,98053
315000.0,4.0,2.5,1930,9643,2.0,0,0,4,1930,0,1992,Kent,6,22,0,22,6.5,0.20012442969722108,0,98031
1230000.0,4.0,2.5,3040,7000,2.0,0,0,3,3040,0,2001,Mercer Island,6,13,0,13,6.5,0.43422368233109554,0,98040
420000.0,2.0,1.0,860,3880,1.0,0,0,4,860,0,1916,Seattle,6,98,0,98,3.0,0.22159237309971658,0,98117
310000.0,3.0,1.75,1420,7650,1.0,0,0,4,1100,320,1984,Renton,6,30,0,30,4.75,0.18559665403215267,1,98056
700000.0,3.0,2.0,2080,3880,1.0,0,0,5,1160,920,1954,Seattle,6,60,0,60,5.0,0.535944344241175,1,98117
269000.0,3.0,2.5,1560,4200,2.0,0,0,3,1560,0,2003,Maple Valley,6,11,0,11,5.5,0.3713401571054511,0,98038
369990.0,4.0,2.5,1960,7133,2.0,0,0,3,1960,0,2002,Renton,6,12,0,12,6.5,0.27474067844126715,0,98056
800000.0,3.0,2.25,1620,4500,2.0,0,0,4,1620,0,1926,Seattle,6,88,1,21,5.25,0.35992001777382804,0,98119
569000.0,5.0,3.0,3670,10583,1.0,0,0,5,2060,1610,1952,Lake Forest Park,6,62,1,16,8.0,0.3467498110355253,1,98155
175000.0,6.0,1.5,1930,8400,1.0,0,0,3,1030,900,1971,Burien,6,43,0,43,7.5,0.22973455541007023,1,98146
440000.0,3.0,1.5,1290,1286,3.0,0,0,3,1290,0,2000,Seattle,6,14,0,14,4.5,1.0023310023310024,0,98103
435000.0,5.0,2.25,1970,15247,1.0,0,0,3,1450,520,1986,Fall City,6,28,0,28,7.25,0.12919727177334733,1,98024
345000.0,3.0,1.75,1540,6909,1.0,0,0,4,920,620,1955,Shoreline,6,59,1,5,4.75,0.22286541244573083,1,98155
558000.0,4.0,2.0,2180,3870,1.0,0,0,3,1020,1160,1900,Seattle,6,114,1,9,6.0,0.5631619736502196,1,98122
475000.0,2.0,1.75,1490,224334,1.0,0,2,3,1490,0,1983,Auburn,6,31,1,5,3.75,0.006641852586533533,0,98092
490000.0,3.0,2.0,2220,10275,2.0,0,0,3,1640,580,1980,Issaquah,6,34,0,34,5.0,0.2160373686259245,1,98027
335000.0,3.0,1.75,2430,9133,1.0,0,0,4,1410,1020,1978,Renton,6,36,1,14,4.75,0.2660389752572805,1,98059
350000.0,2.0,0.75,1392,43710,1.5,0,0,4,1392,0,1978,Vashon,6,36,1,14,2.75,0.03184553087323557,0,98070
100000.0,4.0,1.0,1120,2685,1.0,0,0,3,860,260,1939,Renton,6,75,1,45,5.0,0.41697691734921816,1,98057
417500.0,4.0,1.0,1390,10800,1.5,0,0,4,1390,0,1941,Seattle,6,73,1,16,5.0,0.12869178779742615,0,98177
253000.0,3.0,1.75,2040,7281,1.0,0,0,3,1020,1020,1962,Tukwila,6,52,1,11,4.75,0.2801428179071684,1,98188
1240000.0,5.0,3.0,2830,7500,2.0,0,0,3,2460,370,1923,Seattle,6,91,1,16,8.0,0.37728302892947607,1,98105
490000.0,4.0,2.5,3020,8302,2.0,0,0,4,3020,0,1994,Covington,6,20,0,20,6.5,0.3637239551969168,0,98042
470000.0,3.0,1.75,2290,14800,1.0,0,0,3,1620,670,1965,Lake Forest Park,6,49,1,21,4.75,0.1547192757246132,1,98155
483300.0,4.0,2.0,1210,11100,1.0,0,0,4,1210,0,1955,Bellevue,6,59,1,5,6.0,0.10899918926222862,0,98006
659000.0,3.0,2.5,2510,6320,2.0,0,0,3,2510,0,1996,Sammamish,6,18,0,18,5.5,0.3970890681854137,0,98075
480000.0,4.0,1.75,2320,4322,1.0,0,0,3,1140,1180,1910,Seattle,6,104,1,8,5.75,0.5366643534582466,1,98144
165000.0,3.0,1.0,970,6600,1.0,0,0,3,970,0,1965,Burien,6,49,1,21,4.0,0.14694743220724132,0,98168
659500.0,3.0,1.75,1820,5500,1.0,0,0,4,1620,200,1957,Seattle,6,57,1,13,4.75,0.33084893655698966,1,98115
219900.0,3.0,1.0,970,7742,1.0,0,0,4,970,0,1967,Federal Way,6,47,0,47,4.0,0.1252744414309699,0,98003
315000.0,2.0,1.0,1740,3622,1.0,0,0,4,950,790,1924,Seattle,6,90,0,90,3.0,0.4802649737786365,1,98118
250000.0,3.0,1.75,1590,7560,1.0,0,0,3,1130,460,1984,Kent,6,30,0,30,4.75,0.21028964422695412,1,98031
268000.0,2.0,1.0,1380,5000,1.0,0,0,3,870,510,1943,Seattle,6,71,1,12,3.0,0.27594481103779245,1,98108
380000.0,4.0,1.5,1680,11123,1.0,0,0,3,1130,550,1959,Shoreline,6,55,1,25,5.5,0.15102481121898598,1,98177
499000.0,2.0,1.0,1220,3000,1.0,0,0,3,920,300,1926,Seattle,6,88,1,11,3.0,0.4065311562812396,1,98117
285000.0,2.0,2.0,1651,18200,1.0,0,0,3,1651,0,1946,Vashon,6,68,0,68,4.0,0.0907093016867205,0,98070
183000.0,3.0,1.75,1330,9200,1.0,0,0,4,1330,0,1973,Auburn,6,41,0,41,4.75,0.14454950548853385,0,98092
1070000.0,3.0,3.0,2940,4622,2.0,0,0,4,2230,710,1988,Seattle,6,26,0,26,6.0,0.6359506813757301,1,98105
429000.0,3.0,3.25,1410,1246,3.0,0,0,3,1410,0,2005,Seattle,6,9,0,9,6.25,1.1307137129109863,0,98103
403000.0,2.0,1.0,1100,3598,1.0,0,0,4,1100,0,1926,Seattle,6,88,1,21,3.0,0.30564045568213394,0,98144
375500.0,3.0,1.5,1530,7200,1.0,0,0,3,1530,0,1975,Lake Forest Park,6,39,0,39,4.5,0.2124704902096931,0,98155
1795000.0,5.0,3.25,5270,17232,2.0,0,1,3,4010,1260,1977,Mercer Island,6,37,1,11,8.25,0.3058086229907735,1,98040
516200.0,3.0,2.0,2110,5150,1.0,0,0,5,1080,1030,1919,Seattle,6,95,1,80,5.0,0.40962919821393906,1,98118
385000.0,4.0,1.75,1720,8750,1.0,0,0,3,860,860,1971,Kirkland,6,43,0,43,5.75,0.1965489658324763,1,98034
515000.0,3.0,2.5,1800,5001,2.0,0,0,3,1800,0,1996,Kirkland,6,18,0,18,5.5,0.3598560575769692,0,98034
375000.0,4.0,2.5,2210,9427,2.0,0,0,3,2210,0,1999,Burien,6,15,0,15,6.5,0.23440814594823928,0,98148
650000.0,4.0,2.25,2560,9731,2.0,0,0,4,2560,0,1973,Kirkland,6,41,0,41,6.25,0.26304973284011507,0,98034
306888.0,2.0,1.5,1010,7719,2.0,0,0,3,1010,0,1981,Renton,6,33,1,1,3.5,0.13082901554404144,0,98056
870000.0,4.0,2.5,3340,12248,2.0,0,1,3,2470,870,1998,Seattle,6,16,1,8,6.5,0.2726753204343212,1,98126
310000.0,4.0,1.0,1740,11075,1.5,0,0,3,1740,0,1965,Shoreline,6,49,1,21,5.0,0.1570964247020585,0,98133
251750.0,3.0,2.0,1320,7200,1.0,0,0,5,1320,0,1975,Kent,6,39,0,39,5.0,0.18330787390640188,0,98031
366000.0,3.0,1.75,1520,8625,1.0,0,0,3,1520,0,1976,Bothell,6,38,0,38,4.75,0.1762114537444934,0,98011
429950.0,3.0,1.5,2010,9480,1.0,0,0,3,1570,440,1951,Seattle,6,63,1,20,4.5,0.21200295327497098,1,98125
710000.0,3.0,3.5,2440,3427,2.0,0,0,3,1990,450,2000,Bellevue,6,14,0,14,6.5,0.7117852975495916,1,98005
895000.0,5.0,2.5,2550,20875,1.0,0,0,4,1610,940,1953,Bellevue,6,61,1,31,7.5,0.12214983713355049,1,98004
149500.0,3.0,1.0,1010,9450,1.0,0,0,4,1010,0,1959,Des Moines,6,55,0,55,4.0,0.10686699820124855,0,98198
310000.0,3.0,2.5,1780,6771,1.0,0,0,3,1230,550,1990,Seattle,6,24,1,5,5.5,0.26284701712935615,1,98106
555000.0,3.0,2.0,2180,4976,1.5,0,2,4,1680,500,1930,Seattle,6,84,0,84,5.0,0.43801486839461523,1,98126
750000.0,5.0,3.25,2750,7500,2.0,0,1,3,2150,600,1937,Kirkland,6,77,1,17,8.25,0.3666177842954273,1,98033
745000.0,4.0,3.25,3490,7024,2.0,0,0,3,3490,0,2006,Sammamish,6,8,0,8,7.25,0.496797153024911,0,98075
695000.0,3.0,2.5,2550,45254,2.0,0,0,3,2550,0,2001,Redmond,6,13,0,13,5.5,0.056347364932051704,0,98053
433000.0,3.0,1.75,1870,7189,1.0,0,0,3,1270,600,1959,Seattle,6,55,1,25,4.75,0.26008344923504867,1,98118
307000.0,4.0,1.0,1150,8184,1.5,0,0,3,1150,0,1947,Shoreline,6,67,1,2,5.0,0.14050091631032377,0,98155
655275.0,3.0,1.75,2050,11856,1.0,0,0,3,1460,590,1962,Bellevue,6,52,1,11,4.75,0.17289364932107615,1,98006
392000.0,4.0,2.75,1940,6555,2.0,0,0,3,1940,0,1990,Maple Valley,6,24,1,5,6.75,0.29591214154972545,0,98038
1180000.0,5.0,3.75,3630,6000,1.5,0,0,3,2470,1160,2004,Kirkland,6,10,1,11,8.75,0.6048991834694217,1,98033
359950.0,3.0,1.75,1890,9100,2.0,0,0,4,1890,0,1952,Shoreline,6,62,0,62,4.75,0.20766948686957476,0,98133
360000.0,4.0,2.0,1630,10375,1.0,0,0,5,1630,0,1968,Woodinville,6,46,0,46,6.0,0.15709329221279877,0,98077
566000.0,4.0,1.75,2440,5000,1.0,0,0,3,1340,1100,1954,Seattle,6,60,1,9,5.75,0.4879024195160968,1,98117
700000.0,5.0,2.75,3100,9825,2.0,0,2,4,3100,0,1950,Seattle,6,64,1,32,7.75,0.3154895176063505,0,98125
415000.0,3.0,2.5,2090,6045,2.0,0,0,3,2090,0,2000,Renton,6,14,0,14,5.5,0.3456830962619914,0,98056
199500.0,3.0,1.0,920,9812,1.0,0,0,4,920,0,1962,Auburn,6,52,0,52,4.0,0.09375318455110568,0,98001
749000.0,3.0,1.0,1580,5000,1.5,0,0,3,1580,0,1926,Seattle,6,88,1,11,4.0,0.31593681263747253,0,98117
680000.0,3.0,1.75,1760,8400,1.0,0,0,4,1460,300,1960,Seattle,6,54,1,13,4.75,0.2094988691822402,1,98136
400000.0,4.0,2.5,2530,7563,1.0,0,0,3,1440,1090,1978,Bothell,6,36,0,36,6.5,0.334479111581174,1,98011
608000.0,4.0,2.75,2490,9714,1.0,0,0,4,1400,1090,1983,Bothell,6,31,0,31,6.75,0.25630468347915597,1,98011
589900.0,4.0,4.5,3870,35889,2.0,0,0,3,2530,1340,2001,Issaquah,6,13,0,13,8.5,0.10782947896349958,1,98027
480000.0,5.0,2.5,2732,9500,1.0,0,2,4,1870,862,1975,Federal Way,6,39,0,39,7.5,0.28754867908641196,1,98003
1059500.0,5.0,3.25,3230,3825,2.0,0,0,3,2480,750,2014,Seattle,6,0,0,0,8.25,0.8442237323575535,1,98117
915000.0,6.0,3.75,2930,14980,2.0,0,3,3,2930,0,2013,Bellevue,6,1,1,91,9.75,0.19558106935451572,0,98006
695000.0,4.0,3.5,3510,9364,2.0,0,0,3,3510,0,2001,Snoqualmie,6,13,0,13,7.5,0.37479978643886813,0,98065
899900.0,4.0,2.5,2580,3909,2.0,0,0,3,2580,0,2013,Kirkland,6,1,1,91,6.5,0.659846547314578,0,98033
499950.0,2.0,2.25,1060,1208,2.0,0,0,3,940,120,2005,Seattle,6,9,0,9,4.25,0.8767576509511993,1,98102
533112.0,4.0,2.75,2790,8853,2.0,0,0,3,2790,0,2013,North Bend,6,1,1,91,6.75,0.31511181386943754,0,98045
303210.0,4.0,2.5,2009,5000,2.0,0,0,3,2009,0,2014,Auburn,6,0,0,0,6.5,0.40171965606878624,0,98092
525000.0,5.0,2.75,2880,8364,2.0,0,0,3,2880,0,2006,Renton,6,8,0,8,7.75,0.3442916915720263,0,98059
399950.0,2.0,1.0,710,1157,2.0,0,0,4,710,0,1943,Seattle,6,71,0,71,3.0,0.613126079447323,0,98102
850830.0,3.0,2.5,2070,13241,1.5,0,0,5,1270,800,1910,Seattle,6,104,0,104,5.5,0.15632079746261893,1,98102
371500.0,3.0,2.0,1370,8336,1.0,0,0,5,1370,0,1964,Shoreline,6,50,0,50,5.0,0.1643276958138419,0,98133
522000.0,3.0,1.75,1730,8400,1.0,0,0,4,1400,330,1980,Redmond,6,34,0,34,4.75,0.2059278657302702,1,98052
588000.0,4.0,2.0,1680,5000,1.0,0,0,3,980,700,1950,Seattle,6,64,1,9,6.0,0.3359328134373125,1,98115
276900.0,2.0,1.0,1350,10096,1.0,0,2,4,1350,0,1952,North Bend,6,62,0,62,3.0,0.13370308012280877,0,98045
248000.0,5.0,1.5,1510,9078,1.0,0,0,4,1510,0,1959,SeaTac,6,55,0,55,6.5,0.16631787641810772,0,98168
280000.0,3.0,2.5,1860,6607,2.0,0,0,3,1860,0,1989,Federal Way,6,25,0,25,5.5,0.2814769975786925,0,98023
495000.0,6.0,5.0,3440,4500,2.0,0,0,3,3280,160,2007,Renton,6,7,0,7,11.0,0.7642746056431904,1,98057
665000.0,6.0,3.0,4250,4400,2.5,0,0,4,3020,1230,1902,Seattle,6,112,0,112,9.0,0.9656896159963645,1,98118
290300.0,2.0,1.0,860,3874,1.0,0,0,4,860,0,1931,Renton,6,83,0,83,3.0,0.22193548387096773,0,98057
527000.0,2.0,1.75,1640,4080,1.0,0,0,3,840,800,1921,Seattle,6,93,1,14,3.75,0.4018622886547415,1,98105
487028.0,2.0,1.5,1295,1093,2.0,0,0,3,1105,190,2007,Seattle,6,7,0,7,3.5,1.1837294332723949,1,98122
325000.0,3.0,1.75,1790,27427,1.0,0,0,3,1130,660,1978,Snoqualmie,6,36,0,36,4.75,0.06526177628700598,1,98065
799000.0,3.0,1.5,2210,6300,1.5,0,0,5,2210,0,1916,Seattle,6,98,0,98,4.5,0.3507379780987145,0,98144
354000.0,3.0,1.0,940,10368,1.0,0,0,3,940,0,1965,Redmond,6,49,1,21,4.0,0.09065483653197029,0,98052
262500.0,3.0,1.5,1160,8906,1.0,0,0,3,1160,0,1962,Seattle,6,52,1,11,4.5,0.13023464690692713,0,98118
560200.0,3.0,2.5,1990,3984,2.0,0,0,3,1990,0,2004,Sammamish,6,10,1,11,5.5,0.4993726474278545,0,98075
220000.0,3.0,1.0,1050,6300,1.0,0,0,3,1050,0,1942,Seattle,6,72,1,15,4.0,0.16664021583875574,0,98146
650000.0,2.0,1.0,1030,5750,1.0,0,0,5,1030,0,1928,Seattle,6,86,1,44,3.0,0.17909928708050774,0,98116
435000.0,3.0,2.5,1420,2581,3.0,0,0,3,1420,0,2004,Seattle,6,10,1,11,5.5,0.5499612703330752,0,98133
800000.0,4.0,3.75,2690,4000,2.0,0,3,4,2120,570,1909,Seattle,6,105,1,25,7.75,0.6723319170207448,1,98119
1010000.0,4.0,2.5,3760,29224,2.0,0,0,3,3760,0,1987,Redmond,6,27,1,14,6.5,0.12865697177074423,0,98052
200000.0,2.0,1.0,700,4700,1.0,0,0,5,700,0,1953,Renton,6,61,0,61,3.0,0.14890448840672196,0,98056
295000.0,5.0,3.5,2100,5107,2.0,0,0,3,1410,690,1999,Seattle,6,15,0,15,8.5,0.4111198120595145,1,98178
580379.0,4.0,2.75,2240,27820,1.5,0,0,4,2240,0,1976,Sammamish,6,38,1,22,6.75,0.08051471909708494,0,98075
875000.0,4.0,2.5,3470,32109,2.0,0,0,3,3470,0,1995,Woodinville,6,19,0,19,6.5,0.10806602304578013,0,98077
515000.0,3.0,2.5,3370,19585,2.0,0,0,3,3200,170,1951,Shoreline,6,63,1,20,5.5,0.17206167670785255,1,98133
599000.0,4.0,2.5,2790,230868,2.0,0,0,3,2790,0,1989,Woodinville,6,25,0,25,6.5,0.012084775348790872,0,98077
285000.0,3.0,2.5,1870,4060,2.0,0,0,3,1870,0,2005,Kent,6,9,0,9,5.5,0.4604777148485595,0,98042
290000.0,3.0,1.75,1520,15090,1.0,0,0,4,1520,0,1968,Maple Valley,6,46,0,46,4.75,0.10072228480551322,0,98038
355000.0,1.0,1.75,750,20339,1.0,0,0,4,550,200,1946,Renton,6,68,1,25,2.75,0.03687315634218289,1,98059
381000.0,3.0,1.5,1460,11407,1.0,0,0,3,1460,0,1954,Lake Forest Park,6,60,1,9,4.5,0.1279803646563815,0,98155
571000.0,3.0,2.5,2600,7465,2.0,0,0,3,2600,0,1988,Bothell,6,26,1,14,5.5,0.34824537905170105,0,98011
852600.0,4.0,2.5,3320,11901,2.0,0,0,5,2650,670,1977,Bellevue,6,37,0,37,6.5,0.27894471517392033,1,98006
1085000.0,5.0,2.5,2340,6000,2.0,0,0,4,2340,0,1922,Seattle,6,92,0,92,7.5,0.3899350108315281,0,98144
371000.0,3.0,1.0,890,7200,1.0,0,0,3,890,0,1951,Seattle,6,63,1,20,4.0,0.12359394528537702,0,98125
514000.0,3.0,1.75,1720,5899,1.0,0,1,3,1220,500,1986,Seattle,6,28,0,28,4.75,0.29152542372881357,1,98136
386000.0,3.0,1.5,1270,1318,2.0,0,0,3,1080,190,2004,Seattle,6,10,1,11,4.5,0.9628506444275967,1,98199
464000.0,4.0,2.5,2180,7203,2.0,0,0,4,2180,0,1989,Renton,6,25,0,25,6.5,0.3026096612992782,0,98059
335000.0,4.0,2.25,2030,13500,1.0,0,0,3,1230,800,1963,Renton,6,51,1,6,6.25,0.15035923264943338,1,98059
740000.0,4.0,2.75,2490,17833,2.0,0,2,3,1490,1000,1979,Seattle,6,35,1,0,6.75,0.13962094874957945,1,98125
465000.0,4.0,1.75,1470,5350,1.0,0,0,3,980,490,1955,Seattle,6,59,1,9,5.75,0.2747150065408335,1,98125
700000.0,3.0,2.75,2500,7378,1.0,0,0,5,1390,1110,1948,Seattle,6,66,1,29,5.75,0.3387992952974658,1,98177
785000.0,3.0,3.5,4500,21870,2.0,0,0,3,4500,0,2004,Auburn,6,10,1,11,6.5,0.2057519089204883,0,98092
350000.0,3.0,3.25,1460,1592,2.0,0,0,3,1130,330,2006,Seattle,6,8,0,8,6.25,0.9165097300690521,1,98126
148000.0,1.0,1.0,620,8261,1.0,0,0,3,620,0,1939,Seattle,6,75,1,45,2.0,0.07504236262406197,0,98106
530000.0,3.0,1.75,1550,3680,1.0,0,0,3,1050,500,1927,Seattle,6,87,1,3,4.75,0.4210812279271937,1,98117
349000.0,3.0,2.5,1430,1002,3.0,0,0,3,1430,0,2002,Seattle,6,12,0,12,5.5,1.4257228315054835,0,98103
240000.0,3.0,1.5,1360,9760,1.5,0,0,5,1360,0,1984,North Bend,6,30,0,30,4.5,0.13932998668169244,0,98045
330000.0,3.0,2.5,2210,7557,2.0,0,0,3,2210,0,1989,Federal Way,6,25,0,25,5.5,0.2924053982535062,0,98023
735000.0,4.0,1.75,2460,5100,1.5,0,0,5,1450,1010,1909,Seattle,6,105,1,26,5.75,0.48225838070966476,1,98115
545000.0,3.0,2.5,2180,15693,1.0,0,0,4,1850,330,1979,Sammamish,6,35,0,35,5.5,0.13890658850516122,1,98075
214950.0,3.0,1.75,1570,4875,1.0,0,0,4,1310,260,1977,Covington,6,37,0,37,4.75,0.32198523379819527,1,98042
657500.0,4.0,2.75,4140,24190,2.0,0,0,3,4140,0,2002,Auburn,6,12,0,12,6.75,0.17113802653879542,0,98092
476000.0,3.0,1.0,1140,5500,1.5,0,0,4,1140,0,1908,Seattle,6,106,0,106,4.0,0.20723504817305943,0,98199
2888000.0,5.0,6.25,8670,64033,2.0,0,4,3,6120,2550,1965,Seattle,6,49,1,11,11.25,0.1353968204391417,1,98177
110000.0,2.0,1.0,800,15000,1.0,0,0,3,800,0,1927,Seattle,6,87,1,3,3.0,0.05332977801479901,0,98168
292000.0,4.0,2.75,2414,7693,2.0,0,0,3,2414,0,2006,Auburn,6,8,0,8,6.75,0.3137509747855472,0,98002
317000.0,3.0,1.0,1160,8813,1.0,0,0,3,1160,0,1952,Seattle,6,62,1,6,4.0,0.13160880417517587,0,98125
455000.0,4.0,2.5,3170,10688,2.0,0,2,3,3170,0,2001,Auburn,6,13,0,13,6.5,0.29656656375713353,0,98001
1365000.0,5.0,3.5,4210,17258,2.0,0,3,3,4210,0,1995,Bellevue,6,19,0,19,8.5,0.2439307028217162,0,98006
460000.0,3.0,2.0,2060,4437,1.0,0,0,3,1030,1030,1929,Seattle,6,85,0,85,5.0,0.4641730509238396,1,98126
405000.0,3.0,2.0,1640,7201,1.0,0,0,3,1640,0,1948,Seattle,6,66,1,20,5.0,0.22771452374340462,0,98125
333000.0,2.0,1.0,720,6686,1.0,0,0,3,720,0,1942,Seattle,6,72,1,15,3.0,0.10767160161507403,0,98117
427000.0,4.0,1.0,1860,4736,1.5,0,0,1,1860,0,1901,Seattle,6,113,0,113,5.0,0.39265357821405955,0,98112
742000.0,4.0,2.5,2810,10986,2.0,0,0,3,2810,0,1997,Sammamish,6,17,0,17,6.5,0.2557568034950396,0,98075
465000.0,4.0,2.5,2090,9702,1.0,0,0,5,1320,770,1965,Shoreline,6,49,0,49,6.5,0.21539729980418426,1,98133
809950.0,4.0,2.5,3280,6181,2.0,0,0,3,3280,0,2001,Sammamish,6,13,0,13,6.5,0.5305726302167584,0,98074
619400.0,4.0,2.0,2090,3610,1.5,0,0,5,1790,300,1927,Seattle,6,87,0,87,6.0,0.5787870396012185,1,98115
762400.0,3.0,1.75,2430,14607,1.0,0,1,3,1230,1200,1949,Mercer Island,6,65,1,44,4.75,0.1663472070098576,1,98040
535000.0,5.0,2.25,2520,49222,2.0,0,0,4,2520,0,1978,Issaquah,6,36,1,14,7.25,0.05119557930235865,0,98027
881000.0,5.0,3.0,2510,4125,1.5,0,3,5,1590,920,1925,Seattle,6,89,0,89,8.0,0.6083373727581193,1,98144
813000.0,4.0,2.75,3370,6675,1.0,0,3,4,1920,1450,1948,Seattle,6,66,0,66,6.75,0.5047932893948472,1,98144
234000.0,3.0,2.0,1640,5280,1.5,0,0,5,1640,0,1910,Auburn,6,104,0,104,5.0,0.3105472448399924,0,98002
308900.0,3.0,2.5,2250,7294,2.0,0,0,3,2250,0,1994,Auburn,6,20,0,20,5.5,0.30843043180260454,0,98092
450000.0,4.0,2.5,2300,19250,1.0,0,0,4,2300,0,1955,North Bend,6,59,1,5,6.5,0.11947431302270012,0,98045
547500.0,3.0,3.5,1650,2262,3.0,0,0,3,1650,0,2010,Seattle,6,4,0,4,6.5,0.7291206363234645,0,98103
399950.0,2.0,1.0,710,1131,2.0,0,0,4,710,0,1943,Seattle,6,71,0,71,3.0,0.627208480565371,0,98102
516000.0,4.0,3.5,2550,8698,2.0,0,0,3,2550,0,2007,Snoqualmie,6,7,0,7,7.5,0.2931371422002529,0,98065
250000.0,2.0,1.5,982,846,2.0,0,0,3,806,176,2006,Seattle,6,8,0,8,3.5,1.1593860684769777,1,98133
475000.0,3.0,2.25,1630,2520,2.0,0,0,3,1630,0,2005,Issaquah,6,9,0,9,5.25,0.646568821896073,0,98029
415000.0,4.0,2.5,2550,4500,2.0,0,0,3,2550,0,2009,Renton,6,5,0,5,6.5,0.5665407687180627,0,98059
545000.0,2.0,1.25,1240,2150,2.0,0,0,3,1240,0,2014,Seattle,6,0,0,0,3.25,0.5764760576476058,0,98117
329950.0,3.0,2.5,2456,7566,2.0,0,0,3,2456,0,2012,Federal Way,6,2,1,102,5.5,0.3245671996828334,0,98023
1325000.0,5.0,2.25,3200,20158,1.0,0,0,3,1600,1600,1965,Clyde Hill,6,49,1,21,7.25,0.15873803264050795,1,98004
784000.0,3.0,3.5,3950,111078,1.5,0,0,3,2460,1490,1989,Redmond,6,25,0,25,6.5,0.03556027692002989,1,98053
610750.0,4.0,2.25,2180,7297,2.0,0,0,3,2180,0,1984,Sammamish,6,30,0,30,6.25,0.29871197588380377,0,98074
578000.0,4.0,2.5,3140,9225,1.0,0,2,5,1770,1370,1966,Renton,6,48,0,48,6.5,0.34034251029698676,1,98057
1485000.0,4.0,3.75,4030,10800,2.0,0,0,3,4030,0,2006,Kirkland,6,8,0,8,7.75,0.37311360059253773,0,98033
501000.0,3.0,1.75,1970,7972,1.0,0,3,5,1370,600,1976,Renton,6,38,0,38,4.75,0.24708390819014173,1,98057
465250.0,5.0,2.0,1940,7642,1.5,0,0,3,1940,0,1957,Shoreline,6,57,1,14,7.0,0.25382703127044354,0,98177
2250000.0,5.0,4.25,4860,9453,1.5,0,1,5,3100,1760,1905,Seattle,6,109,0,109,9.25,0.5140681193145759,1,98112
1095000.0,0.0,0.0,3064,4764,3.5,0,2,3,3064,0,1990,Seattle,6,24,1,5,0.0,0.64302203567681,0,98102
315000.0,2.0,1.0,970,5665,1.0,0,0,4,970,0,1908,Seattle,6,106,0,106,3.0,0.17119661136604306,0,98118
900000.0,4.0,2.25,2460,44431,1.0,0,0,4,2460,0,1957,Bellevue,6,57,1,13,6.25,0.05536550234065538,0,98007
789500.0,4.0,2.5,3010,6100,2.0,0,0,3,3010,0,2005,Redmond,6,9,0,9,6.5,0.4933617439763973,0,98052
678500.0,3.0,2.0,2460,6600,1.0,0,2,4,1370,1090,1952,Seattle,6,62,0,62,5.0,0.37267080745341613,1,98136
342500.0,3.0,2.0,2080,11375,1.0,0,0,3,2080,0,2002,Enumclaw,6,12,0,12,5.0,0.1828410689170183,0,98022
860000.0,4.0,3.25,3960,7012,2.0,0,0,3,3960,0,2005,Sammamish,6,9,0,9,7.25,0.5646656209895907,0,98075
306000.0,4.0,2.5,2490,8124,2.0,0,0,3,2490,0,2001,Auburn,6,13,0,13,6.5,0.30646153846153845,0,98092
580000.0,5.0,2.0,2060,6000,2.0,0,0,3,2060,0,1903,Seattle,6,111,1,9,7.0,0.3432761206465589,0,98105
405000.0,3.0,1.0,1330,15678,1.0,0,0,3,900,430,1984,Sammamish,6,30,0,30,4.0,0.08482683844632949,1,98074
510000.0,3.0,1.75,1600,19200,1.0,0,0,4,1600,0,1967,Kirkland,6,47,0,47,4.75,0.08332899328159991,0,98034
173000.0,2.0,1.0,820,10450,1.0,0,0,4,820,0,1965,Renton,6,49,0,49,3.0,0.07846139125442542,0,98055
210000.0,4.0,1.75,1200,7680,1.0,0,0,3,1200,0,1968,Auburn,6,46,1,17,5.75,0.1562296575966671,0,98092
445000.0,3.0,1.0,1050,5664,1.0,0,0,4,910,140,1947,Seattle,6,67,1,26,4.0,0.1853486319505737,1,98115
585000.0,3.0,2.5,1910,1501,2.5,0,0,3,1530,380,2007,Seattle,6,7,0,7,5.5,1.2716378162450066,1,98199
381000.0,3.0,1.75,1800,6000,1.0,0,0,5,900,900,1950,Shoreline,6,64,0,64,4.75,0.2999500083319447,1,98155
890000.0,3.0,2.25,2060,8640,1.0,0,0,4,2060,0,1966,Kirkland,6,48,0,48,5.25,0.23839833352621223,0,98033
235000.0,3.0,1.75,1840,9697,1.0,0,0,4,1500,340,1985,Kent,6,29,0,29,4.75,0.18972984120437203,1,98030
480000.0,3.0,2.5,1250,1103,3.0,0,2,3,1250,0,2005,Seattle,6,9,0,9,5.5,1.1322463768115942,0,98103
575000.0,2.0,1.0,1510,4032,1.5,0,0,3,1310,200,1935,Seattle,6,79,1,40,3.0,0.3744111083560625,1,98199
350000.0,4.0,2.25,2300,4600,1.5,0,0,4,1340,960,1904,Seattle,6,110,0,110,6.25,0.49989132797217994,1,98144
259000.0,4.0,1.5,1490,7560,2.0,0,0,3,1490,0,1966,Des Moines,6,48,1,51,5.5,0.19706388043909537,0,98198
599000.0,5.0,2.75,2820,4608,1.0,0,0,3,1450,1370,1967,Seattle,6,47,1,3,7.75,0.611846387502712,1,98117
210000.0,4.0,1.5,1130,7840,1.0,0,0,4,1130,0,1970,Federal Way,6,44,0,44,5.5,0.14411427113888534,0,98023
1184000.0,4.0,2.5,3200,7500,1.5,0,1,5,1860,1340,1948,Seattle,6,66,1,29,6.5,0.42660978536195177,1,98115
545000.0,3.0,1.0,1510,5000,1.5,0,0,3,1510,0,1909,Seattle,6,105,1,10,4.0,0.30193961207758446,0,98105
299995.0,3.0,2.5,1970,7500,2.0,0,0,3,1970,0,1988,Auburn,6,26,1,14,5.5,0.26263164911345155,0,98092
440000.0,3.0,1.0,1210,5750,1.5,0,0,4,1210,0,1910,Seattle,6,104,0,104,4.0,0.2103981916188489,0,98136
699000.0,4.0,2.5,3280,27441,2.0,0,0,3,3280,0,1996,Redmond,6,18,0,18,6.5,0.11952481597551198,0,98053
795000.0,3.0,2.0,2420,17859,1.0,0,1,5,1500,920,1979,Kirkland,6,35,0,35,5.0,0.135498320268757,1,98034
445000.0,5.0,1.75,2460,6846,1.5,0,0,5,1340,1120,1911,Seattle,6,103,1,30,6.75,0.3592814371257485,1,98108
397990.0,3.0,1.0,1180,11862,1.0,0,0,4,1180,0,1948,Seattle,6,66,0,66,4.0,0.09946893703110511,0,98177
706000.0,3.0,2.75,1900,6400,1.0,0,0,5,1410,490,1942,Seattle,6,72,0,72,5.75,0.2968286205280425,1,98105
363000.0,3.0,3.25,1651,1779,2.0,0,0,3,1341,310,2008,Seattle,6,6,0,6,6.25,0.9275280898876405,1,98133
850000.0,4.0,2.25,2130,11843,2.0,0,0,4,2130,0,1972,Mercer Island,6,42,0,42,6.25,0.17983789260385005,0,98040
620000.0,2.0,1.0,1430,3000,1.5,0,0,3,1300,130,1929,Seattle,6,85,0,85,3.0,0.47650783072309233,1,98112
1228000.0,4.0,2.5,5730,44947,2.0,0,4,3,4280,1450,1991,Sammamish,6,23,0,23,6.5,0.1274806443000801,1,98074
333000.0,4.0,2.5,1910,9244,1.0,0,0,4,1910,0,1963,Renton,6,51,0,51,6.5,0.206598161168199,0,98059
743000.0,3.0,1.75,2110,11250,1.0,0,0,4,2110,0,1961,Mercer Island,6,53,1,13,4.75,0.18753888543240602,0,98040
448000.0,2.0,1.5,1630,3780,1.0,0,0,4,890,740,1940,Seattle,6,74,1,13,3.5,0.4311028828352288,1,98107
485000.0,4.0,2.5,2470,35073,2.0,0,0,3,2470,0,1989,Auburn,6,25,0,25,6.5,0.07042253521126761,0,98092
489950.0,4.0,2.25,2640,31941,1.0,0,0,4,2640,0,1986,Auburn,6,28,0,28,6.25,0.08264980276751613,0,98092
498500.0,5.0,2.75,2990,7420,2.0,0,0,3,2990,0,1996,Renton,6,18,0,18,7.75,0.40291065894084355,0,98059
531000.0,3.0,2.5,2120,9736,2.0,0,0,3,2120,0,1988,Bothell,6,26,1,14,5.5,0.21772619903461024,0,98011
670000.0,3.0,2.5,2050,6420,1.0,0,3,3,1730,320,1956,Seattle,6,58,1,13,5.5,0.3192649120074755,1,98116
310000.0,5.0,3.0,1880,5000,1.0,0,0,3,1100,780,1997,Seattle,6,17,0,17,8.0,0.3759248150369926,1,98106
835000.0,3.0,3.0,2790,12523,2.0,1,4,4,1600,1190,1977,Des Moines,6,37,0,37,6.0,0.22277227722772278,1,98198
1688000.0,4.0,2.5,3000,7500,2.0,0,0,3,3000,0,1937,Seattle,6,77,1,20,6.5,0.39994667377682974,0,98105
495000.0,4.0,2.5,2140,7245,2.0,0,0,3,2140,0,2003,Seattle,6,11,0,11,6.5,0.2953353574385868,0,98133
495000.0,3.0,2.0,1769,9300,1.0,0,0,4,1769,0,1955,Normandy Park,6,59,1,5,5.0,0.19019460273088915,0,98166
440000.0,3.0,1.0,1710,6556,1.5,0,0,4,1200,510,1926,Seattle,6,88,1,21,4.0,0.2607899954247369,1,98133
280000.0,1.0,0.75,420,6720,1.0,0,0,3,420,0,1922,Seattle,6,92,1,6,1.75,0.06249070078857313,0,98108
1070000.0,4.0,2.5,3270,35445,2.0,0,0,3,3270,0,1989,Bellevue,6,25,0,25,6.5,0.09225300457033234,0,98006
1034500.0,4.0,2.5,2370,10858,2.0,0,0,3,2370,0,2003,Bellevue,6,11,0,11,6.5,0.21825214108113086,0,98004
248000.0,4.0,2.5,1770,5855,2.0,0,0,3,1770,0,2003,Maple Valley,6,11,0,11,6.5,0.30225409836065575,0,98038
294000.0,4.0,2.5,2210,8465,1.0,0,0,3,1490,720,1990,Auburn,6,24,1,5,6.5,0.26104417670682734,1,98092
561000.0,3.0,2.25,1710,4140,2.0,0,0,3,1710,0,2004,Issaquah,6,10,1,11,5.25,0.41294373339773,0,98029
656500.0,4.0,2.0,2710,4750,1.0,0,0,4,1460,1250,1919,Seattle,6,95,1,29,6.0,0.5704062302673122,1,98115
660000.0,3.0,3.0,2340,2970,2.0,0,0,5,2160,180,1925,Seattle,6,89,0,89,6.0,0.7876135981151128,1,98103
370000.0,2.0,1.0,1220,17172,1.0,0,0,4,1220,0,1947,Kirkland,6,67,1,26,3.0,0.07104175158679323,0,98033
349950.0,3.0,1.0,1060,9525,1.0,0,0,3,1060,0,1966,Redmond,6,48,1,51,4.0,0.11127440688641613,0,98052
223000.0,2.0,1.0,910,9869,1.0,0,0,3,910,0,1957,Renton,6,57,1,14,3.0,0.09219858156028368,0,98058
560000.0,4.0,1.75,1880,3880,1.5,0,0,4,1090,790,1944,Seattle,6,70,0,70,5.75,0.48441123421798504,1,98107
594000.0,4.0,1.75,1870,5200,2.0,0,0,4,1200,670,1937,Seattle,6,77,0,77,5.75,0.35954624110747935,1,98115
600000.0,3.0,2.25,1480,5400,2.0,0,0,4,1480,0,1914,Seattle,6,100,1,69,5.25,0.2740233290131457,0,98122
315000.0,3.0,2.5,1880,7000,2.0,0,0,3,1880,0,1993,Kent,6,21,0,21,5.5,0.26853306670475646,0,98031
430000.0,4.0,1.75,1890,6000,1.0,0,0,4,1110,780,1947,Seattle,6,67,1,26,5.75,0.3149475087485419,1,98125
440000.0,3.0,2.75,1560,7392,1.0,0,0,5,1030,530,1972,Kirkland,6,42,0,42,5.75,0.2110104152576762,1,98034
312500.0,2.0,1.5,1070,1200,2.0,0,0,3,1070,0,1999,Seattle,6,15,0,15,3.5,0.890924229808493,0,98103
1240000.0,5.0,4.0,4410,14380,2.0,0,0,3,4410,0,2006,Redmond,6,8,0,8,9.0,0.3066546137264446,0,98052
300000.0,3.0,3.25,1470,1235,2.0,0,0,3,1180,290,2008,Seattle,6,6,0,6,6.25,1.1893203883495145,1,98108
680000.0,3.0,2.5,2570,3600,2.5,0,0,3,2570,0,2007,Issaquah,6,7,0,7,5.5,0.7136906414884754,0,98029
336750.0,2.0,2.25,1170,1011,2.0,0,0,3,1170,0,2009,Issaquah,6,5,0,5,4.25,1.1561264822134387,0,98027
822500.0,5.0,3.5,2320,4960,2.0,0,0,5,1720,600,1926,Seattle,6,88,0,88,8.5,0.4676476516831284,1,98103
589000.0,4.0,3.0,2440,9600,2.0,0,0,5,2440,0,1961,Kirkland,6,53,0,53,7.0,0.25414019372981983,0,98034
863000.0,4.0,2.5,4120,22370,2.0,0,0,3,4120,0,1997,Sammamish,6,17,0,17,6.5,0.18416700192213134,0,98074
210000.0,2.0,1.75,1440,5680,1.0,0,0,4,1440,0,1978,Des Moines,6,36,1,14,3.75,0.25347650061608873,0,98198
206135.0,3.0,1.0,1340,11070,1.0,0,0,4,1340,0,1978,Kent,6,36,1,14,4.0,0.12103694336554964,0,98030
1125000.0,6.0,3.75,3010,4360,2.0,0,0,3,2000,1010,2014,Seattle,6,0,0,0,9.75,0.6902086677367576,1,98103
285000.0,3.0,1.75,1840,8601,1.0,0,0,3,920,920,1905,Seattle,6,109,1,0,4.75,0.21390374331550802,1,98118
230000.0,2.0,1.0,930,7550,1.0,0,0,3,930,0,1986,SeaTac,6,28,0,28,3.0,0.12316249503377036,0,98168
845000.0,4.0,2.75,4070,115434,2.0,0,0,3,4070,0,2002,North Bend,6,12,0,12,6.75,0.03525793736734959,0,98045
350000.0,3.0,1.75,1820,9545,1.0,0,0,3,1230,590,1976,Lake Forest Park,6,38,0,38,4.75,0.1906557720511209,1,98155
304000.0,3.0,1.0,1280,8184,1.5,0,0,4,1280,0,1947,Shoreline,6,67,1,26,4.0,0.1563836285888821,0,98155
370000.0,2.0,1.0,900,4600,1.0,0,0,3,900,0,1951,Seattle,6,63,1,20,3.0,0.19560965007607042,0,98117
810000.0,3.0,1.75,1980,13503,1.0,0,2,4,1320,660,1952,Bellevue,6,62,0,62,4.75,0.14662322274881517,1,98008
440000.0,4.0,2.25,2010,7575,1.0,0,0,3,1220,790,1974,Kirkland,6,40,0,40,6.25,0.26531151003167897,1,98034
1030000.0,4.0,2.5,2750,4800,2.0,0,0,3,1960,790,1905,Seattle,6,109,1,9,6.5,0.5727973338887732,1,98103
775000.0,4.0,2.0,3140,10875,1.0,0,1,3,1940,1200,1939,Seattle,6,75,1,45,6.0,0.2887090842221405,1,98199
1335000.0,5.0,2.25,4200,5800,2.5,0,0,4,2910,1290,1906,Seattle,6,108,1,24,7.25,0.7240131011894501,1,98112
235000.0,3.0,1.75,1900,8540,1.0,0,0,3,950,950,1980,SeaTac,6,34,0,34,4.75,0.22245638683994848,1,98168
499950.0,3.0,1.0,1830,3000,1.5,0,0,3,1430,400,1926,Seattle,6,88,1,11,4.0,0.6097967344218593,1,98103
622500.0,5.0,2.75,3320,23760,2.0,0,0,4,2190,1130,1975,Woodinville,6,39,0,39,7.75,0.13972475905896217,1,98072
300000.0,4.0,2.5,2700,10814,1.0,0,0,4,1560,1140,1966,Kent,6,48,0,48,6.5,0.24965325936199723,1,98030
205000.0,3.0,1.0,1290,6566,1.0,0,0,5,1290,0,1976,Federal Way,6,38,0,38,4.0,0.19643672910004567,0,98023
435000.0,3.0,1.75,1500,8173,1.0,0,0,3,1500,0,1997,Kirkland,6,17,0,17,4.75,0.18350868607780768,0,98034
697000.0,4.0,2.75,3650,48351,1.5,0,0,4,3650,0,1978,Woodinville,6,36,1,14,6.75,0.07548808735936466,0,98077
153000.0,3.0,1.0,1270,6405,1.5,0,0,3,1270,0,1944,Seattle,6,70,0,70,4.0,0.19825163908835466,0,98178
454000.0,4.0,2.25,2630,39000,2.0,0,0,3,2630,0,1979,Kent,6,35,1,0,6.25,0.06743416835465757,0,98042
345000.0,2.0,1.5,1800,26615,1.0,0,0,5,1240,560,1987,Auburn,6,27,0,27,3.5,0.06762849413886383,1,98092
585000.0,3.0,1.0,1870,2807,1.5,0,0,4,1580,290,1927,Seattle,6,87,0,87,4.0,0.665954415954416,1,98107
380000.0,4.0,2.5,2540,6365,2.0,0,0,3,1870,670,2000,Renton,6,14,0,14,6.5,0.39899465912661014,1,98055
250600.0,4.0,2.5,1930,8660,1.0,0,0,3,1120,810,1981,Auburn,6,33,1,1,6.5,0.2228380094677289,1,98001
890000.0,4.0,2.25,2770,13500,2.0,0,0,3,2770,0,1974,Mercer Island,6,40,0,40,6.25,0.2051699874083401,0,98040
370000.0,4.0,2.5,2220,5338,2.0,0,0,3,2220,0,2001,Renton,6,13,0,13,6.5,0.41580820378348005,0,98059
369500.0,3.0,1.5,1650,9957,1.0,0,0,4,1100,550,1961,Seattle,6,53,1,13,4.5,0.16569592287607954,1,98125
883000.0,4.0,2.5,3670,54450,2.0,0,0,3,3670,0,1999,Sammamish,6,15,0,15,6.5,0.06740004774935263,0,98074
950000.0,4.0,2.5,3770,35081,2.0,0,0,3,3770,0,1989,Redmond,6,25,0,25,6.5,0.1074625163901716,0,98053
615000.0,3.0,1.75,2350,20820,1.0,0,0,4,1800,550,1978,Sammamish,6,36,1,14,4.75,0.11286681715575621,1,98074
305000.0,3.0,1.5,1210,5240,1.0,0,0,4,610,600,1983,Seattle,6,31,0,31,4.5,0.23087197099790116,1,98106
590000.0,4.0,2.5,2010,7972,2.0,0,0,4,2010,0,1989,Issaquah,6,25,0,25,6.5,0.25210084033613445,0,98029
485000.0,3.0,2.5,1580,6065,2.0,0,0,3,1580,0,1985,Issaquah,6,29,0,29,5.5,0.260468183316848,0,98029
215000.0,2.0,1.0,710,7200,1.0,0,0,3,710,0,1943,Seattle,6,71,1,12,3.0,0.09859741702541314,0,98178
430000.0,3.0,2.0,1910,5040,1.5,0,0,3,1910,0,1971,Sammamish,6,43,0,43,5.0,0.37889307677048206,0,98074
324900.0,4.0,2.5,1880,7965,2.0,0,0,3,1880,0,2000,Maple Valley,6,14,0,14,6.5,0.2360030128044188,0,98038
849900.0,2.0,2.0,2280,641203,2.0,0,0,3,2280,0,1990,Vashon,6,24,1,5,4.0,0.003555810631249961,0,98070
975000.0,5.0,2.75,3100,10014,1.0,0,2,4,1660,1440,1973,Mercer Island,6,41,0,41,7.75,0.30953569645531703,1,98040
910000.0,5.0,2.5,2350,4000,2.0,0,0,3,2350,0,1993,Seattle,6,21,0,21,7.5,0.5873531617095726,0,98112
459950.0,3.0,1.75,1850,6869,1.0,0,2,5,1100,750,1919,Burien,6,95,1,80,4.75,0.2692867540029112,1,98166
325000.0,3.0,2.5,2070,8337,2.0,0,0,3,2070,0,1997,Kent,6,17,0,17,5.5,0.2482609738546414,0,98030
513000.0,4.0,2.75,2020,7070,1.0,0,0,5,1010,1010,1958,Seattle,6,56,0,56,6.75,0.28567387922500354,1,98126
475000.0,3.0,2.25,1580,12177,1.0,0,0,3,1200,380,1981,Sammamish,6,33,1,1,5.25,0.1297421579898177,1,98074
419000.0,4.0,2.5,2690,7947,2.0,0,0,3,2690,0,1993,Renton,6,21,0,21,6.5,0.3384499245093105,0,98058
760000.0,4.0,2.5,2420,10285,1.0,0,4,3,1700,720,1958,Burien,6,56,1,10,6.5,0.23527124246548706,1,98146
1120000.0,5.0,1.5,2540,6660,2.0,0,3,4,2340,200,1954,Seattle,6,60,1,35,6.5,0.38132412550668066,1,98136
129000.0,2.0,1.0,1150,30184,1.0,0,0,3,1150,0,1950,Renton,6,64,1,9,3.0,0.038098393241676326,0,98055
725000.0,5.0,2.5,3210,12000,1.0,0,0,4,1830,1380,1968,Bellevue,6,46,0,46,7.5,0.26747771019081745,1,98007
580000.0,3.0,2.5,2040,4627,2.0,0,0,3,2040,0,1992,Redmond,6,22,0,22,5.5,0.4407951598962835,0,98052
385000.0,3.0,2.25,1920,4833,1.0,0,0,4,1060,860,1921,Seattle,6,93,0,93,5.25,0.39718659495242037,1,98133
265000.0,4.0,1.75,1900,10588,1.0,0,0,5,1900,0,1958,Auburn,6,56,0,56,5.75,0.17943148550382473,0,98002
1735000.0,3.0,2.5,4310,32093,1.5,0,4,5,2510,1800,1982,Shoreline,6,32,0,32,5.5,0.13429301427058016,1,98177
330000.0,3.0,2.5,1070,1155,2.0,0,0,3,720,350,2005,Seattle,6,9,0,9,5.5,0.9256055363321799,1,98116
665000.0,4.0,2.5,2790,43091,2.0,0,0,4,2790,0,1989,Woodinville,6,25,0,25,6.5,0.06474519632414369,0,98077
799000.0,3.0,2.5,2860,4442,2.0,0,0,3,2860,0,2000,Seattle,6,14,0,14,5.5,0.6437092054917848,0,98199
589000.0,3.0,2.0,2250,8800,1.0,0,0,4,1250,1000,1925,Seattle,6,89,1,46,5.0,0.2556527667310533,1,98116
1695000.0,2.0,2.25,3170,3000,2.0,0,2,5,1990,1180,1900,Seattle,6,114,0,114,4.25,1.056314561812729,1,98109
538000.0,3.0,1.0,1460,7200,1.0,0,0,3,1260,200,1906,Seattle,6,108,1,0,4.0,0.20274961810859604,1,98103
530100.0,3.0,1.0,1540,3399,1.5,0,0,3,1200,340,1926,Seattle,6,88,1,11,4.0,0.45294117647058824,1,98117
718500.0,3.0,2.0,2910,6600,2.0,0,0,4,1920,990,1900,Seattle,6,114,1,26,5.0,0.440842296621724,1,98118
299000.0,3.0,1.75,1180,13927,1.0,0,0,5,1180,0,1962,Renton,6,52,0,52,4.75,0.08472142446869615,0,98059
556000.0,3.0,1.75,1640,7437,1.0,0,0,3,1090,550,1948,Seattle,6,66,1,20,4.75,0.22048937886528636,1,98126
171000.0,4.0,2.0,1520,19672,1.0,0,0,3,1020,500,1920,Tukwila,6,94,1,35,6.0,0.07726325420627256,1,98188
540000.0,5.0,3.0,3610,9775,2.0,0,0,3,3610,0,2003,Maple Valley,6,11,0,11,8.0,0.36927168576104746,0,98038
250000.0,3.0,2.25,1400,3814,2.0,0,0,3,1400,0,2012,Covington,6,2,1,102,5.25,0.3669724770642202,0,98042
795000.0,4.0,3.5,3200,3250,2.0,0,0,3,2670,530,2007,Issaquah,6,7,0,7,7.5,0.9843125192248539,1,98029
575000.0,3.0,3.0,1384,1287,2.0,0,0,3,1144,240,2006,Seattle,6,8,0,8,6.0,1.0745341614906831,1,98102
379500.0,3.0,2.25,1410,1287,2.0,0,0,3,1290,120,2005,Issaquah,6,9,0,9,5.25,1.09472049689441,1,98027
385000.0,4.0,2.5,2050,5276,2.0,0,0,3,2050,0,2006,Renton,6,8,0,8,6.5,0.38847830206556755,0,98059
415500.0,4.0,2.5,1750,4779,2.0,0,0,3,1750,0,2009,Kenmore,6,5,0,5,6.5,0.36610878661087864,0,98028
397500.0,3.0,2.0,1510,6710,1.0,0,0,3,1070,440,1972,Kirkland,6,42,1,12,5.0,0.22500372522723885,1,98034
530000.0,3.0,2.5,1930,7214,2.0,0,0,3,1930,0,2005,Seattle,6,9,0,9,5.5,0.2674982674982675,0,98125
883000.0,4.0,2.5,2960,41656,2.0,0,0,3,2960,0,1985,Woodinville,6,29,0,29,6.5,0.07105648510454425,0,98072
850000.0,5.0,2.75,2920,11880,1.0,0,0,5,1660,1260,1968,Issaquah,6,46,0,46,7.75,0.24577055803383555,1,98027
496752.0,2.0,1.0,1980,5000,1.0,0,0,4,1090,890,1923,Seattle,6,91,0,91,3.0,0.39592081583683264,1,98144
330000.0,3.0,1.75,1430,8865,1.0,0,0,3,1430,0,1950,Seattle,6,64,1,9,4.75,0.16129032258064516,0,98125
735000.0,4.0,2.75,2450,4187,2.0,0,2,3,2450,0,2010,Issaquah,6,4,0,4,6.75,0.5850047755491882,0,98029
525000.0,4.0,2.75,2360,4924,2.0,0,0,3,2360,0,2008,Kenmore,6,6,0,6,6.75,0.47918781725888326,0,98028
269950.0,3.0,2.5,1890,4838,2.0,0,0,3,1730,160,2002,Tukwila,6,12,0,12,5.5,0.39057656540607566,1,98168
650000.0,3.0,1.75,2140,9484,1.0,0,0,3,1290,850,1953,Bellevue,6,61,0,61,4.75,0.22561939905113337,1,98004
520500.0,3.0,2.0,1900,8100,1.0,0,0,4,950,950,1940,Seattle,6,74,1,13,5.0,0.23453894580915935,1,98115
652500.0,4.0,2.5,2700,9122,2.0,0,0,3,2700,0,1990,Issaquah,6,24,1,5,6.5,0.295955277869122,0,98029
506000.0,5.0,3.0,2430,8000,1.0,0,0,4,1370,1060,1957,Bellevue,6,57,1,13,8.0,0.30371203599550056,1,98008
416000.0,3.0,1.0,1110,12150,1.0,0,0,4,1110,0,1957,Bellevue,6,57,1,13,4.0,0.09135050613118262,0,98008
500000.0,4.0,2.75,2280,15347,1.0,0,0,5,2280,0,1960,Newcastle,6,54,0,54,6.75,0.1485535574667709,0,98059
460000.0,3.0,1.75,1550,4708,1.0,0,0,4,860,690,1949,Seattle,6,65,1,29,4.75,0.32915693353153536,1,98115
371025.0,3.0,2.0,1530,8925,1.0,0,0,3,1530,0,1977,Bothell,6,37,1,10,5.0,0.17140936589737846,0,98011
576000.0,4.0,2.5,2440,28405,2.0,0,0,3,2440,0,2002,Kenmore,6,12,0,12,6.5,0.08589734563120467,0,98028
353500.0,4.0,2.25,1760,9602,2.0,0,0,3,1760,0,1987,Renton,6,27,1,14,6.25,0.18327605956471935,0,98058
1735000.0,4.0,2.25,3040,5000,2.0,0,3,4,2080,960,1926,Seattle,6,88,1,21,6.25,0.607878424315137,1,98105
183000.0,3.0,1.75,1070,8100,1.0,0,0,4,1070,0,1957,Auburn,6,57,1,13,4.75,0.1320824589556845,0,98002
763101.0,3.0,1.75,1990,5560,1.0,0,0,4,1100,890,1939,Seattle,6,75,1,25,4.75,0.3578493076784751,1,98105
460000.0,2.0,1.5,1090,4000,1.0,0,0,3,970,120,1951,Seattle,6,63,1,20,3.5,0.27243189202699325,1,98116
825000.0,4.0,1.5,1890,6938,1.5,0,0,3,1890,0,1919,Seattle,6,95,1,13,5.5,0.2723735408560311,0,98116
265000.0,3.0,1.0,1000,9150,1.0,0,0,3,1000,0,1969,Renton,6,45,1,4,4.0,0.10927767457108513,0,98059
295000.0,3.0,1.75,1770,8235,1.0,0,0,3,1030,740,1960,Burien,6,54,1,2,4.75,0.21491015055852355,1,98148
418000.0,4.0,3.0,2360,6250,1.0,0,2,3,1460,900,1960,Seattle,6,54,1,2,7.0,0.3775395936650136,1,98118
554000.0,3.0,3.5,3380,108900,2.0,0,0,3,2700,680,1999,Renton,6,15,0,15,6.5,0.031037364211531575,1,98058
534500.0,3.0,2.5,1700,3150,2.0,0,0,3,1700,0,2005,Issaquah,6,9,0,9,5.5,0.5395112662646778,0,98029
690000.0,2.0,1.75,1600,4000,1.0,0,0,5,850,750,1918,Seattle,6,96,0,96,3.75,0.39990002499375155,1,98112
530000.0,4.0,2.5,2050,6360,2.0,0,0,3,2050,0,1988,Issaquah,6,26,1,14,6.5,0.3222763716396793,0,98029
357186.0,2.0,1.75,1210,1040,2.0,0,0,3,1210,0,2014,Issaquah,6,0,0,0,3.75,1.1623439000960616,0,98029
300000.0,5.0,3.0,1940,6355,1.0,0,0,3,1200,740,2007,Seattle,6,7,0,7,8.0,0.3052234109502832,1,98168
304000.0,4.0,2.0,1810,8750,1.0,0,0,2,1110,700,1967,Renton,6,47,0,47,6.0,0.20683350474231516,1,98058
385000.0,4.0,1.75,1690,4080,1.0,0,0,4,870,820,1984,Seattle,6,30,0,30,5.75,0.41411418769909336,1,98144
415000.0,4.0,2.0,1800,2970,1.0,0,0,4,1000,800,1923,Seattle,6,91,0,91,6.0,0.6058566139347021,1,98115
963000.0,4.0,3.5,3280,6603,2.0,0,0,3,3280,0,2007,Bellevue,6,7,0,7,7.5,0.4966686856450636,0,98006
792500.0,4.0,2.5,4290,175421,2.0,0,0,3,4290,0,2004,Ravensdale,6,10,1,11,6.5,0.024455313472654512,0,98051
309212.0,3.0,1.75,1150,9600,1.0,0,0,3,1150,0,1979,North Bend,6,35,1,0,4.75,0.11977918966774294,0,98045
235000.0,2.0,1.5,880,1805,2.0,0,0,3,880,0,1999,Seattle,6,15,0,15,3.5,0.48726467331118495,0,98133
667000.0,3.0,1.5,1720,8100,2.0,0,0,3,1720,0,1907,Seattle,6,107,1,31,4.5,0.21231946673250215,0,98107
470000.0,3.0,1.5,1510,8000,1.0,0,0,4,1510,0,1956,Bellevue,6,58,0,58,4.5,0.18872640919885014,0,98007
375000.0,4.0,2.0,1240,3000,1.0,0,0,3,1040,200,1908,Seattle,6,106,1,26,6.0,0.41319560146617795,1,98122
410000.0,4.0,2.0,1580,9581,1.0,0,0,3,1580,0,1953,Kirkland,6,61,0,61,6.0,0.1648925067835525,0,98033
566000.0,4.0,2.25,2170,7737,2.0,0,0,3,2170,0,1987,Sammamish,6,27,1,14,6.25,0.28043422072887053,0,98074
680000.0,4.0,2.75,2500,4950,2.0,0,0,3,2500,0,2010,Redmond,6,4,0,4,6.75,0.5049484952534842,0,98053
332000.0,1.0,1.0,960,2640,1.0,0,0,3,760,200,1908,Seattle,6,106,1,26,2.0,0.363498674744415,1,98112
902000.0,4.0,2.5,3030,8507,2.0,0,0,3,3030,0,2003,Kirkland,6,11,0,11,6.5,0.35613540197461213,0,98033
500000.0,3.0,1.75,1540,10800,1.0,0,0,5,770,770,1947,Mercer Island,6,67,0,67,4.75,0.1425793907971484,1,98040
445000.0,3.0,1.75,1890,32340,1.5,0,3,3,1890,0,1976,Vashon,6,38,0,38,4.75,0.05843975139915278,0,98070
825000.0,4.0,2.5,2810,9800,1.0,0,0,4,1710,1100,1973,Bellevue,6,41,0,41,6.5,0.28670543822058975,1,98006
1095000.0,4.0,4.0,3530,8400,2.0,0,0,5,2630,900,1958,Seattle,6,56,0,56,8.0,0.42018807284847043,1,98199
277000.0,3.0,1.0,1100,8536,1.0,0,0,4,1100,0,1957,Seattle,6,57,1,13,4.0,0.12885088438561557,0,98118
545000.0,3.0,2.5,1940,9775,1.0,0,2,3,1440,500,1975,Kirkland,6,39,0,39,5.5,0.19844517184942717,1,98034
435000.0,3.0,2.5,2300,9521,2.0,0,0,3,2300,0,2003,Duvall,6,11,0,11,5.5,0.24154589371980675,0,98019
638000.0,3.0,2.5,2110,3600,2.0,0,0,3,2110,0,2005,Redmond,6,9,0,9,5.5,0.5859483476811996,0,98052
418000.0,4.0,1.5,1220,10580,1.0,0,0,3,1220,0,1965,Bellevue,6,49,1,21,5.5,0.11530101124657405,0,98008
499000.0,3.0,1.75,1750,12325,1.0,0,0,4,1470,280,1968,Redmond,6,46,0,46,4.75,0.1419763102385202,1,98052
150000.0,3.0,1.5,1230,8056,1.0,0,0,4,1230,0,1949,Burien,6,65,1,29,4.5,0.15266228124612138,0,98168
759950.0,3.0,2.5,3100,23790,2.0,0,0,3,3100,0,2002,Sammamish,6,12,0,12,5.5,0.13030137446933715,0,98075
427000.0,3.0,2.5,1830,65340,1.0,0,0,3,1520,310,1991,North Bend,6,23,0,23,5.5,0.028006917555592967,1,98045
632500.0,5.0,2.5,2640,7096,2.0,0,0,3,2640,0,2003,Redmond,6,11,0,11,7.5,0.37198816401296325,0,98053
660000.0,6.0,1.75,1840,2774,1.0,0,0,3,1060,780,1900,Seattle,6,114,1,9,7.75,0.6630630630630631,1,98122
862000.0,4.0,2.5,3190,14565,2.0,0,0,3,3190,0,1990,Woodinville,6,24,1,5,6.5,0.21900315803926954,0,98077
524000.0,2.0,1.0,1120,2000,1.5,0,0,3,1120,0,1910,Seattle,6,104,1,8,3.0,0.559720139930035,0,98109
470000.0,3.0,1.5,1760,6723,1.0,0,0,3,1160,600,1958,Seattle,6,56,1,10,4.5,0.26174895895300415,1,98118
385000.0,3.0,2.0,1590,9912,2.0,0,0,3,1590,0,2000,Vashon,6,14,0,14,5.0,0.16039544033087866,0,98070
575000.0,4.0,2.5,2120,9603,2.0,0,0,3,2120,0,1985,Issaquah,6,29,0,29,6.5,0.22074135776759685,0,98027
220000.0,4.0,2.5,2240,9826,1.0,0,0,4,1370,870,1988,Federal Way,6,26,0,26,6.5,0.2279434211865269,1,98023
460000.0,2.0,1.0,890,2100,1.0,0,0,4,760,130,1919,Seattle,6,95,1,29,3.0,0.42360780580675866,1,98107
1712500.0,3.0,3.25,2940,5432,3.0,0,3,4,2440,500,1978,Seattle,6,36,1,14,6.25,0.5411374930977361,1,98109
175000.0,3.0,1.5,1220,7300,1.0,0,0,3,1220,0,1973,Auburn,6,41,1,1,4.5,0.1671003972058622,0,98001
465000.0,3.0,2.25,2670,7500,1.0,0,0,4,1640,1030,1966,Burien,6,48,0,48,5.25,0.35595253966137846,1,98166
552000.0,3.0,1.0,1120,2300,1.0,0,0,4,820,300,1912,Seattle,6,102,1,25,4.0,0.4867448935245545,1,98117
565000.0,4.0,2.75,3130,139392,2.0,0,0,4,3130,0,1981,Kent,6,33,0,33,6.75,0.022454499149885575,0,98030
518000.0,4.0,2.5,1740,7500,1.0,0,0,4,1220,520,1976,Redmond,6,38,1,22,6.5,0.23196907079056125,1,98052
899950.0,4.0,3.5,3290,5414,2.0,0,1,3,2360,930,2006,Kirkland,6,8,0,8,7.5,0.6075715604801477,1,98034
373000.0,3.0,1.0,1770,5720,1.5,0,0,4,1140,630,1926,Seattle,6,88,1,21,4.0,0.3093864708966964,1,98126
385000.0,4.0,2.5,2960,5054,2.0,0,0,3,2960,0,2006,Maple Valley,6,8,0,8,6.5,0.5855588526211671,0,98038
245000.0,2.0,1.0,1200,4880,1.0,0,0,3,980,220,1943,Seattle,6,71,1,12,3.0,0.24585125998770743,1,98106
375000.0,4.0,2.0,2400,6000,2.0,0,0,3,2400,0,1913,Bothell,6,101,1,69,6.0,0.3999333444425929,0,98011
699850.0,4.0,3.5,2690,6164,2.0,0,0,3,2690,0,2002,Sammamish,6,12,0,12,7.5,0.43633414436334145,0,98075
450000.0,6.0,2.25,3550,11780,1.0,0,0,4,2960,590,1948,Seattle,6,66,0,66,8.25,0.30133265427383077,1,98125
455000.0,2.0,1.5,1310,12196,1.5,0,0,3,1310,0,1970,Redmond,6,44,1,0,3.5,0.10740345986718046,0,98052
650000.0,4.0,2.75,2610,4160,3.0,0,0,5,1910,700,1910,Seattle,6,104,0,104,6.75,0.6272530641672674,1,98103
378000.0,5.0,2.5,2760,8015,1.0,0,0,4,1600,1160,1960,Seattle,6,54,1,13,7.5,0.344311377245509,1,98125
220000.0,3.0,2.0,1410,7998,1.0,0,0,4,1410,0,1940,Tukwila,6,74,1,13,5.0,0.17627203400425054,0,98178
285500.0,4.0,1.75,1960,7950,1.0,0,0,4,1960,0,1967,Federal Way,6,47,0,47,5.75,0.2465098729719532,0,98023
340000.0,3.0,2.5,1212,1174,3.0,0,0,3,1212,0,2004,Seattle,6,10,1,11,5.5,1.0314893617021277,0,98125
921000.0,4.0,1.5,2220,9496,1.0,0,0,4,1490,730,1954,Bellevue,6,60,1,35,5.5,0.23375802885121616,1,98004
375000.0,4.0,2.5,2040,109336,1.5,0,0,4,2040,0,1973,Maple Valley,6,41,0,41,6.5,0.018657910862745458,0,98038
999000.0,4.0,2.75,2800,19168,2.0,0,0,3,2800,0,1992,Sammamish,6,22,0,22,6.75,0.1460691741874902,0,98075
335000.0,3.0,1.5,2040,6000,1.0,0,0,3,1340,700,1957,Seattle,6,57,1,14,4.5,0.33994334277620397,1,98118
1920000.0,4.0,2.5,3070,34412,1.0,0,3,4,2070,1000,1950,Medina,6,64,1,31,6.5,0.08921047278644698,1,98039
385000.0,2.0,1.0,830,26329,1.0,1,3,4,830,0,1928,Vashon,6,86,0,86,3.0,0.031522977592100265,0,98070
850000.0,4.0,3.5,4140,7089,2.0,0,0,3,3160,980,2003,Kirkland,6,11,0,11,7.5,0.5839210155148096,1,98034
429000.0,5.0,2.5,2340,4500,2.0,0,0,3,2340,0,2009,Renton,6,5,0,5,7.5,0.5198844701177516,0,98059
523950.0,3.0,2.25,1420,1282,3.0,0,0,3,1420,0,2006,Seattle,6,8,0,8,5.25,1.1067809820732657,0,98103
798800.0,3.0,2.75,2670,3738,1.0,0,0,3,1720,950,2013,Renton,6,1,1,91,5.75,0.7140946777213159,1,98056
284000.0,3.0,2.5,1880,6008,2.0,0,0,3,1880,0,2009,Kent,6,5,0,5,5.5,0.3128640372774172,0,98042
852880.0,4.0,3.25,3450,6184,2.0,0,0,3,3450,0,2014,Sammamish,6,0,0,0,7.25,0.5578011317704122,0,98074
320000.0,3.0,2.25,1200,1400,3.0,0,0,3,1200,0,2005,Seattle,6,9,0,9,5.25,0.8565310492505354,0,98133
749995.0,4.0,3.25,3430,9870,2.0,0,0,3,3430,0,2014,Bothell,6,0,0,0,7.25,0.3474825245669132,0,98011
468500.0,3.0,2.5,1350,1186,2.0,0,0,3,1120,230,2007,Seattle,6,7,0,7,5.5,1.1373209772535804,1,98117
492500.0,5.0,2.5,2570,9962,2.0,0,0,3,2570,0,2006,Duvall,6,8,0,8,7.5,0.2579544313961658,0,98019
685000.0,4.0,3.5,2840,4637,3.0,0,0,3,2840,0,2008,Seattle,6,6,0,6,7.5,0.6123329021129797,0,98125
542525.0,4.0,2.5,2650,5600,2.0,0,0,3,2650,0,2014,Renton,6,0,0,0,6.5,0.4731297982503124,0,98059
435000.0,3.0,2.0,1980,2674,3.0,0,0,3,1980,0,2007,Seattle,6,7,0,7,5.0,0.7401869158878505,0,98136
242000.0,3.0,1.75,1280,7524,1.5,0,0,4,1280,0,1988,Kent,6,26,0,26,4.75,0.1700996677740864,0,98031
325000.0,4.0,2.5,2610,7091,2.0,0,0,3,2610,0,1987,Federal Way,6,27,1,14,6.5,0.3680203045685279,0,98023
837700.0,5.0,2.75,3010,12611,2.0,0,0,3,3010,0,1994,Redmond,6,20,0,20,7.75,0.2386615921344751,0,98052
210000.0,1.0,1.0,930,7129,1.0,0,0,3,930,0,1948,Seattle,6,66,1,20,2.0,0.13043478260869565,0,98133
187500.0,3.0,1.5,1180,7000,1.0,0,0,4,1180,0,1977,Federal Way,6,37,0,37,4.5,0.16854735037851734,0,98023
560000.0,5.0,1.0,1710,9100,1.5,0,0,4,1320,390,1926,Seattle,6,88,1,21,6.0,0.18789144050104384,1,98126
272000.0,3.0,2.0,1380,7476,1.0,0,0,3,1380,0,1989,Auburn,6,25,0,25,5.0,0.18456600240738263,0,98001
235000.0,3.0,1.75,1190,7280,1.0,0,0,4,1190,0,1968,Auburn,6,46,0,46,4.75,0.16343908803735752,0,98092
259000.0,3.0,2.0,1870,5909,1.0,0,0,3,1270,600,1986,Kent,6,28,0,28,5.0,0.3164128595600677,1,98030
866059.0,5.0,3.5,3130,4797,2.0,0,0,3,2570,560,2014,Bellevue,6,0,0,0,8.5,0.6523551479783243,1,98006
473000.0,2.0,1.0,900,5100,1.0,0,0,4,900,0,1909,Seattle,6,105,1,25,3.0,0.1764359929425603,0,98117
405000.0,3.0,1.5,1880,7400,1.0,0,0,3,1480,400,1968,Lake Forest Park,6,46,1,17,4.5,0.2540197270639103,1,98155
870000.0,4.0,4.25,3010,4887,2.0,0,3,4,1940,1070,1951,Seattle,6,63,1,18,8.25,0.6157937806873978,1,98115
475000.0,3.0,2.25,2280,5750,1.0,0,1,4,1150,1130,1985,Seattle,6,29,0,29,5.25,0.396452790818988,1,98116
499500.0,3.0,2.5,2970,21907,2.0,0,0,3,2970,0,1998,Renton,6,16,1,8,5.5,0.13556691619499725,0,98059
386000.0,2.0,2.5,1620,3196,2.0,0,0,3,1620,0,2008,Snoqualmie,6,6,0,6,4.5,0.5067250547388177,0,98065
458000.0,4.0,1.5,1550,3000,1.5,0,0,3,1350,200,1918,Seattle,6,96,0,96,5.5,0.5164945018327224,1,98105
550000.0,3.0,1.75,2240,78225,2.0,0,0,5,2240,0,1976,Vashon,6,38,0,38,4.75,0.028634980696954977,0,98070
605500.0,3.0,2.5,2830,6536,2.0,0,0,3,2830,0,1989,Woodinville,6,25,0,25,5.5,0.4329202998317271,0,98072
421000.0,3.0,2.5,2890,21780,2.0,0,0,3,2890,0,2000,SeaTac,6,14,0,14,5.5,0.1326844497497819,0,98188
536000.0,4.0,2.25,1990,5948,2.0,0,0,3,1990,0,1991,Issaquah,6,23,0,23,6.25,0.3345100016809548,0,98029
247200.0,3.0,1.75,1370,8719,1.0,0,0,3,1370,0,1982,Covington,6,32,0,32,4.75,0.15711009174311927,0,98042
250000.0,2.0,1.5,1088,1360,2.0,0,0,3,1088,0,1983,Kirkland,6,31,1,5,3.5,0.7994121969140338,0,98034
204950.0,4.0,1.75,1740,9344,1.0,0,0,3,1180,560,1978,Federal Way,6,36,0,36,5.75,0.18619582664526485,1,98023
430000.0,3.0,2.0,1730,9000,1.0,0,0,3,1370,360,1978,Issaquah,6,36,0,36,5.0,0.19220086657038107,1,98027
250000.0,4.0,2.5,1800,8100,2.0,0,0,3,1800,0,1998,Maple Valley,6,16,1,8,6.5,0.22219479076657203,0,98038
260000.0,3.0,1.75,1440,12888,1.0,0,2,3,1090,350,1958,Tukwila,6,56,1,10,4.75,0.11172317480021723,1,98168
547000.0,4.0,1.0,1720,2800,1.5,0,0,4,1200,520,1926,Seattle,6,88,1,21,5.0,0.6140664048554088,1,98115
379900.0,5.0,3.5,2800,7350,2.0,0,0,3,2800,0,1995,Seattle,6,19,0,19,8.5,0.3809005577472453,0,98106
738500.0,3.0,2.5,2300,6009,1.0,0,0,3,2300,0,2005,Redmond,6,9,0,9,5.5,0.3826955074875208,0,98053
545000.0,4.0,2.25,2030,11585,1.0,0,0,4,1590,440,1967,Redmond,6,47,0,47,6.25,0.17521146210944244,1,98052
342000.0,2.0,1.0,740,6180,1.0,0,0,3,740,0,1948,Seattle,6,66,1,20,3.0,0.11972172787574827,0,98118
4668000.0,5.0,6.75,9640,13068,1.0,1,4,3,4820,4820,1983,Mercer Island,6,31,1,5,11.75,0.7376233835794629,1,98040
170000.0,4.0,1.0,1920,13787,1.0,0,0,4,1220,700,1966,SeaTac,6,48,0,48,5.0,0.1392515230635335,1,98188
616000.0,4.0,2.5,2490,12929,2.0,0,0,3,2490,0,1983,Sammamish,6,31,1,5,6.5,0.1925754060324826,0,98074
640000.0,3.0,2.0,1380,4800,1.0,0,0,3,1380,0,1948,Seattle,6,66,1,20,5.0,0.2874401166423662,0,98119
332000.0,3.0,2.5,1530,9406,1.0,0,0,3,1270,260,1993,Renton,6,21,0,21,5.5,0.1626448389497183,1,98059
1010000.0,3.0,3.25,2420,1923,2.0,0,2,3,1840,580,2006,Seattle,6,8,0,8,6.25,1.2577962577962578,1,98109
380000.0,4.0,2.5,2150,37647,2.0,0,0,3,2150,0,1991,Kent,6,23,0,23,6.5,0.05710794730131747,0,98042
415000.0,4.0,2.0,1610,9600,1.0,0,0,5,1610,0,1967,Newcastle,6,47,0,47,6.0,0.1676908655348401,0,98056
1008000.0,4.0,3.5,2650,3060,2.0,0,0,3,2060,590,2001,Seattle,6,13,0,13,7.5,0.8657301535445933,1,98103
669000.0,4.0,2.75,2700,35362,2.0,0,0,5,2700,0,1976,Woodinville,6,38,0,38,6.75,0.0763509883211266,0,98077
260000.0,3.0,1.5,1270,20700,1.0,0,0,2,1150,120,1948,Lake Forest Park,6,66,0,66,4.5,0.06134969325153374,1,98155
854000.0,4.0,2.75,3150,38865,1.0,0,0,3,2480,670,1986,Redmond,6,28,0,28,6.75,0.08104770236196161,1,98052
605000.0,3.0,2.25,2010,10760,2.0,0,0,3,2010,0,1985,Redmond,6,29,0,29,5.25,0.18678561471982158,0,98052
320000.0,3.0,1.0,860,5060,1.5,0,0,3,860,0,1927,Seattle,6,87,1,3,4.0,0.16992689191859317,0,98133
229950.0,3.0,2.0,1410,7466,1.0,0,0,3,1410,0,1983,Renton,6,31,1,5,5.0,0.18883085576536762,0,98058
255000.0,3.0,1.75,1700,7532,1.0,0,0,3,1700,0,1987,Kent,6,27,1,14,4.75,0.22567370237621134,0,98030
1170000.0,4.0,2.5,2570,6251,2.0,0,0,3,2570,0,2000,Bellevue,6,14,0,14,6.5,0.4110684580934101,0,98004
479000.0,2.0,2.25,1230,932,2.0,0,0,3,1020,210,2004,Seattle,6,10,1,11,4.25,1.3183279742765273,1,98112
1200000.0,4.0,3.5,4170,9748,2.0,0,0,3,4170,0,2004,Newcastle,6,10,1,11,7.5,0.4277361780695456,0,98059
472000.0,3.0,2.5,1180,1262,3.0,0,0,3,1180,0,2010,Seattle,6,4,0,4,5.5,0.934283452098179,0,98119
198000.0,3.0,1.5,1430,7347,1.0,0,0,3,820,610,1980,Federal Way,6,34,0,34,4.5,0.19461077844311378,1,98023
440000.0,4.0,2.0,1450,8400,1.5,0,0,4,1450,0,1962,Kirkland,6,52,0,52,6.0,0.17259850017855016,0,98034
506000.0,3.0,1.75,2180,7700,1.0,0,0,3,1480,700,1961,Shoreline,6,53,1,10,4.75,0.28308011946500455,1,98177
382500.0,4.0,2.5,2210,7079,2.0,0,0,3,2210,0,1993,Kent,6,21,0,21,6.5,0.3121468926553672,0,98031
269500.0,2.0,1.5,1480,7276,1.0,0,0,4,940,540,1978,Renton,6,36,1,14,3.5,0.2033805139480555,1,98056
560000.0,3.0,2.0,2340,3477,1.0,0,1,5,1170,1170,1971,Seattle,6,43,0,43,5.0,0.6728004600345026,1,98118
840000.0,4.0,3.5,3860,18334,2.0,0,0,3,3120,740,1996,Woodinville,6,18,0,18,7.5,0.21052631578947367,1,98077
479500.0,3.0,2.75,2300,4637,2.0,0,0,3,2300,0,2008,Snoqualmie,6,6,0,6,5.75,0.49590340664079346,0,98065
402000.0,3.0,1.5,1450,7375,1.0,0,0,3,1010,440,1968,Kirkland,6,46,1,17,4.5,0.19658351409978309,1,98034
549000.0,2.0,2.5,1380,953,3.0,0,0,3,1380,0,2006,Seattle,6,8,0,8,4.5,1.4465408805031446,0,98103
449950.0,4.0,2.5,2470,3811,2.0,0,0,3,2470,0,1999,Snoqualmie,6,15,0,15,6.5,0.6479538300104932,0,98065
493000.0,4.0,1.75,2030,18295,1.5,0,0,4,2030,0,1975,Kirkland,6,39,0,39,5.75,0.11095321381722781,0,98034
142500.0,4.0,0.75,1440,13300,1.0,0,0,3,1440,0,1948,Burien,6,66,1,20,4.75,0.1082625366513796,0,98166
250000.0,3.0,1.75,1160,6134,1.0,0,0,3,1160,0,1998,Auburn,6,16,1,8,4.75,0.189079054604727,0,98002
729000.0,3.0,1.0,1580,3840,2.0,0,0,3,1580,0,1908,Seattle,6,106,1,26,4.0,0.4113512106222338,0,98102
465000.0,2.0,2.75,1430,1425,2.0,0,0,3,995,435,2006,Seattle,6,8,0,8,4.75,1.002805049088359,1,98112
465000.0,2.0,2.0,1494,19271,2.0,1,4,3,1494,0,1943,Vashon,6,71,1,17,4.0,0.07752179327521794,0,98070
280000.0,4.0,2.25,1930,7207,1.0,0,0,4,1360,570,1988,Kent,6,26,0,26,6.25,0.26775804661487235,1,98030
675000.0,6.0,1.75,2740,6360,1.0,0,3,3,1370,1370,1953,Seattle,6,61,0,61,7.75,0.4307498820940104,1,98146
667500.0,3.0,2.0,1880,3800,1.0,0,0,5,1030,850,1927,Seattle,6,87,0,87,5.0,0.4946066824519863,1,98115
809000.0,3.0,2.5,2590,7720,2.0,0,0,3,2590,0,1988,Bellevue,6,26,1,14,5.5,0.3354487760652765,0,98007
400000.0,3.0,2.25,2140,11266,2.0,0,0,3,2140,0,1986,Duvall,6,28,0,28,5.25,0.1899352090174847,0,98019
310000.0,4.0,2.0,1870,6000,1.5,0,0,3,1870,0,1956,Seattle,6,58,1,13,6.0,0.311614730878187,0,98125
435000.0,2.0,1.0,1230,3800,1.0,0,0,3,1230,0,1928,Seattle,6,86,1,60,3.0,0.32359905288082086,0,98115
465950.0,4.0,2.5,2340,6896,2.0,0,0,3,2340,0,2001,Renton,6,13,0,13,6.5,0.3392779469334493,0,98059
1538000.0,3.0,2.25,2880,7599,1.0,0,2,3,1710,1170,1958,Kirkland,6,56,1,12,5.25,0.37894736842105264,1,98033
253000.0,3.0,1.5,880,6600,1.0,0,0,5,880,0,1945,Seattle,6,69,0,69,4.5,0.13331313437357975,0,98178
330000.0,3.0,2.5,3040,7232,2.0,0,0,3,3040,0,2003,Auburn,6,11,0,11,5.5,0.4202958661689479,0,98092
554000.0,4.0,1.0,1120,7104,1.5,0,0,3,1120,0,1946,Seattle,6,68,0,68,5.0,0.15763546798029557,0,98177
350000.0,3.0,2.0,1380,3600,3.0,0,0,3,1380,0,2013,Seattle,6,1,1,91,5.0,0.38322688142182726,0,98122
294999.0,4.0,2.5,1660,9760,2.0,0,0,3,1660,0,1994,Kent,6,20,0,20,6.5,0.1700645425673599,0,98030
1185001.0,3.0,2.75,2500,5568,2.0,0,0,5,2500,0,1905,Seattle,6,109,0,109,5.75,0.448913629017777,0,98112
752000.0,4.0,2.5,2940,10382,2.0,0,0,4,2940,0,1991,Newcastle,6,23,0,23,6.5,0.2831551574689396,0,98059
451000.0,4.0,2.5,1670,3315,2.0,0,0,3,1670,0,2005,Issaquah,6,9,0,9,6.5,0.5036188178528347,0,98029
725000.0,4.0,2.75,2630,7505,2.0,0,0,3,2630,0,1994,Redmond,6,20,0,20,6.75,0.35038635758060216,0,98052
345000.0,4.0,2.75,2250,7412,1.0,0,0,4,1480,770,1975,Renton,6,39,0,39,6.75,0.3035208417644678,1,98058
206000.0,3.0,1.0,1320,7000,1.0,0,0,4,1320,0,1967,Auburn,6,47,0,47,4.0,0.1885444936437652,0,98002
2027000.0,4.0,3.75,4100,22798,1.5,0,3,5,2540,1560,1934,Mercer Island,6,80,1,35,7.75,0.17983244879161367,1,98040
2475000.0,3.0,3.25,4340,4947,2.0,0,3,3,3060,1280,1993,Seattle,6,21,0,21,6.25,0.8771220695230396,1,98107
1728000.0,4.0,3.0,3700,20570,1.0,0,0,4,1850,1850,1976,Bellevue,6,38,1,22,7.0,0.17986485829565893,1,98004
580000.0,5.0,2.0,2700,10875,1.0,0,0,4,1540,1160,1962,Bellevue,6,52,0,52,7.0,0.2482530342037514,1,98007
430000.0,3.0,1.0,980,7200,1.0,0,0,4,980,0,1950,Seattle,6,64,1,31,4.0,0.136092209415359,0,98116
720000.0,4.0,2.5,2650,11520,2.0,0,0,3,2110,540,1988,Kirkland,6,26,1,14,6.5,0.23001475566357088,1,98033
824000.0,7.0,4.25,3670,4000,2.0,0,1,3,2800,870,1964,Seattle,6,50,1,14,11.25,0.9172706823294177,1,98199
936000.0,3.0,1.75,2960,12420,1.0,0,2,4,1480,1480,1952,Seattle,6,62,0,62,4.75,0.23830609451734966,1,98116
535000.0,4.0,2.75,3070,7201,2.0,0,0,3,3070,0,2006,Renton,6,8,0,8,6.75,0.42627048042210497,0,98059
286800.0,3.0,2.5,1413,3600,2.0,0,0,3,1413,0,2011,Kent,6,3,0,3,5.5,0.39239100249930575,0,98031
350000.0,2.0,2.5,1260,1347,3.0,0,0,3,1260,0,2005,Seattle,6,9,0,9,4.5,0.9347181008902077,0,98103
345000.0,3.0,2.5,1680,2229,2.0,0,0,3,1680,0,2007,Shoreline,6,7,0,7,5.5,0.7533632286995515,0,98155
435000.0,3.0,2.25,1230,1238,2.0,0,0,3,1080,150,2009,Seattle,6,5,0,5,5.25,0.9927360774818402,1,98199
1555000.0,3.0,3.5,4360,6240,2.0,0,3,3,2960,1400,2008,Seattle,6,6,0,6,6.5,0.6986059926293863,1,98103
1325000.0,4.0,4.0,4420,16526,2.0,0,0,3,4420,0,2013,Sammamish,6,1,1,91,8.0,0.26744115689477826,0,98075
461000.0,3.0,3.25,2770,6278,2.0,0,0,3,1980,790,2006,Renton,6,8,0,8,6.25,0.441153049848702,1,98056
770000.0,3.0,2.25,2910,10204,2.0,0,0,3,2910,0,1990,Redmond,6,24,1,5,5.25,0.2851543361097501,0,98052
1384000.0,4.0,3.25,4290,12103,1.0,0,3,3,2690,1600,1997,Bellevue,6,17,0,17,7.25,0.35442828816920025,1,98006
330000.0,3.0,2.5,1600,26977,2.0,0,0,3,1600,0,2005,Duvall,6,9,0,9,5.5,0.059307583957298536,0,98019
322500.0,4.0,2.5,1820,6753,2.0,0,0,3,1820,0,1994,Maple Valley,6,20,0,20,6.5,0.2694699437370447,0,98038
1600000.0,6.0,5.0,6050,230652,2.0,0,3,3,6050,0,2001,Fall City,6,13,0,13,11.0,0.026229877781776087,0,98024
475000.0,3.0,1.75,1700,8432,1.0,0,0,3,1230,470,1977,Seattle,6,37,1,10,4.75,0.20158899561247481,1,98125
250275.0,2.0,1.0,790,11234,1.0,0,0,4,790,0,1942,Normandy Park,6,72,1,32,3.0,0.07031597685803294,0,98166
274500.0,3.0,2.25,1720,9000,1.0,0,0,4,1320,400,1969,Federal Way,6,45,0,45,5.25,0.1910898789023442,1,98023
284950.0,3.0,1.0,990,10723,1.0,0,0,5,990,0,1960,Renton,6,54,0,54,4.0,0.09231629988810146,0,98059
264950.0,4.0,1.75,1770,9011,1.0,0,0,5,1050,720,1983,Covington,6,31,0,31,5.75,0.19640479360852198,1,98042
242000.0,3.0,2.0,1260,8092,1.0,0,0,3,1260,0,1986,Maple Valley,6,28,0,28,5.0,0.15569010255776597,0,98038
913000.0,4.0,2.5,3640,10576,2.0,0,0,3,3640,0,1999,Sammamish,6,15,0,15,6.5,0.3441429516876241,0,98075
555000.0,3.0,1.75,2040,6000,1.0,0,0,5,1120,920,1958,Seattle,6,56,0,56,4.75,0.33994334277620397,1,98116
711000.0,4.0,1.75,1980,10800,1.0,0,0,5,990,990,1948,Mercer Island,6,66,1,29,5.75,0.18331635959633366,1,98040
403500.0,5.0,2.5,3600,17300,1.0,0,0,4,2410,1190,1968,Normandy Park,6,46,0,46,7.5,0.20808045777700712,1,98166
975000.0,4.0,2.5,4270,43386,1.0,0,0,3,2680,1590,1991,Redmond,6,23,0,23,6.5,0.0984165763938507,1,98053
253779.0,4.0,2.0,2030,9600,1.5,0,0,3,1430,600,1947,SeaTac,6,67,1,2,6.0,0.2114363087178419,1,98188
384400.0,3.0,3.25,1689,1388,3.0,0,0,3,1689,0,2008,Seattle,6,6,0,6,6.25,1.2159827213822894,0,98125
646000.0,5.0,2.75,2870,4461,1.0,0,0,3,1650,1220,1976,Seattle,6,38,0,38,7.75,0.6432093231734648,1,98107
415000.0,3.0,1.75,1270,4800,1.0,0,0,3,1270,0,1952,Seattle,6,62,1,0,4.75,0.26452822328681524,0,98126
764000.0,4.0,2.5,2790,7938,2.0,0,0,3,2790,0,1997,Sammamish,6,17,0,17,6.5,0.35142965108955787,0,98074
507000.0,5.0,3.25,3850,16249,2.0,0,2,3,3030,820,2002,Auburn,6,12,0,12,8.25,0.23692307692307693,1,98092
545500.0,3.0,2.5,1560,9361,1.5,0,0,4,1360,200,1936,Seattle,6,78,0,78,5.5,0.16663106173894468,1,98108
450000.0,3.0,1.75,1180,4080,1.0,0,0,4,760,420,1928,Seattle,6,86,0,86,4.75,0.2891448174467042,1,98117
264000.0,4.0,1.75,1820,8118,1.0,0,0,4,1080,740,1980,Kent,6,34,0,34,5.75,0.22416553762778668,1,98031
650000.0,5.0,1.75,1260,4500,1.5,0,0,3,1260,0,1926,Seattle,6,88,1,11,6.75,0.27993779160186627,0,98119
365000.0,3.0,2.5,2640,6715,2.0,0,0,3,1680,960,1991,Renton,6,23,0,23,5.5,0.3930911256700417,1,98058
343566.0,2.0,1.0,1100,4200,1.0,0,0,3,1100,0,1954,Seattle,6,60,1,9,3.0,0.2618424184717924,0,98136
375000.0,3.0,2.5,1950,6871,2.0,0,0,3,1950,0,1997,Shoreline,6,17,0,17,5.5,0.2837601862630966,0,98155
295000.0,3.0,2.0,1380,8682,1.0,0,0,4,1380,0,1966,Des Moines,6,48,0,48,5.0,0.15893124496141886,0,98148
325000.0,3.0,2.75,2200,7000,1.0,0,0,4,1280,920,1977,Renton,6,37,0,37,5.75,0.3142408227396086,1,98058
265000.0,4.0,1.5,2050,7100,1.0,0,0,3,1050,1000,1963,Auburn,6,51,1,6,5.5,0.2886917335586537,1,98001
562000.0,5.0,3.0,2795,15101,2.0,0,0,3,2795,0,1996,Duvall,6,18,0,18,8.0,0.18507482452655277,0,98019
540000.0,4.0,2.5,2050,34222,2.0,0,0,4,2050,0,1989,Woodinville,6,25,0,25,6.5,0.059901236010869885,0,98077
4489000.0,4.0,3.0,6430,27517,2.0,0,0,3,6430,0,2001,Bellevue,6,13,0,13,7.0,0.23366523729922234,0,98004
279950.0,5.0,1.75,2150,7171,1.0,0,0,4,1460,690,1970,Kent,6,44,0,44,6.75,0.29977691020635805,1,98031
540000.0,3.0,1.75,1970,8200,1.0,0,0,5,1420,550,1963,Shoreline,6,51,0,51,4.75,0.24021460797463723,1,98177
310000.0,4.0,2.5,2660,12672,1.0,0,0,4,1740,920,1960,Federal Way,6,54,1,13,6.5,0.2098950524737631,1,98003
190000.0,1.0,1.0,720,4800,1.0,0,0,3,720,0,1914,Seattle,6,100,1,18,2.0,0.1499687565090606,0,98118
440000.0,4.0,2.5,2410,4780,2.0,0,0,3,2410,0,2000,Snoqualmie,6,14,0,14,6.5,0.5040786446350136,0,98065
1400000.0,3.0,2.0,2020,5500,1.5,0,3,3,1790,230,1937,Seattle,6,77,1,15,5.0,0.36720596255226323,1,98199
230000.0,2.0,1.0,1080,9435,1.0,0,0,3,1080,0,1958,Renton,6,56,1,10,3.0,0.11445527766002543,0,98058
455000.0,3.0,1.75,1180,14292,1.0,0,0,3,1180,0,1981,North Bend,6,33,1,1,4.75,0.0825578954733086,0,98045
175000.0,2.0,1.0,660,5000,1.0,0,0,3,660,0,1915,Seattle,6,99,0,99,3.0,0.13197360527894422,0,98106
650000.0,3.0,1.75,2920,9370,1.0,0,0,4,1620,1300,1981,Bellevue,6,33,0,33,4.75,0.3115996158360901,1,98006
3000000.0,4.0,4.25,4850,12445,2.0,1,4,5,3850,1000,1989,Kirkland,6,25,0,25,8.25,0.38968343242808934,1,98034
192500.0,3.0,1.0,1080,8580,1.5,0,0,3,1080,0,1900,Tukwila,6,114,1,9,4.0,0.12585945693975062,0,98168
239950.0,3.0,1.75,1670,6900,1.0,0,0,3,1170,500,1978,Federal Way,6,36,0,36,4.75,0.24199391392551803,1,98023
175000.0,6.0,1.0,1370,5080,1.5,0,0,3,1120,250,1931,Seattle,6,83,0,83,7.0,0.26963196221216296,1,98106
850000.0,5.0,3.5,3450,28324,1.0,0,0,5,2350,1100,1972,Kirkland,6,42,0,42,8.5,0.12180052956751986,1,98033
410000.0,4.0,2.0,1970,10500,1.0,0,0,3,1820,150,1961,Burien,6,53,1,10,6.0,0.18760118083992,1,98166
570000.0,4.0,2.5,2290,6738,2.0,0,0,3,2290,0,1996,Issaquah,6,18,0,18,6.5,0.339813028639264,0,98029
469000.0,5.0,2.5,2240,7543,1.0,0,0,3,1140,1100,1966,Shoreline,6,48,1,51,7.5,0.29692470837751855,1,98177
559000.0,2.0,1.0,1240,6400,1.0,0,1,4,1060,180,1938,Seattle,6,76,0,76,3.0,0.19371973129198564,1,98126
739888.0,3.0,2.5,2420,43177,2.0,0,4,4,1690,730,1989,Sammamish,6,25,0,25,5.5,0.05604706100328871,1,98075
568450.0,5.0,3.5,3260,58806,2.0,0,0,4,3260,0,1969,Kent,6,45,0,45,8.5,0.05543557739724863,0,98042
240000.0,2.0,1.0,670,10920,1.0,0,0,3,670,0,1942,Seattle,6,72,1,15,3.0,0.06134969325153374,0,98146
574950.0,5.0,3.25,3160,10000,2.0,0,0,4,3160,0,1980,Issaquah,6,34,0,34,8.25,0.31596840315968405,0,98027
180000.0,3.0,2.25,1990,6350,2.0,0,0,3,1990,0,1967,Des Moines,6,47,1,3,5.25,0.31333648244370965,0,98198
1160000.0,4.0,3.5,4680,9700,2.0,0,0,3,3360,1320,2005,Bellevue,6,9,0,9,7.5,0.4824244923203793,1,98006
300000.0,3.0,2.5,1700,3575,2.0,0,0,3,1700,0,2000,Seattle,6,14,0,14,5.5,0.4753914988814318,0,98108
630000.0,4.0,2.5,2807,9430,2.0,0,0,3,2807,0,1996,Kenmore,6,18,0,18,6.5,0.29763545753366555,0,98028
507000.0,4.0,1.75,1770,9375,1.0,0,0,4,1170,600,1968,Redmond,6,46,0,46,5.75,0.18877986348122866,1,98052
287500.0,4.0,2.5,2570,9000,1.0,0,0,4,1590,980,1979,Federal Way,6,35,0,35,6.5,0.2855238306854794,1,98023
688000.0,3.0,3.0,3450,16200,2.0,0,0,3,3450,0,1983,Sammamish,6,31,1,5,6.0,0.21294981791247453,0,98074
424000.0,3.0,2.0,1670,7700,1.0,0,0,3,1170,500,1972,Kirkland,6,42,1,12,5.0,0.21685495390209064,1,98034
400000.0,3.0,1.75,1050,6150,1.5,0,0,4,950,100,1928,Seattle,6,86,0,86,4.75,0.17070395057714194,1,98116
620000.0,4.0,2.5,1910,7683,2.0,0,0,3,1910,0,1987,Issaquah,6,27,1,14,6.5,0.24856845393024465,0,98027
300000.0,3.0,1.0,910,7700,1.0,0,0,4,910,0,1971,Kirkland,6,43,0,43,4.0,0.11816647188676795,0,98034
615000.0,5.0,2.25,2480,12070,2.0,0,0,3,2480,0,1978,Sammamish,6,36,0,36,7.25,0.20545108110347113,0,98074
206000.0,2.0,1.5,1820,8867,2.0,0,0,3,1820,0,1921,Tukwila,6,93,1,14,3.5,0.20523229589535408,0,98168
515500.0,4.0,2.5,2920,7700,2.0,0,0,3,2920,0,2003,Duvall,6,11,0,11,6.5,0.3791715361641345,0,98019
554000.0,5.0,2.25,1870,11411,1.0,0,0,4,1170,700,1961,Lake Forest Park,6,53,1,13,7.25,0.1638626007711181,1,98155
825000.0,4.0,3.5,3810,9792,2.0,0,0,3,3810,0,1938,Seattle,6,76,1,1,7.5,0.38905340549372003,0,98146
855000.0,4.0,2.25,2190,4080,2.0,0,0,3,1800,390,1918,Seattle,6,96,0,96,6.25,0.5366331781426121,1,98119
315000.0,3.0,2.5,1730,6368,2.0,0,0,3,1730,0,1993,Maple Valley,6,21,0,21,5.5,0.271628199089339,0,98038
299000.0,5.0,2.5,2220,9360,1.0,0,0,4,1110,1110,1968,Renton,6,46,0,46,7.5,0.23715415019762845,1,98058
650000.0,3.0,1.5,1320,8114,1.0,0,0,3,1320,0,1951,Bellevue,6,63,1,20,4.5,0.16266173752310537,0,98004
465000.0,3.0,1.75,1510,4800,1.0,0,2,3,860,650,1925,Seattle,6,89,1,3,4.75,0.31451780878983543,1,98126
535000.0,3.0,2.0,2120,4080,2.0,0,0,3,2120,0,2003,Redmond,6,11,0,11,5.0,0.5194805194805194,0,98053
564000.0,2.0,2.0,1690,4500,1.0,0,0,3,1690,0,2004,Redmond,6,10,1,11,4.0,0.37547211730726504,0,98053
515000.0,3.0,3.5,1360,1419,2.0,0,0,3,1040,320,2007,Seattle,6,7,0,7,6.5,0.9577464788732394,1,98107
580000.0,4.0,2.5,3250,5000,2.0,0,0,3,3250,0,2008,Renton,6,6,0,6,6.5,0.649870025994801,0,98059
309000.0,3.0,2.25,1490,1294,2.0,0,0,3,1220,270,2010,Seattle,6,4,0,4,5.25,1.1505791505791505,1,98106
536751.0,3.0,1.75,1930,6360,1.0,0,0,3,1930,0,2013,Snoqualmie,6,1,1,91,4.75,0.30341141329979565,0,98065
415000.0,4.0,2.5,2020,5501,2.0,0,0,3,2020,0,2010,Renton,6,4,0,4,6.5,0.36713922210105415,0,98059
267000.0,3.0,2.25,1584,2800,2.0,0,0,3,1584,0,2012,Auburn,6,2,1,102,5.25,0.5655123170296322,0,98002
820000.0,4.0,2.5,3170,8523,2.0,0,0,3,3170,0,2008,Kirkland,6,6,0,6,6.5,0.37189113092444864,0,98033
1399950.0,4.0,2.75,3870,10046,2.0,0,0,3,3870,0,2005,Kirkland,6,9,0,9,6.75,0.38518960883845926,0,98033
485000.0,2.0,2.5,1430,923,3.0,0,0,3,1410,20,2008,Seattle,6,6,0,6,4.5,1.5476190476190477,1,98103
482000.0,3.0,3.25,1380,1120,3.0,0,0,3,1380,0,2008,Seattle,6,6,0,6,6.25,1.2310437109723462,0,98103
535000.0,4.0,2.5,2610,4595,2.0,0,0,3,2610,0,2008,Kenmore,6,6,0,6,6.5,0.5678851174934726,0,98028
690000.0,3.0,3.25,1540,1428,3.0,0,0,3,1540,0,2013,Seattle,6,1,1,91,6.25,1.0776766969909026,0,98103
576000.0,3.0,2.5,1940,9000,1.0,0,0,4,970,970,1948,Seattle,6,66,0,66,5.5,0.21553160759915566,1,98117
378750.0,3.0,2.5,2160,3000,1.5,0,0,3,1260,900,1909,Seattle,6,105,1,3,5.5,0.7197600799733422,1,98118
269900.0,4.0,1.75,1530,8750,1.5,0,0,4,1530,0,1968,Renton,6,46,0,46,5.75,0.1748371614672609,0,98058
210000.0,3.0,2.0,1440,7210,1.0,0,0,3,1440,0,1983,Auburn,6,31,1,5,5.0,0.1996949105533213,0,98092
429900.0,4.0,2.5,2640,8625,2.0,0,0,3,2640,0,1987,Renton,6,27,1,14,6.5,0.30605147229306745,0,98058
1525000.0,4.0,3.25,3620,5131,2.0,0,3,4,2350,1270,1927,Seattle,6,87,0,87,7.25,0.7053780202650038,1,98119
360000.0,4.0,2.5,2850,4650,2.0,0,0,3,2850,0,2004,Maple Valley,6,10,1,11,6.5,0.612771447000645,0,98038
405000.0,2.0,1.0,1260,4377,1.0,0,0,4,1260,0,1947,Seattle,6,67,1,26,3.0,0.2878026496116948,0,98103
450000.0,3.0,1.75,1610,11200,1.0,0,0,3,1610,0,1955,Kirkland,6,59,1,9,4.75,0.1437371663244353,0,98033
703000.0,3.0,2.0,1360,5980,1.5,0,0,3,1360,0,1945,Seattle,6,69,1,6,5.0,0.22738672462798862,0,98116
661000.0,4.0,2.5,2496,8058,2.0,0,0,3,2496,0,1998,Redmond,6,16,1,8,6.5,0.3097158456384167,0,98052
580000.0,4.0,2.25,2160,9593,1.0,0,0,3,2160,0,1969,Bellevue,6,45,1,4,6.25,0.225140712945591,0,98008
464000.0,3.0,1.0,1320,3625,2.0,0,0,3,1320,0,1900,Seattle,6,114,1,9,4.0,0.36403750689464975,0,98122
945000.0,2.0,2.5,2540,7089,2.0,0,0,3,2540,0,2004,Seattle,6,10,1,11,4.5,0.35825105782792666,0,98116
659500.0,4.0,3.0,2620,18362,1.0,0,0,4,1870,750,1956,Bellevue,6,58,0,58,7.0,0.1426782116211948,1,98006
200000.0,3.0,1.5,1140,8340,1.0,0,0,3,1140,0,1960,Tukwila,6,54,1,2,4.5,0.1366742596810934,0,98168
280000.0,3.0,2.0,1790,42399,1.0,0,0,4,1790,0,1990,Auburn,6,24,0,24,5.0,0.04221698113207547,0,98092
1325000.0,4.0,2.5,2440,3600,2.5,0,0,4,2440,0,1902,Seattle,6,112,0,112,6.5,0.6775895584559845,0,98119
346150.0,3.0,2.0,2140,7200,1.0,0,0,4,1480,660,1966,Renton,6,48,0,48,5.0,0.2971809470906818,1,98056
197500.0,3.0,1.0,1330,5412,2.0,0,0,5,1330,0,1905,Enumclaw,6,109,0,109,4.0,0.24570478477738777,0,98022
799000.0,4.0,2.5,2590,7910,2.0,0,0,3,2590,0,2001,Seattle,6,13,0,13,6.5,0.3273922386550373,0,98115
1309500.0,4.0,4.5,4750,13912,2.0,0,2,3,3600,1150,2005,Seattle,6,9,0,9,8.5,0.3414073168978653,1,98118
350000.0,2.0,1.0,1620,9205,1.0,0,0,5,850,770,1921,Kirkland,6,93,0,93,3.0,0.1759721920486639,1,98034
720000.0,4.0,2.5,2440,34290,2.0,0,0,3,2440,0,1987,Redmond,6,27,1,14,6.5,0.07115569683007203,0,98053
519000.0,3.0,2.75,2020,10744,1.0,0,0,5,1270,750,1954,Normandy Park,6,60,0,60,5.75,0.18799441600744532,1,98166
590300.0,3.0,1.5,1470,7200,2.0,0,0,4,1470,0,1907,Seattle,6,107,0,107,4.5,0.20413831412303846,0,98118
2200000.0,5.0,4.75,5990,10450,2.0,1,4,3,4050,1940,2002,Issaquah,6,12,0,12,9.75,0.5731508946512296,1,98027
410000.0,6.0,2.75,2520,9324,1.0,0,0,4,1320,1200,1962,Lake Forest Park,6,52,0,52,8.75,0.27024128686327076,1,98155
437000.0,2.0,1.75,1440,4225,1.0,0,0,3,1440,0,2005,Redmond,6,9,0,9,3.75,0.34074775201135826,0,98053
221000.0,3.0,2.25,1640,7350,1.0,0,0,3,1140,500,1984,Federal Way,6,30,0,30,5.25,0.2230988981091008,1,98003
380000.0,4.0,2.25,2150,20181,1.0,0,0,3,1090,1060,1963,Kenmore,6,51,1,6,6.25,0.10653057179665049,1,98028
506000.0,2.0,1.0,1570,8210,1.0,0,0,4,1150,420,1952,Seattle,6,62,0,62,3.0,0.19120691754962854,1,98177
395000.0,4.0,1.0,1980,10350,1.0,0,0,4,1430,550,1968,Issaquah,6,46,0,46,5.0,0.19128586609989373,1,98027
285000.0,3.0,1.0,1210,4731,1.5,0,0,3,1210,0,1901,Seattle,6,113,0,113,4.0,0.25570583262890956,0,98117
311000.0,3.0,1.75,1900,3000,1.5,0,0,5,1070,830,1903,Seattle,6,111,0,111,4.75,0.6331222925691437,1,98118
520000.0,3.0,1.75,1940,219527,1.0,0,0,3,1940,0,1991,Maple Valley,6,23,0,23,4.75,0.008837141503589519,0,98038
435000.0,3.0,1.75,1310,8065,1.0,0,0,4,1310,0,1948,Seattle,6,66,0,66,4.75,0.16241011653855691,0,98117
120000.0,2.0,1.0,990,39964,1.0,0,0,2,990,0,1945,Kent,6,69,0,69,3.0,0.024771675215813835,0,98042
1440000.0,3.0,3.5,3870,3819,2.0,0,0,3,2760,1110,2002,Seattle,6,12,0,12,6.5,1.013089005235602,1,98102
186000.0,3.0,2.0,1340,4320,1.0,0,0,3,920,420,1912,Auburn,6,102,1,21,5.0,0.31011339967600093,1,98002
756000.0,4.0,2.25,2160,5600,1.0,0,0,5,1080,1080,1947,Seattle,6,67,0,67,6.25,0.38564542046063205,1,98119
248000.0,4.0,2.0,2080,13510,1.0,0,0,3,1040,1040,1950,Seattle,6,64,1,9,6.0,0.15394863444600695,1,98178
287000.0,3.0,2.0,1300,11374,1.5,0,0,5,1300,0,1933,SeaTac,6,81,0,81,5.0,0.11428571428571428,0,98168
510000.0,4.0,2.5,2610,8031,2.0,0,0,3,2610,0,1998,Lake Forest Park,6,16,1,8,6.5,0.32495019920318724,0,98155
249000.0,3.0,1.0,1050,8498,1.0,0,0,4,1050,0,1959,Kent,6,55,0,55,4.0,0.12354394634662902,0,98031
340000.0,3.0,2.5,2480,6112,2.0,0,0,3,2480,0,2004,Renton,6,10,1,11,5.5,0.4056927858661868,0,98058
399888.0,4.0,2.25,1820,8255,1.5,0,0,4,1320,500,1930,Seattle,6,84,0,84,6.25,0.22044573643410853,1,98133
440000.0,3.0,1.75,1170,8740,1.0,0,0,4,1170,0,1968,Redmond,6,46,0,46,4.75,0.13385196201807573,0,98052
899000.0,4.0,2.25,2370,6000,1.0,0,2,3,1440,930,1959,Seattle,6,55,1,25,6.25,0.3949341776370605,1,98177
540500.0,5.0,3.75,3090,7415,2.0,0,0,3,3090,0,2014,Burien,6,0,0,0,8.75,0.4166666666666667,0,98148
385000.0,3.0,1.75,2310,11200,1.0,0,0,4,1630,680,1978,Kent,6,36,1,14,4.75,0.20623158646549417,1,98030
558000.0,4.0,2.25,2060,10358,1.0,0,0,4,1320,740,1962,Bellevue,6,52,0,52,6.25,0.19886089390867845,1,98006
600000.0,3.0,2.0,2540,237402,1.0,0,0,3,2540,0,2007,Enumclaw,6,7,0,7,5.0,0.010699106582477896,0,98022
450000.0,4.0,2.5,2400,7693,2.0,0,0,3,2400,0,2003,Renton,6,11,0,11,6.5,0.31193137509747854,0,98059
232500.0,3.0,1.0,1320,8450,1.0,0,0,3,880,440,1961,Federal Way,6,53,1,10,4.0,0.1561945331913383,1,98023
436000.0,2.0,1.0,790,6600,1.0,0,0,3,790,0,1949,Seattle,6,65,1,16,3.0,0.11967883653991819,0,98122
240000.0,4.0,2.0,1790,14690,1.0,0,1,4,1670,120,1960,Des Moines,6,54,1,13,6.0,0.1218433054250902,1,98198
489950.0,3.0,2.25,1820,7326,2.0,0,0,3,1820,0,1983,Kirkland,6,31,1,5,5.25,0.24839634229561894,0,98034
680000.0,6.0,2.0,1670,3000,1.0,0,0,5,900,770,1911,Seattle,6,103,1,30,8.0,0.5564811729423526,1,98105
1068000.0,5.0,3.5,3990,9938,2.0,0,0,3,3990,0,2001,Newcastle,6,13,0,13,8.5,0.4014488379112587,0,98059
352450.0,3.0,2.0,1430,6000,1.0,0,0,5,1430,0,1945,Shoreline,6,69,0,69,5.0,0.23829361773037827,0,98155
335000.0,4.0,2.0,2030,103672,1.0,0,0,4,2030,0,1969,Enumclaw,6,45,0,45,6.0,0.01958079731463351,0,98022
549000.0,4.0,1.75,1290,3060,2.0,0,0,4,1290,0,1906,Seattle,6,108,1,24,5.75,0.4214309049330284,0,98103
1240000.0,4.0,3.5,3820,13224,2.0,0,0,3,3280,540,1990,Bellevue,6,24,1,5,7.5,0.2888468809073724,1,98004
618250.0,4.0,3.25,2520,3360,1.5,0,0,4,1550,970,1931,Seattle,6,83,0,83,7.25,0.749776852127343,1,98115
1815000.0,5.0,3.0,3880,13000,2.0,0,0,3,3880,0,1972,Mercer Island,6,42,1,11,8.0,0.2984385816475656,0,98040
850000.0,2.0,1.75,1590,5136,1.5,0,3,3,1320,270,1927,Seattle,6,87,1,3,3.75,0.30951917461553435,1,98199
930000.0,5.0,2.0,3530,9385,1.5,0,0,3,3530,0,1925,Seattle,6,89,1,12,7.0,0.376092051992329,0,98144
505000.0,3.0,2.5,1610,4611,2.0,0,0,3,1610,0,1996,Issaquah,6,18,0,18,5.5,0.3490893321769297,0,98029
925000.0,4.0,2.5,3280,209088,2.0,0,0,3,3280,0,1994,Redmond,6,20,0,20,6.5,0.015687099751780342,0,98053
275000.0,3.0,1.75,1860,15681,1.0,0,0,4,1860,0,1971,Federal Way,6,43,0,43,4.75,0.11860732049483484,0,98023
499000.0,3.0,1.75,1840,5000,1.0,0,0,4,920,920,1910,Seattle,6,104,0,104,4.75,0.3679264147170566,1,98117
507000.0,3.0,2.5,2120,7201,2.0,0,0,3,2120,0,2003,Seattle,6,11,0,11,5.5,0.2943626770341572,0,98133
619850.0,4.0,2.5,2270,9247,1.0,0,0,5,1500,770,1972,Bellevue,6,42,0,42,6.5,0.24545847750865052,1,98006
500000.0,3.0,2.5,2840,48716,1.0,0,3,3,1870,970,1994,Carnation,6,20,0,20,5.5,0.05829587207750888,1,98014
310000.0,4.0,1.5,1220,9600,1.0,0,0,3,1220,0,1980,Carnation,6,34,0,34,5.5,0.12707009686490991,0,98014
646000.0,4.0,2.5,2310,4079,2.0,0,0,3,2310,0,2008,Seattle,6,6,0,6,6.5,0.5661764705882353,0,98117
265000.0,3.0,1.75,1840,7300,1.0,0,0,3,1840,0,1966,Federal Way,6,48,1,51,4.75,0.2520202711957266,0,98023
475000.0,3.0,2.5,950,1110,2.0,0,0,3,950,0,2003,Seattle,6,11,0,11,5.5,0.8550855085508551,0,98102
600000.0,4.0,2.25,3070,8400,2.0,0,0,4,3070,0,1970,Kirkland,6,44,0,44,6.25,0.3654326865849304,0,98034
470000.0,3.0,2.0,1730,38884,1.0,0,0,3,1730,0,1997,Maple Valley,6,17,0,17,5.0,0.04449016330204449,0,98038
319950.0,2.0,1.0,920,8341,1.0,0,0,3,920,0,1939,Seattle,6,75,1,45,3.0,0.11028530328458404,0,98146
712000.0,3.0,2.75,3200,6699,2.0,0,0,3,3200,0,2004,Sammamish,6,10,1,11,5.75,0.47761194029850745,0,98075
775000.0,4.0,2.75,3010,15992,2.0,0,0,3,3010,0,1996,Sammamish,6,18,0,18,6.75,0.1882073407115613,0,98075
390000.0,3.0,2.25,1600,10240,1.0,0,0,3,1090,510,1979,Kirkland,6,35,1,0,5.25,0.15623474270090812,1,98034
585000.0,4.0,2.5,2840,11044,2.0,0,0,3,2840,0,2001,Kirkland,6,13,0,13,6.5,0.25712992304210047,0,98034
1027000.0,3.0,2.5,2430,10500,2.0,0,1,3,2430,0,1989,Bellevue,6,25,0,25,5.5,0.23140653271117037,0,98004
232603.0,3.0,1.75,1750,11461,2.0,0,0,4,1750,0,1976,Auburn,6,38,1,22,4.75,0.15267841563426976,0,98002
543000.0,3.0,2.25,1240,949,3.0,0,0,3,1240,0,2008,Seattle,6,6,0,6,5.25,1.305263157894737,0,98103
607500.0,3.0,3.25,1530,1612,3.0,0,0,3,1530,0,2006,Seattle,6,8,0,8,6.25,0.9485430874147551,0,98107
750000.0,3.0,3.5,3390,10078,2.0,0,0,3,3040,350,2012,Newcastle,6,2,1,102,6.5,0.3363428911598373,1,98059
728050.0,3.0,2.5,2320,6775,1.0,0,0,3,2320,0,2008,Redmond,6,6,0,6,5.5,0.34238488783943327,0,98053
734990.0,4.0,2.5,2650,6884,2.0,0,0,3,2650,0,2012,Redmond,6,2,1,102,6.5,0.3848946986201888,0,98053
330000.0,3.0,2.5,2238,7209,2.0,0,0,3,2238,0,2011,Federal Way,6,3,0,3,5.5,0.3104022191400832,0,98023
605000.0,4.0,2.5,2620,7553,2.0,0,0,3,2620,0,1996,Newcastle,6,18,0,18,6.5,0.34683611331744774,0,98056
441000.0,3.0,2.75,1910,7280,1.0,0,0,3,1160,750,1979,Kirkland,6,35,1,0,5.75,0.2623266034885318,1,98034
650000.0,4.0,2.5,3040,6587,2.0,0,0,3,3040,0,2003,Redmond,6,11,0,11,6.5,0.461445051608986,0,98053
1950000.0,7.0,3.5,4640,15235,2.0,0,1,3,2860,1780,1965,Mercer Island,6,49,1,11,10.5,0.30454187450774484,1,98040
395000.0,3.0,1.0,1500,4000,1.0,0,0,3,900,600,1925,Seattle,6,89,1,12,4.0,0.37490627343164207,1,98117
245000.0,1.0,0.75,380,15000,1.0,0,0,3,380,0,1963,Burien,6,51,1,6,1.75,0.02533164455702953,0,98168
905000.0,4.0,3.5,2970,14486,2.0,0,0,3,2340,630,1997,Mercer Island,6,17,0,17,7.5,0.20501138952164008,1,98040
660000.0,4.0,3.25,3030,9273,2.0,0,0,5,3030,0,1988,Issaquah,6,26,0,26,7.25,0.3267198619797283,0,98029
378000.0,4.0,2.5,1890,12236,1.0,0,0,3,1230,660,1978,North Bend,6,36,0,36,6.5,0.15444962000490317,1,98045
600000.0,2.0,1.0,1040,3600,1.0,0,0,4,1040,0,1919,Seattle,6,95,1,34,3.0,0.2888086642599278,0,98112
632500.0,4.0,2.5,2090,10306,2.0,0,0,3,2090,0,1986,Sammamish,6,28,0,28,6.5,0.20277481323372465,0,98074
210000.0,2.0,2.0,1680,5756,2.0,0,0,4,1680,0,1910,Auburn,6,104,0,104,4.0,0.2918186555497655,0,98002
754800.0,2.0,2.5,2770,7781,2.0,0,0,3,2770,0,2006,Redmond,6,8,0,8,4.5,0.3559496273451555,0,98053
175000.0,2.0,1.0,1020,5130,1.0,0,0,4,1020,0,1948,Auburn,6,66,0,66,3.0,0.19879165854609238,0,98002
455000.0,3.0,2.25,1470,4653,2.0,0,0,4,1470,0,1985,Issaquah,6,29,0,29,5.25,0.3158573270305114,0,98029
450000.0,3.0,2.0,1430,3480,1.0,0,0,3,980,450,1947,Seattle,6,67,1,2,5.0,0.4108014938236139,1,98103
790000.0,4.0,1.75,2050,10920,1.0,0,3,3,1450,600,1974,Lake Forest Park,6,40,0,40,5.75,0.18771174800842413,1,98155
480000.0,4.0,1.0,2080,5500,1.0,0,0,3,1040,1040,1941,Seattle,6,73,1,20,5.0,0.3781130703508453,1,98117
850000.0,3.0,2.25,2870,8170,2.0,0,0,3,2250,620,1995,Seattle,6,19,0,19,5.25,0.35124219801737855,1,98136
725000.0,4.0,3.25,3940,27591,2.0,0,3,3,3440,500,2000,Renton,6,14,0,14,7.25,0.14279501304726008,1,98059
380000.0,3.0,1.5,1520,4288,1.0,0,0,3,1020,500,1949,Seattle,6,65,1,16,4.5,0.35439496386103986,1,98136
979000.0,3.0,1.5,1700,14133,1.0,0,1,4,1700,0,1954,Bellevue,6,60,1,35,4.5,0.12027734540823547,0,98004
359950.0,3.0,2.25,1940,11612,1.0,0,0,4,1100,840,1981,Seattle,6,33,0,33,5.25,0.1670541634375269,1,98178
665900.0,4.0,2.25,2870,5453,2.0,0,1,4,2220,650,1926,Seattle,6,88,1,21,6.25,0.5262192885955262,1,98146
812000.0,3.0,3.25,3240,8338,2.0,0,0,3,3240,0,2001,Sammamish,6,13,0,13,6.25,0.3885357956589519,0,98074
203000.0,3.0,1.0,1150,7156,1.0,0,0,4,1150,0,1953,Burien,6,61,1,31,4.0,0.1606818499371245,0,98168
456000.0,3.0,1.5,1440,28516,1.0,0,0,4,1440,0,1975,Sammamish,6,39,0,39,4.5,0.05049619525195497,0,98075
547000.0,5.0,2.5,2200,4080,1.5,0,0,5,1420,780,1916,Seattle,6,98,0,98,7.5,0.5390835579514824,1,98103
280000.0,3.0,2.0,1470,8089,1.0,0,0,3,1470,0,1987,Des Moines,6,27,1,14,5.0,0.18170580964153277,0,98198
640000.0,2.0,1.75,1760,4400,1.0,0,0,4,880,880,1930,Seattle,6,84,0,84,3.75,0.3999091115655533,1,98103
477000.0,3.0,1.75,1780,8085,1.0,0,0,3,1210,570,1976,Bothell,6,38,0,38,4.75,0.22013356418501112,1,98011
455000.0,4.0,2.25,2450,21000,1.0,0,2,4,1650,800,1954,Burien,6,60,1,35,6.25,0.11666111137564877,1,98166
587206.0,3.0,3.5,1890,1710,2.0,0,0,3,1640,250,1999,Seattle,6,15,0,15,6.5,1.1046171829339568,1,98103
425000.0,3.0,2.5,2540,5612,2.0,0,0,3,2540,0,1999,Renton,6,15,0,15,5.5,0.45252093354712275,0,98059
511500.0,4.0,1.0,1360,6000,1.5,0,0,3,1360,0,1917,Seattle,6,97,1,5,5.0,0.22662889518413598,0,98115
218000.0,2.0,2.0,1310,2841,2.0,0,0,3,1310,0,2004,Maple Valley,6,10,1,11,4.0,0.4609429978888107,0,98038
332000.0,3.0,2.0,1510,7884,1.0,0,0,3,1510,0,1942,Burien,6,72,1,0,5.0,0.19150285351934052,0,98166
291000.0,3.0,1.5,1860,60960,1.0,0,0,4,1140,720,1967,Covington,6,47,0,47,4.5,0.030511310509998196,1,98042
279000.0,4.0,2.0,2200,7700,1.0,0,0,3,1100,1100,1979,Renton,6,35,1,0,6.0,0.28567718478119725,1,98058
950000.0,4.0,2.5,3360,11548,2.0,0,0,3,3360,0,1988,Kirkland,6,26,1,14,6.5,0.29093428002424454,0,98033
970500.0,3.0,2.75,2470,10125,2.0,0,0,3,2470,0,1960,Mercer Island,6,54,1,2,5.75,0.24392652577523208,0,98040
412000.0,2.0,1.0,1260,3960,1.0,0,0,3,690,570,1925,Seattle,6,89,1,12,3.0,0.3181014895228478,1,98117
400000.0,3.0,1.0,1430,10005,1.5,0,0,4,1430,0,1950,Seattle,6,64,1,31,4.0,0.14291425144913053,0,98133
200000.0,3.0,2.25,1230,7420,1.5,0,0,5,1230,0,1913,Auburn,6,101,0,101,5.25,0.16574585635359115,0,98002
397000.0,4.0,2.5,2320,11717,2.0,0,0,3,2320,0,1997,North Bend,6,17,0,17,6.5,0.19798600443761735,0,98045
715000.0,4.0,2.5,3290,6628,2.0,0,0,3,3290,0,2003,Sammamish,6,11,0,11,6.5,0.4963041182682154,0,98075
371000.0,4.0,2.5,2550,4770,2.0,0,0,3,2550,0,2005,Maple Valley,6,9,0,9,6.5,0.5344791448333682,0,98038
458000.0,3.0,2.5,1870,5013,2.0,0,0,3,1870,0,2003,Bothell,6,11,0,11,5.5,0.37295572397287596,0,98011
436500.0,5.0,3.0,3110,12429,1.0,0,0,3,1790,1320,1977,Bothell,6,37,1,10,8.0,0.250201126307321,1,98011
329950.0,3.0,2.5,1820,8085,2.0,0,0,3,1820,0,1983,Renton,6,31,1,5,5.5,0.22508038585209003,0,98055
950000.0,3.0,3.25,3050,18892,1.0,1,4,4,1650,1400,1962,Des Moines,6,52,0,52,6.25,0.16143545228391468,1,98198
282000.0,4.0,2.0,1890,6302,2.0,0,0,3,1890,0,1997,Kent,6,17,0,17,6.0,0.29985721085197525,0,98030
250000.0,1.0,1.0,800,16306,1.0,0,0,2,680,120,1931,Seattle,6,83,0,83,2.0,0.0490586864536702,1,98168
1135000.0,6.0,4.25,6900,244716,2.0,0,0,4,4820,2080,2002,Woodinville,6,12,0,12,10.25,0.028195834371948007,1,98077
400000.0,4.0,1.75,2670,189486,2.0,0,4,3,2670,0,1972,Auburn,6,42,1,12,5.75,0.01409067640524152,0,98092
681500.0,5.0,2.75,3260,11700,1.0,0,0,3,1630,1630,1964,Bellevue,6,50,1,14,7.75,0.2786086659259892,1,98008
200000.0,2.0,1.0,860,6600,1.0,0,0,5,860,0,1949,Burien,6,65,0,65,3.0,0.13028329041054384,0,98168
1300000.0,5.0,4.0,3366,7800,2.5,0,2,3,2966,400,1937,Seattle,6,77,1,15,9.0,0.43148314318677095,1,98199
1462497.0,5.0,3.25,3840,4800,3.0,0,3,3,2750,1090,2008,Seattle,6,6,0,6,8.25,0.7998333680483233,1,98144
995000.0,4.0,4.5,3850,13551,2.0,0,2,3,3000,850,1998,Bellevue,6,16,1,8,8.5,0.2840909090909091,1,98006
355000.0,4.0,2.5,2040,8265,2.0,0,0,3,2040,0,1996,Seattle,6,18,0,18,6.5,0.24679409629808854,0,98146
425000.0,3.0,2.25,1790,10209,1.0,0,0,3,1290,500,1967,Woodinville,6,47,1,3,5.25,0.17531831537708129,1,98072
869000.0,4.0,3.0,3740,30884,2.0,0,0,3,3060,680,1988,Woodinville,6,26,1,14,7.0,0.12109438238627165,1,98072
915000.0,3.0,3.25,2660,4000,2.0,0,0,3,2170,490,2003,Seattle,6,11,0,11,6.25,0.664833791552112,1,98122
2110000.0,3.0,2.25,3230,17833,2.0,0,0,4,3230,0,1973,Bellevue,6,41,0,41,5.25,0.18111472468318943,0,98006
925000.0,4.0,2.0,3140,10437,1.0,0,0,4,2040,1100,1959,Mercer Island,6,55,0,55,6.0,0.30082391262694,1,98040
2400000.0,6.0,4.5,5480,10800,2.0,0,3,4,4430,1050,1999,Seattle,6,15,0,15,10.5,0.5073604295898528,1,98119
390000.0,3.0,1.0,1160,3750,1.5,0,0,3,1160,0,1910,Seattle,6,104,1,8,4.0,0.30925086643561717,0,98106
330000.0,3.0,2.25,1860,11227,2.0,0,0,3,1860,0,1995,Maple Valley,6,19,0,19,5.25,0.16565728535803348,0,98038
482500.0,4.0,3.0,1630,7626,1.0,0,0,5,1110,520,1990,Seattle,6,24,0,24,7.0,0.21371443555788647,1,98125
525000.0,3.0,2.25,1750,1879,3.0,0,0,3,1750,0,2001,Seattle,6,13,0,13,5.25,0.9308510638297872,0,98107
237000.0,3.0,1.0,1300,8160,1.0,0,0,4,1300,0,1960,Renton,6,54,1,13,4.0,0.1592942041416493,0,98056
205000.0,3.0,1.0,960,7314,1.0,0,0,5,960,0,1960,Auburn,6,54,0,54,4.0,0.13123718386876282,0,98002
623000.0,3.0,2.5,1850,7777,2.0,0,0,5,1850,0,1989,Kirkland,6,25,0,25,5.5,0.23785034713293907,0,98033
565000.0,4.0,2.75,3260,4900,2.0,0,0,3,3260,0,2013,Renton,6,1,1,91,6.75,0.6651703733931851,0,98059
400000.0,4.0,2.25,2420,7927,1.0,0,0,4,1400,1020,1973,Shoreline,6,41,0,41,6.25,0.30524722502522705,1,98133
405000.0,3.0,1.0,1460,10000,1.5,0,0,3,1460,0,2002,Sammamish,6,12,0,12,4.0,0.145985401459854,0,98074
337000.0,4.0,3.0,2240,8504,2.0,0,0,3,2240,0,1992,Shoreline,6,22,0,22,7.0,0.26337448559670784,0,98155
355000.0,2.0,1.0,1240,27042,1.0,0,1,3,1000,240,1943,Vashon,6,71,1,12,3.0,0.04585290093554709,1,98070
885000.0,3.0,2.25,2060,9552,1.0,0,0,4,1610,450,1975,Mercer Island,6,39,0,39,5.25,0.21563906626190726,1,98040
420000.0,5.0,2.75,2280,10319,1.0,0,0,3,1300,980,1959,Shoreline,6,55,1,25,7.75,0.22093023255813954,1,98177
448000.0,4.0,2.5,2510,6853,2.0,0,2,3,2510,0,2006,Maple Valley,6,8,0,8,6.5,0.36620951269331775,0,98038
800000.0,4.0,2.75,3150,7035,2.0,0,0,3,3150,0,2004,Sammamish,6,10,1,11,6.75,0.44769755542922113,0,98075
830000.0,5.0,2.25,2780,10192,2.0,0,0,4,2780,0,1978,Bellevue,6,36,1,14,7.25,0.2727361915039733,0,98007
725000.0,6.0,1.75,2380,4080,2.0,0,0,3,2380,0,1917,Seattle,6,97,1,5,7.75,0.5831903945111492,0,98105
780000.0,3.0,2.25,2140,3000,2.0,0,0,3,2140,0,1905,Seattle,6,109,1,8,5.25,0.7130956347884039,0,98103
325000.0,2.0,1.0,840,4239,1.0,0,0,3,840,0,1948,Seattle,6,66,1,20,3.0,0.19811320754716982,0,98136
488800.0,4.0,2.25,2170,9665,1.0,0,0,4,1300,870,1976,Bellevue,6,38,1,22,6.25,0.2244982412580178,1,98006
1320000.0,4.0,3.5,4410,36200,2.0,0,0,3,4410,0,1989,Bellevue,6,25,0,25,7.5,0.12181983923096047,0,98006
489000.0,4.0,2.0,2120,11479,1.0,0,0,4,1060,1060,1940,Seattle,6,74,1,13,6.0,0.18466898954703834,1,98125
1240000.0,7.0,5.5,6630,13782,2.0,0,0,3,4930,1700,2004,Bellevue,6,10,1,11,12.5,0.4810273525357324,1,98006
595000.0,3.0,2.75,3290,22649,2.0,0,0,4,3290,0,1993,Newcastle,6,21,0,21,5.75,0.14525386313465782,0,98056
359900.0,5.0,2.25,2290,7420,1.0,0,0,3,1290,1000,1973,Renton,6,41,1,1,7.25,0.3085837488209136,1,98058
1080000.0,3.0,3.0,4910,43560,2.0,0,0,4,4000,910,1989,Bellevue,6,25,0,25,6.0,0.11271550239893482,1,98007
925000.0,4.0,2.75,3730,8014,2.0,0,0,3,3730,0,2012,Sammamish,6,2,1,102,6.75,0.46537741734248284,0,98074
625000.0,3.0,2.5,2440,4800,2.0,0,0,3,2440,0,2014,Seattle,6,0,0,0,5.5,0.5082274526140388,0,98106
339990.0,3.0,2.5,2570,4600,2.0,0,0,3,2570,0,2014,Auburn,6,0,0,0,5.5,0.558574222995001,0,98092
775950.0,4.0,2.5,2970,4400,2.0,0,0,3,2970,0,2014,Redmond,6,0,0,0,6.5,0.6748466257668712,0,98052
420000.0,5.0,3.0,2630,3149,2.0,0,0,3,1670,960,2013,Renton,6,1,1,91,8.0,0.834920634920635,1,98056
654000.0,3.0,3.25,1530,1565,2.0,0,0,3,1280,250,2005,Seattle,6,9,0,9,6.25,0.9770114942528736,1,98122
725000.0,3.0,3.5,3690,8837,2.0,0,0,3,3690,0,2001,Snoqualmie,6,13,0,13,6.5,0.4175152749490835,0,98065
375000.0,2.0,1.0,1230,1820,2.0,0,0,4,830,400,1948,Seattle,6,66,0,66,3.0,0.6754530477759473,1,98107
1100000.0,3.0,2.5,2200,20000,1.0,0,1,3,1400,800,1952,Bellevue,6,62,1,6,5.5,0.10999450027498625,1,98004
639500.0,4.0,2.25,2330,8994,2.0,0,0,3,2330,0,1986,Redmond,6,28,0,28,6.25,0.25903279599777657,0,98052
849000.0,4.0,2.0,2160,6300,1.5,0,1,4,2160,0,1928,Seattle,6,86,0,86,6.0,0.3428027297254404,0,98116
418000.0,4.0,1.5,1550,9176,1.0,0,0,3,1000,550,1956,Bellevue,6,58,1,13,5.5,0.16890051214994006,1,98008
442900.0,4.0,1.75,1780,2788,1.0,0,0,4,890,890,1943,Seattle,6,71,0,71,5.75,0.6382215847974184,1,98199
750000.0,3.0,1.75,2610,5544,1.5,0,0,3,1680,930,1934,Seattle,6,80,1,36,4.75,0.47069431920649235,1,98117
930000.0,3.0,2.5,3290,6830,2.0,0,0,3,3290,0,2000,Redmond,6,14,0,14,5.5,0.48162787293222076,0,98052
565000.0,2.0,1.75,1330,6000,1.0,0,0,4,960,370,1914,Seattle,6,100,1,69,3.75,0.22162972837860356,1,98199
874150.0,4.0,3.5,3530,14406,2.0,0,1,3,2570,960,1987,Kirkland,6,27,1,14,7.5,0.24501978205039218,1,98034
545000.0,4.0,2.5,2090,6023,2.0,0,0,3,2090,0,1990,Issaquah,6,24,1,5,6.5,0.3469455511288181,0,98029
500000.0,4.0,2.5,2040,8400,1.0,0,0,3,1420,620,1963,Bellevue,6,51,1,6,6.5,0.24282823473396023,1,98006
687000.0,4.0,2.5,2370,10083,2.0,0,0,5,2370,0,1966,Kirkland,6,48,0,48,6.5,0.23502578341927807,0,98033
810000.0,4.0,2.5,2810,10613,2.0,0,0,3,2810,0,1989,Bellevue,6,25,0,25,6.5,0.2647446768419069,0,98006
439500.0,3.0,2.5,2050,40003,1.0,0,0,4,1570,480,1977,Issaquah,6,37,0,37,5.5,0.05124487551244875,1,98027
802000.0,3.0,1.75,2870,5000,1.5,0,0,4,1840,1030,1907,Seattle,6,107,0,107,4.75,0.5738852229554089,1,98144
732600.0,4.0,2.5,2130,7300,1.0,0,0,4,1230,900,1963,Bellevue,6,51,0,51,6.5,0.29174085741679223,1,98005
374000.0,4.0,2.5,2580,6260,2.0,0,0,3,2580,0,2004,Renton,6,10,1,11,6.5,0.4120747484427408,0,98056
330000.0,4.0,2.5,2380,13550,2.0,0,0,3,2380,0,1999,SeaTac,6,15,0,15,6.5,0.17563279462770276,0,98188
365000.0,4.0,2.0,1940,25600,1.0,0,0,1,1940,0,1962,Bellevue,6,52,0,52,6.0,0.07577828991055037,0,98006
290900.0,2.0,2.0,1610,17600,2.0,0,0,3,1610,0,1930,Tukwila,6,84,1,31,4.0,0.09147207545025851,0,98178
577000.0,3.0,2.5,2060,5750,1.0,0,0,3,1330,730,1976,Seattle,6,38,0,38,5.5,0.35819857416101547,1,98116
280000.0,2.0,1.0,1010,3000,1.0,0,0,4,1010,0,1925,North Bend,6,89,1,46,3.0,0.33655448183938685,0,98045
675000.0,4.0,2.5,2810,11120,2.0,0,0,3,2810,0,1982,Sammamish,6,32,0,32,6.5,0.2526751191439619,0,98074
800000.0,3.0,2.25,2380,11824,1.0,0,0,4,1450,930,1972,Mercer Island,6,42,0,42,5.25,0.20126849894291754,1,98040
299995.0,2.0,1.0,1060,7200,1.0,0,0,4,1060,0,1951,Shoreline,6,63,1,15,3.0,0.1472017775308985,0,98155
440000.0,3.0,1.75,1560,7207,1.0,0,0,3,1250,310,1983,Kirkland,6,31,1,5,4.75,0.21642619311875694,1,98034
249500.0,2.0,1.75,1500,8645,1.0,0,0,4,1500,0,1963,Covington,6,51,0,51,3.75,0.1734906315058987,0,98042
690000.0,2.0,1.0,970,4560,1.0,0,0,4,970,0,1907,Seattle,6,107,0,107,3.0,0.21267265950449463,0,98103
235000.0,3.0,1.0,1170,11100,1.0,0,0,4,1170,0,1968,Renton,6,46,0,46,4.0,0.10539591027835331,0,98059
320000.0,3.0,2.5,2280,7417,2.0,0,0,3,2280,0,1998,Auburn,6,16,1,8,5.5,0.30736047452143433,0,98001
350000.0,7.0,3.0,2800,9569,1.0,0,2,3,1400,1400,1963,Renton,6,51,1,6,10.0,0.29258098223615464,1,98056
334000.0,4.0,1.5,1150,9360,1.5,0,0,3,1150,0,1970,Kirkland,6,44,1,0,5.5,0.12285012285012285,0,98034
235000.0,6.0,3.0,2180,7956,2.0,0,0,3,2180,0,1980,Federal Way,6,34,0,34,9.0,0.273972602739726,0,98003
442000.0,4.0,2.5,2520,7253,2.0,0,0,3,2520,0,1990,Renton,6,24,1,5,6.5,0.34739454094292804,0,98059
264000.0,3.0,1.75,1760,7482,1.0,0,0,4,1760,0,1966,Federal Way,6,48,0,48,4.75,0.23519978618201257,0,98023
275000.0,2.0,1.0,1180,6552,1.0,0,0,4,1180,0,1949,Shoreline,6,65,1,29,3.0,0.18007019685640166,0,98133
430000.0,2.0,1.5,950,4625,1.0,0,0,4,950,0,1949,Seattle,6,65,1,29,3.5,0.20536100302637267,0,98103
550000.0,3.0,2.5,1900,3255,2.0,0,0,3,1900,0,1988,Bellevue,6,26,1,14,5.5,0.5835380835380836,0,98007
775000.0,4.0,2.5,2300,6158,2.0,0,0,3,2300,0,1999,Seattle,6,15,0,15,6.5,0.37343724630621855,0,98115
603500.0,6.0,2.75,2660,8400,1.0,0,0,5,1550,1110,1962,Bellevue,6,52,0,52,8.75,0.31662897274134033,1,98006
230000.0,3.0,1.0,1530,389126,1.5,0,0,4,1530,0,1919,Enumclaw,6,95,1,29,4.0,0.003931878281383713,0,98022
449000.0,4.0,2.5,1850,5040,1.0,0,0,3,1230,620,1930,Seattle,6,84,1,1,6.5,0.3669906764530847,1,98126
2075000.0,4.0,3.5,4230,20377,2.0,0,0,3,4230,0,1997,Bellevue,6,17,0,17,7.5,0.2075767985081951,0,98004
420000.0,3.0,2.0,1200,5029,1.0,0,0,3,880,320,1937,Seattle,6,77,1,15,5.0,0.23856858846918488,1,98115
735000.0,4.0,2.25,2270,5102,1.0,0,0,5,1340,930,1954,Seattle,6,60,0,60,6.25,0.4448363707622967,1,98199
200000.0,3.0,1.5,1090,9600,1.0,0,0,4,1090,0,1968,Covington,6,46,0,46,4.5,0.11352984064159984,0,98042
286000.0,3.0,2.75,1100,750,2.0,0,0,3,780,320,2008,Seattle,6,6,0,6,5.75,1.4647137150466045,1,98106
579000.0,3.0,2.5,1640,1269,3.0,0,0,3,1640,0,2009,Seattle,6,5,0,5,5.5,1.2913385826771653,0,98112
345100.0,3.0,3.75,1950,8625,1.0,0,0,3,1360,590,1959,Seattle,6,55,1,25,6.75,0.22606074658010666,1,98178
350000.0,3.0,1.75,1660,10150,1.5,0,0,3,1660,0,1957,Shoreline,6,57,1,14,4.75,0.16353068663185893,0,98133
291500.0,3.0,1.0,880,9238,1.5,0,0,5,880,0,1946,Shoreline,6,68,0,68,4.0,0.09524840350687304,0,98155
649950.0,3.0,2.5,1500,1375,2.0,0,0,3,1200,300,2014,Seattle,6,0,0,0,5.5,1.0901162790697674,1,98119
458500.0,3.0,2.0,1890,1599,2.0,0,0,3,1430,460,2012,Seattle,6,2,1,102,5.0,1.18125,1,98136
500000.0,3.0,1.0,1150,5100,2.0,0,0,3,1150,0,1911,Seattle,6,103,1,9,4.0,0.22544599098216037,0,98136
362300.0,3.0,2.5,2430,15264,2.0,0,0,3,2430,0,1997,Kent,6,17,0,17,5.5,0.1591876842450049,0,98030
324000.0,4.0,1.75,2110,7208,1.0,0,0,3,1170,940,1975,Renton,6,39,0,39,5.75,0.2926896934387571,1,98058
495000.0,3.0,2.0,2950,12196,2.0,0,0,4,2310,640,1918,Burien,6,96,1,40,5.0,0.24186275313601704,1,98166
233500.0,3.0,2.25,1650,2958,2.0,0,0,3,1650,0,1985,Kent,6,29,0,29,5.25,0.5576208178438662,0,98031
479000.0,3.0,2.25,2110,11319,2.0,0,0,4,2110,0,1978,Woodinville,6,36,1,14,5.25,0.18639575971731448,0,98072
322200.0,4.0,2.25,2010,19000,2.0,0,0,4,2010,0,1975,Covington,6,39,0,39,6.25,0.10578390611020473,0,98042
835000.0,4.0,2.5,3030,29163,2.0,0,0,3,3030,0,1998,Redmond,6,16,1,8,6.5,0.10389521327664243,0,98053
347000.0,3.0,1.0,1270,8400,1.0,0,0,3,1270,0,1955,Bothell,6,59,1,9,4.0,0.15117247946673015,0,98011
725000.0,3.0,1.75,1610,8613,1.0,0,0,5,1610,0,1962,Kirkland,6,52,0,52,4.75,0.18690503830972835,0,98033
345000.0,3.0,1.0,1140,4200,2.0,0,0,4,1140,0,1904,Seattle,6,110,0,110,4.0,0.2713639609616758,0,98144
345950.0,3.0,2.5,2110,4118,2.0,0,0,3,2110,0,1989,Kent,6,25,0,25,5.5,0.5122602573440156,0,98042
550000.0,3.0,1.75,1840,8086,1.0,0,0,4,1840,0,1964,Redmond,6,50,0,50,4.75,0.2275256584642018,0,98052
399950.0,3.0,1.75,1560,5223,1.0,0,0,4,810,750,1940,Seattle,6,74,1,13,4.75,0.2986217457886677,1,98125
269500.0,3.0,1.75,1840,7412,1.0,0,0,4,1240,600,1976,Kent,6,38,1,22,4.75,0.24821259948738703,1,98031
494000.0,4.0,2.5,1830,7345,1.0,0,0,4,1540,290,1973,Shoreline,6,41,0,41,6.5,0.24911516471549142,1,98177
453000.0,4.0,1.75,2120,7420,1.0,0,0,4,1060,1060,1956,Bellevue,6,58,0,58,5.75,0.2856757849346449,1,98008
442500.0,3.0,1.75,1600,10280,1.0,0,0,3,1050,550,1977,Kirkland,6,37,1,10,4.75,0.15562688454430504,1,98034
235000.0,4.0,1.75,1450,8891,1.5,0,0,3,1180,270,1962,Tukwila,6,52,1,11,5.75,0.16306792622582097,1,98168
389800.0,3.0,1.75,1880,12821,1.0,0,0,3,1880,0,1959,Lake Forest Park,6,55,1,25,4.75,0.14662299173295898,0,98155
346000.0,3.0,1.75,1270,8100,1.0,0,0,3,880,390,1950,Burien,6,64,1,9,4.75,0.15677076904085915,1,98146
360000.0,4.0,1.5,1720,6417,1.0,0,0,3,1720,0,1953,Seattle,6,61,0,61,5.5,0.2679962605172951,0,98125
650000.0,4.0,2.5,2400,7351,2.0,0,0,3,2400,0,1990,Issaquah,6,24,1,5,6.5,0.3264417845484222,0,98029
290000.0,3.0,1.0,1150,8145,1.0,0,0,4,990,160,1932,Shoreline,6,82,1,56,4.0,0.1411735821261969,1,98155
234000.0,2.0,1.0,870,11100,1.0,0,0,3,870,0,1940,Seattle,6,74,1,18,3.0,0.07837131789928835,0,98146
260000.0,4.0,2.5,2000,37045,2.0,0,0,3,2000,0,1989,Kent,6,25,0,25,6.5,0.05398693516169087,0,98042
349900.0,3.0,2.0,2420,38781,1.0,0,0,5,1210,1210,1949,Issaquah,6,65,0,65,5.0,0.062400082512505804,1,98027
275000.0,3.0,1.0,1080,6000,1.0,0,0,4,1080,0,1952,Shoreline,6,62,0,62,4.0,0.1799700049991668,0,98133
725000.0,4.0,2.5,3420,30410,2.0,0,0,3,3420,0,1988,Woodinville,6,26,1,14,6.5,0.11245930748742232,0,98077
375000.0,4.0,2.5,1870,7471,2.0,0,0,3,1870,0,1990,Renton,6,24,1,5,6.5,0.2502676659528908,0,98055
806000.0,4.0,2.5,2500,206474,1.0,0,0,3,2500,0,1997,Redmond,6,17,0,17,6.5,0.01210800339024095,0,98053
470000.0,3.0,2.5,2150,8221,2.0,0,0,3,2150,0,1992,Renton,6,22,0,22,5.5,0.2614935538798346,0,98059
490000.0,3.0,2.25,1470,2500,2.0,0,0,3,1080,390,1984,Seattle,6,30,0,30,5.25,0.5877648940423831,1,98117
615000.0,5.0,2.0,2130,4180,1.5,0,0,5,1270,860,1926,Seattle,6,88,0,88,7.0,0.5094475005979431,1,98116
249000.0,3.0,1.0,1000,19204,1.0,0,0,3,1000,0,1968,Kent,6,46,1,4,4.0,0.05206977349648529,0,98042
396500.0,3.0,1.75,2390,7149,1.0,0,0,3,1350,1040,1955,Seattle,6,59,1,9,4.75,0.33426573426573425,1,98125
405000.0,2.0,1.0,860,2599,1.0,0,0,4,860,0,1901,Seattle,6,113,0,113,3.0,0.33076923076923076,0,98107
560000.0,3.0,2.5,1960,12476,2.0,0,0,4,1960,0,1989,Newcastle,6,25,0,25,5.5,0.15708904384066683,0,98056
459950.0,4.0,2.5,2000,6107,2.0,0,0,3,2000,0,2003,Bothell,6,11,0,11,6.5,0.3274394237066143,0,98011
265000.0,3.0,1.0,1620,9450,1.5,0,0,3,1620,0,1928,Seattle,6,86,1,60,4.0,0.17141043275843826,0,98168
502000.0,6.0,2.5,2890,8122,1.0,0,0,3,1630,1260,1977,Bellevue,6,37,1,10,8.5,0.3557798842792072,1,98008
430000.0,3.0,1.75,1300,12731,1.0,0,0,3,1300,0,1981,Sammamish,6,33,1,1,4.75,0.10210493245366006,0,98074
525000.0,2.0,1.0,1080,3500,1.0,0,3,3,1080,0,1924,Seattle,6,90,1,3,3.0,0.30848329048843187,0,98103
415000.0,4.0,2.5,2170,8518,1.0,0,3,3,1350,820,1955,Seattle,6,59,1,9,6.5,0.25472473294987674,1,98178
600000.0,3.0,2.5,2260,10153,2.0,0,0,3,2260,0,1987,Sammamish,6,27,1,14,5.5,0.22257238526688988,0,98074
225000.0,3.0,1.75,1580,8820,1.0,0,0,4,1580,0,1967,Federal Way,6,47,0,47,4.75,0.17911801383063145,0,98003
300000.0,4.0,2.5,2620,4469,2.0,0,0,3,2620,0,2008,Covington,6,6,0,6,6.5,0.5861297539149888,0,98042
491234.0,4.0,2.5,1540,1860,2.0,0,0,3,1540,0,2014,Issaquah,6,0,0,0,6.5,0.8275120902740463,0,98029
1580000.0,4.0,2.5,4570,74487,2.0,0,4,5,4570,0,1948,Seattle,6,66,1,29,6.5,0.06135216410697025,0,98177
905000.0,4.0,3.25,3440,7661,2.0,0,0,3,3440,0,2006,Issaquah,6,8,0,8,7.25,0.4489689376141999,0,98029
199950.0,5.0,2.5,1740,8750,1.0,0,0,4,1740,0,1959,Des Moines,6,55,0,55,7.5,0.19883441892355158,0,98198
450000.0,4.0,1.75,2160,4333,1.0,0,0,4,1260,900,1942,Seattle,6,72,1,32,5.75,0.49838486386709735,1,98117
899000.0,3.0,1.0,1480,6978,2.0,0,0,4,1480,0,1949,Yarrow Point,6,65,1,29,4.0,0.21206476572574867,0,98004
649000.0,2.0,1.75,2260,280962,2.0,0,2,3,1890,370,2005,Carnation,6,9,0,9,3.75,0.008043763769606674,1,98014
780000.0,4.0,3.5,3910,59863,2.0,0,0,4,2490,1420,1987,Issaquah,6,27,0,27,7.5,0.0653147133502606,1,98027
400000.0,4.0,1.75,1700,20283,1.5,0,0,3,1340,360,1965,Duvall,6,49,1,21,5.75,0.08380989942812068,1,98019
831500.0,5.0,2.5,4470,35124,2.5,0,0,3,4470,0,1984,Woodinville,6,30,0,30,7.5,0.12725978647686834,0,98072
471001.0,3.0,1.75,1800,6000,1.0,0,0,5,900,900,1905,Seattle,6,109,0,109,4.75,0.2999500083319447,1,98103
385000.0,3.0,3.25,1630,1677,3.0,0,0,3,1630,0,2007,Seattle,6,7,0,7,6.25,0.9713945172824792,0,98133
326000.0,3.0,1.0,1030,9834,1.0,0,0,3,1030,0,1969,Woodinville,6,45,1,4,4.0,0.10472801220132182,0,98072
335000.0,1.0,1.0,720,5100,1.0,0,0,3,720,0,1907,Seattle,6,107,1,31,2.0,0.14114879435404823,0,98117
320000.0,4.0,1.5,1890,43560,1.0,0,0,4,1890,0,1974,Auburn,6,40,0,40,5.5,0.04338743371364294,0,98092
300000.0,4.0,2.5,1840,5550,2.0,0,0,3,1840,0,2004,Kent,6,10,1,11,6.5,0.33147180688164296,0,98031
269950.0,4.0,2.5,2540,8400,2.0,0,0,5,2540,0,1977,Kent,6,37,0,37,6.5,0.3023449589334603,0,98032
1220000.0,4.0,3.75,3520,3944,1.5,0,0,5,2200,1320,1913,Seattle,6,101,0,101,7.75,0.8922686945500634,1,98109
590000.0,4.0,2.5,3220,7875,1.5,0,0,4,3220,0,1966,Bellevue,6,48,0,48,6.5,0.40883697308278316,0,98008
750000.0,3.0,2.0,1820,5000,1.5,0,0,4,1720,100,1941,Seattle,6,73,1,16,5.0,0.3639272145570886,1,98116
239950.0,3.0,1.75,1230,9600,1.0,0,0,4,1230,0,1984,Covington,6,30,0,30,4.75,0.12811165503593375,0,98042
215000.0,3.0,2.0,1340,8505,1.0,0,0,3,1340,0,1931,SeaTac,6,83,0,83,5.0,0.15753585704208795,0,98168
165000.0,3.0,1.0,1200,13100,1.0,0,0,3,1200,0,1943,Tukwila,6,71,1,12,4.0,0.09159606136936112,0,98168
261350.0,3.0,1.75,1390,18200,1.0,0,0,4,1390,0,1962,Federal Way,6,52,0,52,4.75,0.0763694302510851,0,98023
569000.0,4.0,2.0,1730,3884,1.0,0,0,5,1060,670,1924,Seattle,6,90,1,58,6.0,0.4453024453024453,1,98103
425000.0,3.0,2.25,1580,39189,1.0,0,0,3,1180,400,1992,Redmond,6,22,0,22,5.25,0.04031640724674662,1,98053
800000.0,4.0,3.0,3520,4895,1.0,0,0,3,1980,1540,1954,Seattle,6,60,1,9,7.0,0.7189542483660131,1,98107
715000.0,4.0,2.5,2650,30500,1.0,0,0,4,1680,970,1960,Issaquah,6,54,1,13,6.5,0.08688239729844924,1,98029
337000.0,3.0,1.75,1310,12750,1.0,0,0,3,1310,0,1993,Renton,6,21,0,21,4.75,0.10273704023213866,0,98059
560000.0,4.0,2.5,2300,7989,2.0,0,0,3,2300,0,1990,Sammamish,6,24,1,5,6.5,0.2878598247809762,0,98074
449500.0,3.0,2.25,1780,7280,1.0,0,2,3,1340,440,1972,Kirkland,6,42,1,12,5.25,0.24447191319873643,1,98034
660000.0,3.0,3.25,1980,2850,3.0,0,0,3,1980,0,1987,Seattle,6,27,1,14,6.25,0.6944931602946335,0,98103
685000.0,2.0,1.5,1300,1676,1.0,0,2,3,1300,0,1943,Seattle,6,71,1,12,3.5,0.7751937984496124,0,98122
905000.0,5.0,3.5,3500,10155,2.0,0,0,3,2570,930,1996,Bellevue,6,18,0,18,8.5,0.3446238676644348,1,98006
403500.0,3.0,1.0,1830,8004,1.0,0,0,3,1200,630,1960,Seattle,6,54,1,2,4.0,0.22860712054965646,1,98125
405000.0,3.0,2.25,1520,1245,3.0,0,0,3,1520,0,2004,Seattle,6,10,1,11,5.25,1.2199036918138042,0,98103
385000.0,4.0,2.75,2700,37011,2.0,0,0,3,2700,0,1984,Kent,6,30,0,30,6.75,0.0729493137360856,0,98042
1700000.0,3.0,2.75,2810,18731,2.0,1,4,4,2810,0,1974,Redmond,6,40,0,40,5.75,0.15001067691650652,0,98052
285000.0,3.0,2.5,1660,6263,2.0,0,0,3,1660,0,2003,Kent,6,11,0,11,5.5,0.26500638569604085,0,98042
249900.0,3.0,2.0,1310,6738,1.0,0,0,4,1310,0,1990,Covington,6,24,0,24,5.0,0.19439085917791957,0,98042
633634.0,4.0,3.5,2960,6000,2.0,0,0,3,2960,0,2014,Snoqualmie,6,0,0,0,7.5,0.49325112481253125,0,98065
329900.0,3.0,2.5,2242,4995,2.0,0,0,3,2242,0,2011,Auburn,6,3,0,3,5.5,0.4487590072057646,0,98092
310000.0,3.0,2.5,2540,4775,2.0,0,0,3,2540,0,2006,Kent,6,8,0,8,5.5,0.5318257956448911,0,98042
345000.0,3.0,1.5,1420,1192,2.0,0,0,3,1140,280,2008,Seattle,6,6,0,6,4.5,1.190276613579212,1,98144
160797.0,3.0,1.5,1270,2356,2.0,0,0,3,1270,0,2012,Seattle,6,2,1,102,4.5,0.5388205345778532,0,98108
562500.0,3.0,2.25,1300,907,2.0,0,0,3,1000,300,2006,Seattle,6,8,0,8,5.25,1.4317180616740088,1,98102
664950.0,5.0,3.0,3190,7081,1.0,0,2,3,1890,1300,2013,Seattle,6,1,1,91,8.0,0.45043772945495625,1,98178
515000.0,5.0,3.25,2910,5027,2.0,0,0,3,2040,870,2013,Seattle,6,1,1,91,8.25,0.5787589498806682,1,98106
497000.0,3.0,2.25,1630,3817,2.0,0,0,3,1630,0,2005,Issaquah,6,9,0,9,5.25,0.42692509167103193,0,98029
312891.0,5.0,3.0,2300,8214,2.0,0,0,3,2300,0,2013,Federal Way,6,1,1,91,8.0,0.27997565429093124,0,98001
670000.0,3.0,2.5,3310,5300,2.0,0,2,3,2440,870,2008,Seattle,6,6,0,6,5.5,0.624410488587059,1,98136
362500.0,2.0,1.5,940,1768,2.0,0,0,3,940,0,2009,Seattle,6,5,0,5,3.5,0.5313736574335783,0,98144
402101.0,2.0,0.75,1020,1350,2.0,0,0,3,1020,0,2009,Seattle,6,5,0,5,2.75,0.7549962990377498,0,98144
438000.0,3.0,1.75,1520,6380,1.0,0,0,3,790,730,1948,Seattle,6,66,1,20,4.75,0.23820717755837642,1,98115
687500.0,4.0,1.75,2330,5000,1.5,0,0,4,1510,820,1929,Seattle,6,85,0,85,5.75,0.46590681863627276,1,98117
160000.0,3.0,1.5,1010,9600,1.0,0,0,4,1010,0,1962,Des Moines,6,52,0,52,4.5,0.10519737527340901,0,98198
415000.0,3.0,1.75,1070,8000,1.0,0,0,3,1070,0,1977,Redmond,6,37,1,10,4.75,0.13373328333958256,0,98052
405000.0,3.0,2.5,3170,12750,2.0,0,0,3,2360,810,1995,Federal Way,6,19,0,19,5.5,0.2486079523174653,1,98023
880000.0,4.0,2.5,3030,3841,3.0,0,0,3,3030,0,2005,Seattle,6,9,0,9,6.5,0.7886517438833941,0,98117
585000.0,3.0,2.5,2270,100545,2.0,0,0,3,2270,0,1998,Vashon,6,16,1,8,5.5,0.022576731048475324,0,98070
640000.0,4.0,2.5,2341,9594,2.0,0,0,3,2341,0,1997,Redmond,6,17,0,17,6.5,0.24398124022928608,0,98052
819000.0,3.0,3.5,2130,6150,2.0,0,2,5,1530,600,1908,Seattle,6,106,0,106,6.5,0.34628515688505934,1,98199
520000.0,3.0,1.75,2300,35722,1.0,0,0,3,2300,0,1984,Woodinville,6,30,0,30,4.75,0.06438429023318311,0,98072
367500.0,3.0,1.0,1660,11783,1.0,0,0,4,1160,500,1978,Woodinville,6,36,1,14,4.0,0.14086897488119485,1,98077
762500.0,4.0,2.75,2610,8760,1.0,0,0,4,1760,850,1978,Mercer Island,6,36,1,14,6.75,0.29791119735190047,1,98040
300000.0,3.0,1.0,2150,7007,1.0,0,0,3,2150,0,1954,Shoreline,6,60,1,9,4.0,0.3067922374429224,0,98177
625000.0,3.0,2.5,2410,64073,1.0,0,0,4,1820,590,1976,Woodinville,6,38,1,22,5.5,0.037612760245965604,1,98072
530000.0,2.0,1.5,1580,3680,1.0,0,2,3,1280,300,1941,Seattle,6,73,1,20,3.5,0.42923118717739744,1,98126
379000.0,3.0,2.5,1740,30886,2.0,0,0,3,1740,0,1992,North Bend,6,22,0,22,5.5,0.05633438015993784,0,98045
615000.0,2.0,1.0,1270,5000,1.0,0,0,3,1090,180,1949,Seattle,6,65,1,16,3.0,0.2539492101579684,1,98117
660000.0,2.0,2.25,2550,6000,2.0,0,0,5,1860,690,1902,Seattle,6,112,0,112,4.25,0.42492917847025496,1,98115
380000.0,3.0,2.25,1860,15559,2.0,0,0,4,1860,0,1963,Enumclaw,6,51,0,51,5.25,0.11953727506426735,0,98022
314900.0,4.0,1.75,2700,27072,1.0,0,0,3,1380,1320,1958,Federal Way,6,56,1,10,5.75,0.09973035865991947,1,98003
324950.0,3.0,1.5,1460,8710,1.0,0,0,3,1460,0,1955,Burien,6,59,1,9,4.5,0.16760417862472735,0,98166
225000.0,3.0,1.75,1330,13102,1.0,0,0,3,1330,0,1968,Federal Way,6,46,1,17,4.75,0.10150347248721667,0,98003
535000.0,3.0,2.5,2070,4132,2.0,0,0,3,2070,0,1999,Sammamish,6,15,0,15,5.5,0.5008468424872974,0,98074
348500.0,3.0,1.5,1360,10726,1.0,0,0,4,1360,0,1966,Renton,6,48,0,48,4.5,0.12678288431061807,0,98059
725000.0,4.0,2.5,2650,18295,2.0,0,0,3,2650,0,1986,Bellevue,6,28,0,28,6.5,0.14484040227372103,0,98005
925000.0,4.0,3.0,3580,35261,1.5,0,0,3,3580,0,1985,Woodinville,6,29,0,29,7.0,0.10152572174011684,0,98072
549000.0,2.0,1.0,2034,13392,1.0,1,4,5,1159,875,1947,Vashon,6,67,0,67,3.0,0.15187038004927947,1,98070
400000.0,3.0,2.0,1230,11413,1.0,0,0,3,990,240,1984,Sammamish,6,30,0,30,5.0,0.10776239705624671,1,98074
620000.0,4.0,2.5,2450,55387,2.0,0,0,3,2450,0,1994,Redmond,6,20,0,20,6.5,0.04423340795840254,0,98053
665000.0,6.0,2.75,2840,8346,1.0,0,0,5,1420,1420,1961,Seattle,6,53,0,53,8.75,0.34024200311489156,1,98118
1215000.0,4.0,3.75,3820,53574,1.0,0,0,3,3820,0,1994,Woodinville,6,20,0,20,7.75,0.07130191320578629,0,98072
1157400.0,3.0,2.5,2740,5925,2.0,0,2,3,2740,0,1913,Seattle,6,101,1,22,5.5,0.4623692203847452,0,98112
349950.0,4.0,2.5,2090,5289,2.0,0,0,3,2090,0,1989,Renton,6,25,0,25,6.5,0.3950850661625709,0,98058
2466350.0,5.0,4.75,6390,13180,2.0,0,0,3,4560,1830,1940,Seattle,6,74,1,18,9.75,0.48478871102344284,1,98112
339000.0,4.0,2.0,2470,5080,1.5,0,0,3,1970,500,1948,Seattle,6,66,1,26,6.0,0.48612477858689235,1,98106
615000.0,3.0,1.75,1720,4080,1.0,0,0,4,960,760,1924,Seattle,6,90,0,90,4.75,0.4214653271257045,1,98144
751000.0,4.0,3.25,3090,9571,2.0,0,0,3,2370,720,2004,Redmond,6,10,1,11,7.25,0.32281654826577516,1,98052
941000.0,4.0,1.75,2320,3825,1.5,0,0,5,1820,500,1926,Seattle,6,88,0,88,5.75,0.6063774176685833,1,98105
600000.0,4.0,1.75,1740,7700,1.0,0,0,5,1740,0,1968,Bellevue,6,46,0,46,5.75,0.2259446825087651,0,98008
455000.0,4.0,2.5,2950,4502,2.0,0,0,3,2950,0,2005,Renton,6,9,0,9,6.5,0.655118809682434,0,98059
1295648.0,0.0,0.0,4810,28008,2.0,0,0,3,4810,0,1990,Redmond,6,24,1,5,0.0,0.17173051519154559,0,98053
485000.0,3.0,2.5,1500,5412,1.0,0,0,5,900,600,1920,Seattle,6,94,0,94,5.5,0.27711065952336966,1,98136
358000.0,3.0,1.5,1810,100188,1.0,0,0,5,1810,0,1969,Enumclaw,6,45,0,45,4.5,0.01806585553304255,0,98022
339000.0,3.0,1.0,1100,4128,1.0,0,0,4,720,380,1942,Seattle,6,72,1,32,4.0,0.2664083313150884,1,98126
258000.0,3.0,1.0,1490,7435,1.0,0,0,3,1120,370,1969,Des Moines,6,45,1,4,4.0,0.2003765465303927,1,98198
455000.0,2.0,1.5,1200,1259,2.0,0,0,3,1000,200,2013,Seattle,6,1,1,91,3.5,0.9523809523809523,1,98144
437000.0,4.0,2.5,1890,8505,1.0,0,0,3,1290,600,1980,Redmond,6,34,0,34,6.5,0.22219609687279568,1,98052
689000.0,3.0,1.75,2200,9840,1.0,0,0,5,1500,700,1978,Bellevue,6,36,0,36,4.75,0.2235545168173966,1,98006
319000.0,4.0,2.5,2510,7992,1.0,0,0,3,1610,900,1978,Kent,6,36,0,36,6.5,0.3140247716752158,1,98032
510000.0,3.0,2.25,1420,1309,3.0,0,0,3,1420,0,2006,Seattle,6,8,0,8,5.25,1.083969465648855,0,98103
440000.0,3.0,1.75,2000,9900,1.0,0,2,4,1480,520,1957,Normandy Park,6,57,1,13,4.75,0.201999798000202,1,98166
1010000.0,2.0,2.0,1460,9052,1.0,0,2,5,1460,0,1900,Kirkland,6,114,0,114,4.0,0.16127250635148568,0,98033
875000.0,4.0,2.5,3220,22588,2.0,0,0,3,3220,0,1996,Woodinville,6,18,0,18,6.5,0.14254725751471956,0,98077
304000.0,4.0,2.0,1310,8454,1.0,0,0,4,1310,0,1953,Shoreline,6,61,1,31,6.0,0.15493790656416323,0,98155
139000.0,2.0,1.0,690,5280,1.0,0,0,4,690,0,1942,Renton,6,72,1,32,3.0,0.13065707252414316,0,98056
464500.0,3.0,1.75,1150,10466,1.0,0,0,5,1150,0,1959,Bellevue,6,55,0,55,4.75,0.10986911244864814,0,98006
336500.0,3.0,1.0,1480,7284,1.0,0,0,3,970,510,1963,Shoreline,6,51,1,6,4.0,0.20315717227179136,1,98133
230000.0,4.0,1.75,1850,6000,1.0,0,0,4,1270,580,1944,Seattle,6,70,0,70,5.75,0.308281953007832,1,98178
425000.0,3.0,2.5,1930,4500,2.0,0,0,3,1930,0,1990,Issaquah,6,24,1,5,5.5,0.42879360142190626,0,98029
300000.0,2.0,1.0,750,5120,1.0,0,0,4,750,0,1941,Seattle,6,73,1,16,3.0,0.14645577035735208,0,98126
457500.0,3.0,2.25,1430,2003,2.0,0,0,3,980,450,1996,Seattle,6,18,0,18,5.25,0.7135728542914171,1,98144
366000.0,3.0,1.75,1840,11440,1.0,0,0,4,1340,500,1977,Renton,6,37,0,37,4.75,0.16082510270081288,1,98059
502000.0,3.0,2.0,1300,14350,1.0,0,0,3,1300,0,1955,Bellevue,6,59,1,1,5.0,0.09058602188000836,0,98006
194000.0,3.0,1.0,1050,7577,1.0,0,0,3,1050,0,1983,Federal Way,6,31,1,5,4.0,0.13855898653998416,0,98023
305000.0,4.0,2.25,2210,9371,2.0,0,0,4,2210,0,1968,Kent,6,46,0,46,6.25,0.23580879214682032,0,98032
1250000.0,4.0,2.5,3220,15600,1.0,0,0,5,1680,1540,1973,Bellevue,6,41,0,41,6.5,0.20639702583167746,1,98006
575000.0,4.0,2.5,4620,20793,2.0,0,0,4,4620,0,1991,Federal Way,6,23,0,23,6.5,0.222179474848514,0,98023
343500.0,4.0,1.75,1760,6204,1.0,0,2,4,1180,580,1950,Seattle,6,64,1,31,5.75,0.28364222401289285,1,98178
325000.0,3.0,1.0,850,6906,1.0,0,0,3,850,0,1948,Shoreline,6,66,1,20,4.0,0.12306355870855654,0,98155
600000.0,4.0,3.25,4690,14930,2.0,0,2,3,3680,1010,1995,Lake Forest Park,6,19,0,19,7.25,0.3141115799343647,1,98155
850000.0,4.0,3.5,3920,37122,2.0,0,0,3,3920,0,1996,Redmond,6,18,0,18,7.5,0.10559491420413221,0,98053
420000.0,3.0,2.5,2140,3821,2.0,0,0,3,2140,0,2005,Issaquah,6,9,0,9,5.5,0.5599162742019885,0,98029
257500.0,2.0,2.0,1180,9265,1.0,0,0,3,1180,0,1940,Seattle,6,74,1,18,4.0,0.12734729117202676,0,98125
317000.0,5.0,2.5,2360,11375,1.0,0,0,4,1180,1180,1962,Seattle,6,52,0,52,7.5,0.20745428973277075,1,98178
970000.0,3.0,2.25,3060,9950,1.5,0,2,4,1810,1250,1930,Seattle,6,84,0,84,5.25,0.30750678323786557,1,98144
252000.0,3.0,2.25,1670,7881,1.0,0,0,4,1190,480,1977,Kent,6,37,0,37,5.25,0.21187515858919057,1,98031
683500.0,3.0,1.5,1820,5756,1.5,0,0,3,1640,180,1946,Seattle,6,68,0,68,4.5,0.3161368768455793,1,98119
289000.0,3.0,2.5,1970,9607,2.0,0,0,3,1090,880,1988,Auburn,6,26,1,14,5.5,0.20503746877601997,1,98001
355000.0,2.0,2.25,930,747,2.0,0,0,3,630,300,2007,Seattle,6,7,0,7,4.25,1.2433155080213905,1,98144
675000.0,3.0,3.5,2300,5611,1.0,0,0,3,2300,0,2004,Redmond,6,10,1,11,6.5,0.4098360655737705,0,98053
396500.0,3.0,2.5,2590,18980,1.0,0,0,4,2590,0,1976,Kent,6,38,1,22,5.5,0.1364522417153996,0,98042
362500.0,4.0,1.75,1450,8450,1.0,0,0,3,1450,0,1960,Issaquah,6,54,1,2,5.75,0.1715773281268489,0,98027
395000.0,4.0,1.75,1540,5120,1.0,0,0,5,770,770,1943,Seattle,6,71,0,71,5.75,0.3007225151337629,1,98126
599000.0,5.0,2.75,2730,22572,1.0,0,0,3,2080,650,1968,Sammamish,6,46,1,22,7.75,0.1209409471492491,1,98075
218000.0,3.0,1.0,880,18205,1.0,0,0,4,880,0,1945,Seattle,6,69,0,69,4.0,0.04833571350104361,0,98178
589950.0,4.0,2.5,3190,8195,2.0,0,0,3,3190,0,2006,Maple Valley,6,8,0,8,6.5,0.3892142508540752,0,98038
218000.0,3.0,1.5,1330,7600,1.0,0,0,4,1330,0,1968,Federal Way,6,46,0,46,4.5,0.1749769767135903,0,98023
360000.0,3.0,1.75,1500,7200,1.0,0,0,3,1500,0,1957,Shoreline,6,57,1,14,4.75,0.20830440216636578,0,98133
350000.0,2.0,1.0,740,7680,1.0,0,0,4,740,0,1922,Seattle,6,92,0,92,3.0,0.09634162218461138,0,98126
350000.0,4.0,3.0,2560,5606,2.0,0,0,3,2560,0,2004,Auburn,6,10,1,11,7.0,0.4565721419654004,0,98092
845000.0,3.0,2.0,2540,4750,1.5,0,0,5,1840,700,1930,Seattle,6,84,0,84,5.0,0.5346242896232372,1,98117
839000.0,3.0,2.5,3200,203425,1.0,0,0,3,3200,0,2000,Woodinville,6,14,0,14,5.5,0.015730535919695615,0,98077
850000.0,4.0,3.0,3330,4000,1.0,0,0,3,1790,1540,1958,Seattle,6,56,1,10,7.0,0.8322919270182454,1,98103
329950.0,2.0,1.0,900,5220,1.0,0,0,4,900,0,1956,Seattle,6,58,0,58,3.0,0.1723807699674392,0,98146
425000.0,4.0,1.5,1600,6180,1.5,0,0,3,1600,0,1946,Seattle,6,68,0,68,5.5,0.25885779000161785,0,98118
210000.0,2.0,1.0,970,5500,1.0,0,0,3,970,0,1956,Seattle,6,58,1,13,3.0,0.1763315760770769,0,98118
631500.0,2.0,1.0,1130,2640,1.0,0,0,4,1130,0,1927,Seattle,6,87,0,87,3.0,0.42786823173040517,0,98109
295000.0,2.0,1.0,650,5400,1.0,0,0,3,650,0,1950,Seattle,6,64,1,9,3.0,0.12034808368820589,0,98122
575000.0,3.0,2.25,2400,5000,1.5,0,0,4,1440,960,1926,Seattle,6,88,1,21,5.25,0.47990401919616077,1,98117
415000.0,3.0,2.5,2280,6031,2.0,0,0,3,2280,0,2011,Duvall,6,3,0,3,5.5,0.3779840848806366,0,98019
859000.0,4.0,2.25,3550,13900,1.0,0,0,3,1830,1720,2010,Bellevue,6,4,0,4,6.25,0.25537731098482125,1,98006
639888.0,4.0,2.5,2050,2772,2.0,0,0,3,2050,0,2012,Issaquah,6,2,1,102,6.5,0.7392715470609448,0,98029
329445.0,2.0,1.5,830,1119,2.0,0,0,3,830,0,2005,Seattle,6,9,0,9,3.5,0.7410714285714286,0,98144
745641.0,4.0,2.5,2440,4850,2.0,0,0,3,2440,0,2013,Redmond,6,1,1,91,6.5,0.5029890744176458,0,98052
395000.0,3.0,2.5,1600,1936,2.0,0,0,3,1600,0,2007,Seattle,6,7,0,7,5.5,0.8260196179659267,0,98108
790000.0,4.0,3.5,3190,31450,2.0,0,0,3,3190,0,2010,Issaquah,6,4,0,4,7.5,0.10142761756382945,0,98027
890000.0,4.0,1.0,2550,4000,2.0,0,0,3,2370,180,1905,Seattle,6,109,1,4,5.0,0.6373406648337916,1,98109
400000.0,3.0,2.5,2180,7508,1.0,0,0,4,1420,760,1962,Shoreline,6,52,0,52,5.5,0.29031828472499666,1,98133
365500.0,3.0,2.0,1410,9600,1.0,0,0,4,1410,0,1983,Woodinville,6,31,0,31,5.0,0.14685970211436308,0,98072
245000.0,3.0,2.0,1410,5760,1.0,0,0,3,1410,0,1985,Kent,6,29,0,29,5.0,0.24474917549036626,0,98030
390000.0,4.0,2.5,2340,8548,2.0,0,0,3,2340,0,1993,Kent,6,21,0,21,6.5,0.2737162241197801,0,98031
196500.0,3.0,1.0,1320,9000,1.0,0,0,3,1320,0,1966,Auburn,6,48,1,51,4.0,0.1466503721808688,0,98001
1200000.0,4.0,1.75,3990,13470,2.0,0,0,3,3990,0,2006,Newcastle,6,8,0,8,5.75,0.29619181946403383,0,98059
276900.0,3.0,1.0,1270,7566,1.0,0,0,4,1270,0,1958,Renton,6,56,1,42,4.0,0.16783401612263776,0,98056
995000.0,3.0,4.5,4380,47044,2.0,1,3,3,3720,660,1968,Burien,6,46,1,24,7.5,0.09310234881496439,1,98166
2300000.0,4.0,3.25,4250,8570,2.0,0,0,3,4250,0,2004,Bellevue,6,10,1,11,7.25,0.4958581262396453,0,98004
505000.0,3.0,2.5,1860,8060,2.0,0,0,4,1860,0,1987,Issaquah,6,27,0,27,5.5,0.23074060290286566,0,98029
1229000.0,4.0,3.5,3770,37034,2.0,0,0,3,2830,940,1989,Bellevue,6,25,0,25,7.5,0.10179559875793169,1,98007
352000.0,4.0,1.0,1530,8890,1.0,0,0,3,980,550,1925,Seattle,6,89,1,12,5.0,0.17208413001912046,1,98106
597326.0,4.0,4.0,3570,8250,2.0,0,0,3,2860,710,2013,Mercer Island,6,1,1,91,8.0,0.43267482729366136,1,98040
800000.0,2.0,1.0,1740,5719,1.0,0,0,3,1740,0,1955,Seattle,6,59,1,9,3.0,0.3041958041958042,0,98103
270000.0,3.0,2.5,1670,8364,1.0,0,0,4,1300,370,1990,Covington,6,24,0,24,5.5,0.19964136282127914,1,98042
235000.0,4.0,2.0,1570,9415,2.0,0,0,4,1570,0,1984,Auburn,6,30,0,30,6.0,0.1667374681393373,0,98092
409900.0,2.0,2.5,1590,1845,2.0,0,0,3,1590,0,1997,Kirkland,6,17,0,17,4.5,0.8613217768147345,0,98033
739900.0,5.0,2.5,2980,5377,2.0,0,0,3,2980,0,2006,Redmond,6,8,0,8,7.5,0.5541093343250278,0,98052
608000.0,4.0,2.5,2690,4736,2.0,0,0,3,2690,0,2001,Redmond,6,13,0,13,6.5,0.5678699598902259,0,98053
381500.0,2.0,1.0,900,2910,1.0,0,0,5,900,0,1924,Seattle,6,90,1,58,3.0,0.3091721058055651,0,98115
562100.0,2.0,0.75,1440,3700,1.0,0,0,3,1200,240,1914,Seattle,6,100,1,18,2.75,0.3890840313428803,1,98107
740000.0,4.0,2.5,3000,10392,2.0,0,0,3,3000,0,1995,Issaquah,6,19,0,19,6.5,0.2886558260367555,0,98027
308000.0,3.0,1.0,1640,18144,1.5,0,0,3,1640,0,1942,Seattle,6,72,1,15,4.0,0.09038302562689446,0,98168
905000.0,5.0,3.5,3100,10200,1.0,0,4,3,1660,1440,1970,Bellevue,6,44,1,0,8.5,0.3038917753161455,1,98008
762000.0,4.0,3.5,4000,15253,2.0,0,0,3,4000,0,2007,Snoqualmie,6,7,0,7,7.5,0.2622263012980202,0,98065
356000.0,4.0,2.0,2020,48693,1.5,0,0,3,2020,0,1949,North Bend,6,65,1,16,6.0,0.0414835503347435,0,98045
750000.0,3.0,1.5,1840,5000,1.5,0,0,5,1340,500,1915,Seattle,6,99,0,99,4.5,0.3679264147170566,1,98107
418800.0,4.0,2.25,2100,9984,1.0,0,0,4,1290,810,1973,Kenmore,6,41,0,41,6.25,0.21031547320981472,1,98028
276000.0,4.0,2.25,2460,11250,1.0,0,0,4,2460,0,1959,Auburn,6,55,0,55,6.25,0.2186472313572127,0,98002
725000.0,3.0,2.5,2610,7510,2.0,0,0,3,2610,0,1996,Redmond,6,18,0,18,5.5,0.3474903474903475,0,98052
285000.0,3.0,2.0,1460,6377,1.0,0,0,3,1460,0,1995,Maple Valley,6,19,0,19,5.0,0.22891188460332393,0,98038
205000.0,3.0,1.0,1050,8498,1.0,0,0,3,1050,0,1958,Kent,6,56,1,10,4.0,0.12354394634662902,0,98031
583000.0,3.0,2.5,1790,8144,2.0,0,0,3,1790,0,1989,Sammamish,6,25,0,25,5.5,0.21976672805402087,0,98074
657000.0,4.0,2.5,2180,3375,1.5,0,0,4,1420,760,1926,Seattle,6,88,1,21,6.5,0.6457345971563981,1,98117
386000.0,4.0,2.25,2050,9583,2.0,0,2,3,1770,280,1965,Des Moines,6,49,1,21,6.25,0.21389816360601002,1,98198
589950.0,5.0,3.0,2790,19439,1.0,0,3,5,1500,1290,1973,Renton,6,41,0,41,8.0,0.14351851851851852,1,98058
575000.0,3.0,2.25,1700,3333,1.5,0,0,3,1100,600,1924,Seattle,6,90,1,3,5.25,0.5098980203959208,1,98117
574000.0,3.0,2.5,2380,6832,2.0,0,0,3,2380,0,2002,Snoqualmie,6,12,0,12,5.5,0.3483096736426167,0,98065
690500.0,5.0,2.0,2000,4211,1.5,0,2,4,1280,720,1908,Seattle,6,106,0,106,7.0,0.4748338081671415,1,98112
565000.0,2.0,1.75,1670,4008,1.0,0,0,3,1670,0,2005,Issaquah,6,9,0,9,3.75,0.4165627338488401,0,98029
500000.0,3.0,1.5,1190,4750,1.0,0,0,3,970,220,1940,Seattle,6,74,1,18,4.5,0.2504735845085245,1,98107
330000.0,6.0,2.25,3040,28535,1.0,0,0,3,1890,1150,1951,Kent,6,63,1,20,8.25,0.10653209980375666,1,98030
286000.0,2.0,1.0,780,3475,1.0,0,0,4,780,0,1930,North Bend,6,84,0,84,3.0,0.2243958573072497,0,98045
450000.0,3.0,1.5,2330,11740,1.0,0,0,3,1330,1000,1954,Lake Forest Park,6,60,1,9,4.5,0.1984498765011498,1,98155
870000.0,4.0,2.75,2840,4000,1.5,0,0,5,1960,880,1912,Seattle,6,102,0,102,6.75,0.709822544363909,1,98144
725000.0,4.0,2.5,2490,5170,2.0,0,0,4,2490,0,2000,Redmond,6,14,0,14,6.5,0.48153161864242894,0,98052
275000.0,2.0,1.0,770,4840,1.0,0,0,4,770,0,1927,Seattle,6,87,0,87,3.0,0.15905804585829375,0,98126
645000.0,3.0,2.75,1850,16960,1.0,0,2,4,1850,0,1953,Seattle,6,61,1,31,5.75,0.10907375744354696,0,98177
152000.0,3.0,1.0,1090,3264,1.0,0,0,4,1090,0,1969,Auburn,6,45,0,45,4.0,0.333843797856049,0,98092
315000.0,4.0,2.0,1780,5336,1.5,0,0,5,930,850,1918,Seattle,6,96,0,96,6.0,0.33352070451564547,1,98178
190000.0,1.0,0.75,930,29258,1.0,0,0,3,930,0,1941,Seattle,6,73,1,20,1.75,0.03178509176663591,0,98178
700000.0,4.0,2.5,2770,5686,2.0,0,0,3,2770,0,2004,Sammamish,6,10,1,11,6.5,0.4870757868823633,0,98075
233000.0,3.0,1.0,1250,6180,1.5,0,0,3,1250,0,1955,Shoreline,6,59,1,9,4.0,0.20223264843876396,0,98155
249000.0,4.0,2.25,1830,6136,2.0,0,0,3,1830,0,1990,Kent,6,24,1,5,6.25,0.2981912986801369,0,98030
310000.0,2.0,1.0,870,5400,1.0,0,0,3,870,0,1950,Seattle,6,64,1,7,3.0,0.16108128124421403,0,98126
265950.0,3.0,1.5,1150,8450,1.0,0,0,4,1150,0,1951,Seattle,6,63,1,15,4.5,0.13607857058336292,0,98178
860000.0,5.0,3.25,4500,9648,2.0,0,4,4,3000,1500,1968,Seattle,6,46,0,46,8.25,0.46636957197637063,1,98125
200000.0,3.0,1.0,1150,4800,1.5,0,0,4,1150,0,1938,Auburn,6,76,0,76,4.0,0.23953343053530515,0,98002
402000.0,4.0,2.25,2000,3672,2.0,0,0,5,1650,350,1926,Seattle,6,88,0,88,6.25,0.5445140212360469,1,98117
305000.0,6.0,2.0,1900,8240,1.0,0,0,2,1200,700,1964,Seattle,6,50,0,50,8.0,0.23055454435141368,1,98125
505000.0,3.0,1.75,1640,10695,1.0,0,2,3,1640,0,1975,Kirkland,6,39,0,39,4.75,0.15332834704562454,0,98034
1355000.0,3.0,1.5,2680,4775,2.0,0,2,5,1880,800,1913,Seattle,6,101,0,101,4.5,0.5611390284757118,1,98109
482000.0,3.0,2.5,2420,7307,2.0,0,0,3,2420,0,1998,Snoqualmie,6,16,1,8,5.5,0.331143951833607,0,98065
299950.0,3.0,1.75,1790,7650,1.0,0,3,3,1790,0,1978,Federal Way,6,36,0,36,4.75,0.23395634557574174,0,98023
770000.0,4.0,2.5,3920,12415,2.0,0,0,3,3920,0,1997,Sammamish,6,17,0,17,6.5,0.31572164948453607,0,98075
245700.0,3.0,2.25,1640,8400,1.0,0,0,3,1180,460,1968,Kent,6,46,1,17,5.25,0.1952148553743602,1,98032
283000.0,3.0,1.0,890,8400,1.0,0,0,4,890,0,1954,Renton,6,60,1,35,4.0,0.1059397690751101,0,98056
650000.0,4.0,2.75,1910,16532,1.0,0,0,4,1420,490,1940,Seattle,6,74,1,13,6.75,0.11552652271215146,1,98117
530000.0,5.0,2.25,2140,7910,1.0,0,0,3,1070,1070,1962,Bellevue,6,52,1,11,7.25,0.27050941726709643,1,98007
440000.0,3.0,1.75,2030,17100,1.0,0,0,4,2030,0,1953,Burien,6,61,1,31,4.75,0.11870650839132214,0,98166
1005000.0,4.0,4.5,4225,284011,2.0,0,0,4,4225,0,1985,Sammamish,6,29,0,29,8.5,0.01487613199442277,0,98074
599990.0,3.0,2.25,2680,9162,1.0,0,0,3,1570,1110,1978,Issaquah,6,36,0,36,5.25,0.2924806286150824,1,98027
544000.0,4.0,2.5,2030,3974,2.0,0,0,3,2030,0,1994,Issaquah,6,20,0,20,6.5,0.5106918238993711,0,98029
1700000.0,5.0,3.5,5850,22885,2.0,0,2,4,4670,1180,1978,Bellevue,6,36,1,14,8.5,0.25561478633225554,1,98004
270000.0,2.0,1.0,2060,8398,1.0,0,0,3,1260,800,1962,Seattle,6,52,1,11,3.0,0.2452672937254435,1,98168
435000.0,2.0,1.0,1060,3036,1.5,0,0,4,1060,0,1943,Seattle,6,71,0,71,3.0,0.3490286466908133,0,98105
349000.0,3.0,1.0,1010,8184,1.0,0,0,4,1010,0,1947,Shoreline,6,67,1,26,4.0,0.12339645693341478,0,98155
1140000.0,4.0,2.25,3310,127631,2.0,0,0,5,3310,0,1924,Woodinville,6,90,1,58,6.25,0.025933935063307007,0,98072
320000.0,4.0,2.5,2000,10051,2.0,0,0,3,2000,0,1997,Maple Valley,6,17,0,17,6.5,0.19896538002387584,0,98038
804100.0,4.0,2.5,3070,8086,2.0,0,0,3,3070,0,2005,Newcastle,6,9,0,9,6.5,0.3796216149375541,0,98059
594000.0,3.0,2.25,1270,1406,2.0,0,0,3,1060,210,2014,Seattle,6,0,0,0,5.25,0.9026297085998578,1,98105
531500.0,4.0,2.75,3110,49765,1.0,0,0,4,3110,0,1958,Black Diamond,6,56,1,42,6.75,0.06249246473495961,0,98010
1150000.0,3.0,2.0,2110,18815,2.0,0,0,5,2110,0,1979,Sammamish,6,35,0,35,5.0,0.11213860544217687,0,98075
374500.0,3.0,2.25,1400,11400,2.0,0,0,3,1400,0,1984,Kenmore,6,30,0,30,5.25,0.12279624594333831,0,98028
450000.0,4.0,2.75,2310,5650,1.0,0,2,3,1330,980,1952,Seattle,6,62,1,2,6.75,0.40877720757388075,1,98118
744500.0,5.0,2.5,2700,16570,1.0,0,0,4,1750,950,1967,Bellevue,6,47,0,47,7.5,0.16293524832538772,1,98005
913888.0,5.0,2.25,2370,15512,2.0,0,0,4,2370,0,1981,Bellevue,6,33,0,33,7.25,0.15277509185844132,0,98006
760000.0,4.0,2.5,2760,6000,2.0,0,0,5,2230,530,1942,Seattle,6,72,0,72,6.5,0.45992334610898183,1,98115
346500.0,2.0,1.75,1610,6300,1.0,0,0,3,1010,600,1941,Seattle,6,73,1,20,3.75,0.2555149976194255,1,98108
280000.0,3.0,1.75,1230,8250,1.0,0,0,3,1230,0,1966,Renton,6,48,1,51,4.75,0.1490728396557993,0,98058
557500.0,3.0,1.75,1900,11165,1.0,0,0,4,1900,0,1959,Bellevue,6,55,0,55,4.75,0.17015941250223893,0,98008
260000.0,3.0,1.5,1580,8184,1.0,0,0,3,1140,440,1954,Des Moines,6,60,1,9,4.5,0.19303604153940135,1,98148
1330000.0,3.0,1.5,1940,2885,1.5,0,2,3,1940,0,1900,Seattle,6,114,1,9,4.5,0.6722106722106722,0,98119
640000.0,3.0,1.75,1620,6000,1.0,0,0,5,1040,580,1947,Seattle,6,67,0,67,4.75,0.26995500749875023,1,98103
280000.0,7.0,2.5,1940,5458,2.0,0,0,3,1940,0,1994,Auburn,6,20,0,20,9.5,0.3553764425718996,0,98092
205000.0,3.0,1.0,1230,8750,1.0,0,0,3,1230,0,1965,Federal Way,6,49,1,21,4.0,0.14055536510113129,0,98003
957000.0,5.0,3.25,3160,5000,2.0,0,2,3,2180,980,2005,Seattle,6,9,0,9,8.25,0.6318736252749451,1,98199
625000.0,5.0,2.5,2700,21208,1.0,0,0,4,1950,750,1955,Bellevue,6,59,1,5,7.5,0.12730444622565892,1,98005
680000.0,4.0,1.5,1880,6200,1.0,0,2,5,1440,440,1954,Seattle,6,60,0,60,5.5,0.3031769069504919,1,98146
150000.0,2.0,1.0,890,8100,1.0,0,0,3,890,0,1942,Burien,6,72,1,15,3.0,0.10986297987902728,0,98146
255950.0,3.0,2.5,1720,3676,2.0,0,0,3,1720,0,1992,Kent,6,22,0,22,5.5,0.46777264073973346,0,98031
246500.0,3.0,2.5,1620,7686,2.0,0,0,3,1620,0,1989,Maple Valley,6,25,0,25,5.5,0.21074541433589178,0,98038
450000.0,2.0,1.0,1380,4390,1.0,0,0,4,880,500,1931,Seattle,6,83,0,83,3.0,0.31427920746982463,1,98115
595888.0,3.0,1.75,1870,9000,1.0,0,0,5,1870,0,1958,Seattle,6,56,0,56,4.75,0.20775469392289744,0,98177
454000.0,3.0,1.0,1970,22144,1.0,0,0,4,1970,0,1970,Snoqualmie,6,44,0,44,4.0,0.08895913298713028,0,98065
299900.0,3.0,1.0,1110,8593,1.0,0,0,3,1110,0,1979,Shoreline,6,35,1,0,4.0,0.12915987898533862,0,98155
200000.0,3.0,2.0,1190,6833,1.0,0,0,3,1190,0,1995,Auburn,6,19,0,19,5.0,0.17412935323383086,0,98092
346500.0,3.0,1.0,1150,11802,1.0,0,0,4,1150,0,1932,Seattle,6,82,1,56,4.0,0.09743285605354571,0,98106
585000.0,4.0,2.75,2890,6825,1.0,0,0,3,1560,1330,1973,Kirkland,6,41,1,1,6.75,0.4233811895692939,1,98034
383000.0,3.0,1.75,1500,13430,1.0,0,0,3,1500,0,1977,Woodinville,6,37,1,10,4.75,0.11168192986374804,0,98072
519000.0,4.0,2.5,1950,2617,1.5,0,0,4,1250,700,1910,Seattle,6,104,0,104,6.5,0.7448433919022154,1,98107
410000.0,3.0,1.5,1250,7700,1.0,0,0,5,1250,0,1968,Newcastle,6,46,0,46,4.5,0.1623165822620439,0,98056
578000.0,4.0,2.5,2070,5415,2.0,0,0,3,2070,0,1996,Issaquah,6,18,0,18,6.5,0.38220088626292464,0,98029
1280000.0,4.0,3.5,4660,17398,2.0,0,2,3,4660,0,2003,Bellevue,6,11,0,11,7.5,0.26783148456807865,0,98006
395000.0,2.0,2.25,1350,1493,2.0,0,0,3,1050,300,2007,Seattle,6,7,0,7,4.25,0.9036144578313253,1,98136
364000.0,3.0,2.5,1800,2790,2.0,0,0,3,1800,0,2011,Seattle,6,3,0,3,5.5,0.6449301325689717,0,98126
240000.0,3.0,2.25,1481,2820,2.0,0,0,3,1481,0,2012,Auburn,6,2,1,102,5.25,0.5249911378943637,0,98002
328423.0,3.0,2.5,1730,3600,2.0,0,0,3,1730,0,2014,Seattle,6,0,0,0,5.5,0.4804221049708414,0,98146
594000.0,4.0,2.75,2720,4613,2.0,0,0,3,2720,0,2005,Kenmore,6,9,0,9,6.75,0.5895101863892501,0,98028
425000.0,3.0,2.5,2320,2267,3.0,0,0,3,2320,0,2009,Seattle,6,5,0,5,5.5,1.0229276895943562,0,98177
309620.0,3.0,2.5,1860,3730,2.0,0,0,3,1860,0,2012,Duvall,6,2,1,102,5.5,0.4985258643795229,0,98019
260000.0,5.0,2.5,2025,7760,2.0,0,0,3,2025,0,2007,Pacific,6,7,0,7,7.5,0.26091998453807497,0,98047
563500.0,3.0,2.5,1400,1312,3.5,0,0,3,1400,0,2007,Seattle,6,7,0,7,5.5,1.0662604722010662,0,98103
975000.0,5.0,3.0,2620,5477,2.0,0,0,3,2620,0,2009,Seattle,6,5,0,5,8.0,0.4782767433369843,0,98115
937000.0,3.0,1.75,2450,2691,2.0,0,0,3,1750,700,1915,Seattle,6,99,0,99,4.75,0.9101040118870728,1,98119
518500.0,3.0,3.5,1590,1102,3.0,0,0,3,1590,0,2010,Seattle,6,4,0,4,6.5,1.441523118766999,0,98103
563500.0,4.0,1.75,2085,174240,1.0,0,0,3,1610,475,1964,Fall City,6,50,1,14,5.75,0.011966184767075488,1,98024
1050000.0,4.0,3.5,3450,7832,2.0,0,0,3,3450,0,2007,Bellevue,6,7,0,7,7.5,0.4404442742244351,0,98006
350000.0,3.0,2.25,1780,16290,2.0,0,0,4,1780,0,1987,Renton,6,27,0,27,5.25,0.10926278313179055,0,98058
826000.0,4.0,2.5,3060,7140,2.0,0,0,3,3060,0,2006,Issaquah,6,8,0,8,6.5,0.4285114129673715,0,98029
225000.0,3.0,2.0,1700,11475,1.0,0,0,5,970,730,1945,Burien,6,69,0,69,5.0,0.14813523875914952,1,98146
235867.0,4.0,2.0,1330,5926,1.0,0,0,4,1330,0,1942,Renton,6,72,1,32,6.0,0.22439682807491143,0,98056
399000.0,4.0,3.0,3060,5000,2.0,0,0,3,3060,0,2001,Covington,6,13,0,13,7.0,0.611877624475105,0,98042
177500.0,3.0,1.5,1220,6000,1.0,0,0,3,1220,0,1968,Renton,6,46,1,17,4.5,0.2032994500916514,0,98057
224000.0,4.0,1.5,1600,9289,1.0,0,0,4,1600,0,1959,Auburn,6,55,0,55,5.5,0.1722282023681378,0,98002
302000.0,4.0,1.75,1530,17664,1.5,0,0,3,1530,0,1968,Renton,6,46,1,17,5.75,0.08661194452306821,0,98058
760000.0,3.0,2.5,1980,13964,1.0,0,0,5,1980,0,1959,Mercer Island,6,55,0,55,5.5,0.14178302900107412,0,98040
460000.0,3.0,2.5,1730,8490,1.0,0,0,3,1210,520,1969,Kirkland,6,45,1,4,5.5,0.20374514191496879,1,98034
415000.0,3.0,1.0,1170,6700,1.0,0,0,3,1170,0,1957,Seattle,6,57,1,14,4.0,0.17460080584987314,0,98125
669000.0,2.0,1.75,1950,10766,1.0,0,3,4,1160,790,1952,Burien,6,62,0,62,3.75,0.18110894399554192,1,98166
254600.0,3.0,2.0,1470,20000,1.0,0,0,4,1470,0,1968,Auburn,6,46,0,46,5.0,0.07349632518374082,0,98092
357250.0,3.0,1.5,1400,8840,1.0,0,0,4,1400,0,1952,Seattle,6,62,0,62,4.5,0.1583531274742676,0,98125
910000.0,4.0,3.5,4040,50479,2.0,0,0,3,4040,0,1987,Woodinville,6,27,1,14,7.5,0.08003169572107766,0,98077
725000.0,6.0,3.0,3110,5000,1.5,0,0,5,1810,1300,1921,Seattle,6,93,0,93,9.0,0.621875624875025,1,98103
670000.0,3.0,1.5,1490,4400,1.5,0,0,4,1490,0,1906,Seattle,6,108,1,24,4.5,0.33855941831401953,0,98122
440000.0,4.0,1.5,1770,5750,2.0,0,0,3,1770,0,1947,Seattle,6,67,1,2,5.5,0.3077725612936881,0,98116
1025000.0,4.0,3.5,3320,19850,1.0,0,2,4,2040,1280,1977,Mercer Island,6,37,0,37,7.5,0.1672459825701476,1,98040
320000.0,2.0,1.0,950,5316,1.0,0,2,3,950,0,1948,Seattle,6,66,1,20,3.0,0.1786721835621591,0,98126
310000.0,4.0,2.5,2430,5499,2.0,0,0,3,2430,0,2002,Covington,6,12,0,12,6.5,0.44181818181818183,0,98042
772650.0,4.0,2.5,2660,10800,1.0,0,0,3,2660,0,1955,Bellevue,6,59,1,0,6.5,0.24627349319507452,0,98005
669950.0,4.0,2.5,2670,11877,2.0,0,0,3,2670,0,1996,Sammamish,6,18,0,18,6.5,0.22478531739350058,0,98074
690000.0,5.0,3.5,2720,7598,2.0,0,0,3,1860,860,1993,Seattle,6,21,0,21,8.5,0.3579418344519016,1,98115
385000.0,4.0,2.5,3200,22651,1.0,0,0,5,1610,1590,1970,Kent,6,44,0,44,6.5,0.14126787921596326,1,98031
663000.0,3.0,2.5,2480,37843,1.5,1,3,4,2480,0,1974,Vashon,6,40,0,40,5.5,0.06553218475848219,0,98070
300000.0,3.0,2.25,1780,10395,1.0,0,0,3,1780,0,1967,Renton,6,47,1,3,5.25,0.17121969988457098,0,98058
225500.0,2.0,1.75,1590,11276,1.0,0,0,4,1590,0,1972,Auburn,6,42,0,42,3.75,0.1409949454642192,0,98002
320000.0,3.0,2.0,1550,34175,1.5,0,0,3,1550,0,1999,North Bend,6,15,0,15,5.0,0.04535346441947566,0,98045
775000.0,3.0,2.75,2850,14800,1.0,0,0,4,1920,930,1976,Bellevue,6,38,1,22,5.75,0.1925545571245186,1,98006
805000.0,3.0,2.75,2600,5875,1.5,0,2,5,1600,1000,1929,Seattle,6,85,0,85,5.75,0.4424778761061947,1,98116
252750.0,4.0,1.0,1230,7410,1.5,0,0,3,1230,0,1944,Burien,6,70,0,70,5.0,0.16596950479017678,0,98166
254000.0,5.0,2.0,2080,16117,1.0,0,0,5,1740,340,1959,Auburn,6,55,0,55,7.0,0.12904826901600694,1,98001
620000.0,6.0,3.5,3600,6875,2.0,0,0,3,2740,860,2004,Snoqualmie,6,10,1,11,9.5,0.5235602094240838,1,98065
435000.0,4.0,2.75,2110,8751,1.0,0,0,3,1510,600,1962,Bothell,6,52,1,11,6.75,0.24108775137111518,1,98011
460000.0,4.0,2.5,2550,19017,1.0,0,0,4,1300,1250,1961,Lake Forest Park,6,53,1,13,6.5,0.1340834998422547,1,98155
268000.0,3.0,2.5,1650,6684,2.0,0,0,3,1650,0,1991,Kent,6,23,0,23,5.5,0.24682124158563948,0,98031
446000.0,2.0,1.5,1370,1221,2.0,0,0,3,1080,290,2008,Seattle,6,6,0,6,3.5,1.121112929623568,1,98122
285000.0,2.0,1.0,1010,7200,1.0,0,0,3,1010,0,1975,Lake Forest Park,6,39,0,39,3.0,0.1402582974586863,0,98155
530000.0,3.0,2.0,2330,26571,2.5,0,0,3,2330,0,1987,Bellevue,6,27,1,14,5.0,0.0876862863164233,0,98005
402000.0,2.0,1.0,620,2475,1.0,0,0,5,620,0,1911,Seattle,6,103,1,30,3.0,0.25040387722132473,0,98107
358000.0,3.0,1.5,2450,12497,1.0,0,0,4,2450,0,1967,Snoqualmie,6,47,0,47,4.5,0.19603136501840293,0,98065
354950.0,4.0,2.75,2530,7350,1.0,0,0,5,1280,1250,1977,Federal Way,6,37,0,37,6.75,0.34417086110733236,1,98023
405000.0,4.0,2.5,2220,4652,2.0,0,0,3,2220,0,2001,Renton,6,13,0,13,6.5,0.4771115409413282,0,98059
568000.0,4.0,1.75,2110,265716,1.0,0,0,4,2110,0,1979,Redmond,6,35,0,35,5.75,0.007940779099568338,0,98053
575000.0,5.0,3.0,3690,49709,1.0,0,2,3,2690,1000,1960,Des Moines,6,54,1,2,8.0,0.07423053711526856,1,98198
315000.0,4.0,2.5,1940,10200,1.0,0,0,4,1140,800,1977,Kent,6,37,0,37,6.5,0.19017743358494266,1,98042
280927.0,4.0,2.25,2070,7350,2.0,0,0,4,2070,0,1977,Kent,6,37,0,37,6.25,0.28159434090599916,0,98032
440000.0,4.0,2.5,2160,7826,1.0,0,0,4,1390,770,1976,Lake Forest Park,6,38,1,22,6.5,0.2759678037562284,1,98155
270000.0,4.0,2.25,2600,9900,1.0,0,0,3,1600,1000,1965,Seattle,6,49,1,21,6.25,0.2625997374002626,1,98178
755000.0,4.0,2.75,2880,4000,1.5,0,0,3,2100,780,1912,Seattle,6,102,1,14,6.75,0.7198200449887528,1,98144
289659.0,4.0,2.25,2260,7200,2.0,0,0,4,2260,0,1984,Kent,6,30,0,30,6.25,0.31384529926399113,0,98031
555000.0,5.0,3.0,3640,6930,2.0,0,0,3,3640,0,2004,Maple Valley,6,10,1,11,8.0,0.5251767421728466,0,98038
450000.0,3.0,1.5,1530,23660,1.0,0,0,3,1530,0,1952,Lake Forest Park,6,62,1,6,4.5,0.06466337010270065,0,98155
1145000.0,3.0,2.5,2490,4000,2.0,0,0,5,1670,820,1918,Seattle,6,96,0,96,5.5,0.6223444138965258,1,98109
495000.0,3.0,1.75,1440,11787,1.0,0,0,3,1440,0,1983,Sammamish,6,31,1,5,4.75,0.12215812690872073,0,98074
1250000.0,3.0,3.0,3760,8500,2.5,0,3,4,3060,700,1910,Seattle,6,104,0,104,6.0,0.44230090577579106,1,98116
580000.0,4.0,1.75,1720,6975,1.0,0,0,3,1420,300,1975,Redmond,6,39,0,39,5.75,0.24655963302752293,1,98052
560000.0,4.0,2.5,2480,16360,1.0,0,0,5,1510,970,1959,Kenmore,6,55,0,55,6.5,0.1515799767740358,1,98028
1080000.0,4.0,3.5,3990,5267,2.0,0,0,3,3990,0,2008,Bellevue,6,6,0,6,7.5,0.7574031890660592,0,98006
450000.0,2.0,1.75,840,3340,1.0,0,0,3,700,140,1912,Seattle,6,102,1,20,3.75,0.2514217300209518,1,98107
815000.0,3.0,2.0,2270,11989,1.0,0,0,4,2270,0,1968,Mercer Island,6,46,0,46,5.0,0.18932443703085905,0,98040
354000.0,4.0,2.5,2580,5476,2.0,0,0,3,2580,0,2005,Kent,6,9,0,9,6.5,0.4710607997078693,0,98031
279900.0,3.0,1.75,1580,6620,1.0,0,0,3,1580,0,1988,Federal Way,6,26,1,14,4.75,0.23863464733423953,0,98003
339000.0,2.0,1.0,950,7954,1.0,0,0,4,950,0,1941,Seattle,6,73,1,16,3.0,0.11942174732872407,0,98108
1340000.0,4.0,3.5,3190,5040,2.0,0,3,3,2160,1030,2003,Seattle,6,11,0,11,7.5,0.632810950208292,1,98144
710000.0,3.0,3.25,3740,136915,2.5,0,0,3,3100,640,1990,Burien,6,24,1,5,6.25,0.027316018580735634,1,98166
815000.0,4.0,2.75,2620,4743,1.0,0,2,4,1310,1310,1949,Seattle,6,65,1,29,6.75,0.5522765598650927,1,98117
800000.0,3.0,1.75,2080,75794,1.0,0,0,3,2080,0,1958,Kirkland,6,56,1,10,4.75,0.027442443432944125,0,98033
638000.0,3.0,2.0,1660,3729,1.0,0,0,5,970,690,1922,Seattle,6,92,1,58,5.0,0.4450402144772118,1,98116
475580.0,3.0,1.75,1520,11085,1.0,0,0,3,1520,0,1983,Sammamish,6,31,1,5,4.75,0.13710986830236335,0,98074
243800.0,3.0,1.0,1140,27760,1.0,0,0,4,1140,0,1981,Issaquah,6,33,0,33,4.0,0.04106480314109722,0,98027
600000.0,3.0,2.5,3240,8016,2.0,0,0,3,2910,330,2004,Snoqualmie,6,10,1,11,5.5,0.404141199950106,1,98065
620000.0,3.0,2.0,2460,41343,1.0,0,0,4,2460,0,1988,Issaquah,6,26,0,26,5.0,0.05950077399380805,0,98027
750000.0,4.0,2.75,1750,5080,1.5,0,0,3,1750,0,1903,Seattle,6,111,1,9,6.75,0.34442038968706945,0,98122
626000.0,3.0,1.75,2430,5000,2.0,0,0,4,1760,670,1945,Seattle,6,69,0,69,4.75,0.4859028194361128,1,98117
230000.0,3.0,1.0,1060,9946,1.0,0,0,4,1060,0,1956,SeaTac,6,58,0,58,4.0,0.10656479340504675,0,98188
537000.0,3.0,3.0,2410,7479,2.0,0,2,3,2410,0,1942,Lake Forest Park,6,72,1,26,6.0,0.32219251336898397,0,98155
210000.0,2.0,1.0,720,8040,1.0,0,0,3,720,0,1943,Burien,6,71,1,12,3.0,0.08954110185300336,0,98166
200500.0,3.0,1.75,1260,9346,1.0,0,0,4,1260,0,1963,Kent,6,51,0,51,4.75,0.13480261046325023,0,98030
253500.0,3.0,1.0,1640,12384,1.0,0,0,4,1090,550,1954,Federal Way,6,60,1,35,4.0,0.1324182478805006,1,98003
150000.0,3.0,1.0,1310,9612,1.0,0,0,3,960,350,1962,Auburn,6,52,1,11,4.0,0.13627379590138355,1,98001
440000.0,3.0,1.5,2120,6290,1.0,0,0,4,1220,900,1949,Seattle,6,65,1,29,4.5,0.3369893498648863,1,98108
667000.0,3.0,1.75,3320,478288,1.5,0,3,4,2260,1060,1933,Enumclaw,6,81,1,32,4.75,0.006941409900708568,1,98022
660000.0,3.0,1.0,1210,9622,1.0,0,1,3,1210,0,1955,Bellevue,6,59,1,5,4.0,0.1257404135924348,0,98006
695000.0,3.0,2.75,2590,12063,2.0,0,0,3,2590,0,1993,Bellevue,6,21,0,21,5.75,0.21468832891246684,0,98006
440000.0,4.0,2.5,2250,7526,2.0,0,0,3,2250,0,1989,Renton,6,25,0,25,6.5,0.29892387405340776,0,98059
1388000.0,4.0,3.0,4040,20001,1.0,0,0,3,2020,2020,1972,Clyde Hill,6,42,1,13,7.0,0.201979802019798,1,98004
219500.0,3.0,1.0,1090,6710,1.5,0,0,5,1090,0,1912,Auburn,6,102,0,102,4.0,0.16241990761436448,0,98002
220000.0,3.0,1.5,1660,15600,2.0,0,0,3,1660,0,1981,Auburn,6,33,1,1,4.5,0.10640343567720018,0,98001
270000.0,2.0,1.0,1780,81021,1.0,0,3,4,1780,0,1954,Auburn,6,60,1,35,3.0,0.0219693416602898,0,98001
900000.0,4.0,3.5,3370,5000,2.0,0,2,3,2470,900,2008,Seattle,6,6,0,6,7.5,0.673865226954609,1,98126
1990000.0,5.0,3.0,4480,5000,2.5,0,0,5,3420,1060,1902,Seattle,6,112,0,112,8.0,0.8958208358328335,1,98112
800000.0,4.0,2.5,2990,16809,2.0,0,0,3,2990,0,1990,Woodinville,6,24,1,5,6.5,0.17787031528851874,0,98077
365000.0,5.0,2.0,2280,19000,1.5,0,0,3,2280,0,1924,Burien,6,90,1,3,7.0,0.1199936845429188,0,98166
1387800.0,3.0,3.0,2480,5500,2.0,0,3,3,1730,750,1950,Seattle,6,64,1,9,6.0,0.4508271223413925,1,98199
451000.0,5.0,2.75,2830,8925,1.5,0,0,3,2830,0,1967,Kirkland,6,47,1,3,7.75,0.3170513107775039,0,98034
202000.0,2.0,1.0,920,7569,1.0,0,0,4,920,0,1950,Burien,6,64,1,31,3.0,0.1215323645970938,0,98168
1410000.0,4.0,2.25,3250,16684,2.0,0,0,3,3250,0,1979,Medina,6,35,1,0,6.25,0.19478573569074017,0,98039
471000.0,2.0,1.75,1240,6417,1.0,0,0,5,1240,0,1924,Seattle,6,90,1,58,3.75,0.19320660641944531,0,98126
827000.0,4.0,2.5,3230,12100,1.0,0,0,3,1870,1360,1977,Bellevue,6,37,1,10,6.5,0.26692008924882243,1,98006
235000.0,5.0,2.5,2500,9583,1.0,0,0,3,1300,1200,1979,Des Moines,6,35,1,0,7.5,0.26085141903171954,1,98198
216500.0,2.0,1.75,1390,4482,1.0,0,0,4,1390,0,1980,Des Moines,6,34,0,34,3.75,0.31006022752621015,0,98198
359000.0,5.0,1.75,1940,6654,1.5,0,0,4,1940,0,1953,Burien,6,61,1,31,6.75,0.2915101427498122,0,98166
252500.0,3.0,2.0,1900,8002,1.0,0,0,3,1900,0,1991,Federal Way,6,23,0,23,5.0,0.23741097088591778,0,98023
370000.0,3.0,1.5,2380,14500,1.0,0,0,4,1850,530,1961,Kenmore,6,53,1,13,4.5,0.16412661195779601,1,98028
663000.0,3.0,2.0,1480,3876,1.0,0,0,5,860,620,1928,Seattle,6,86,1,44,5.0,0.3817384575702863,1,98117
971971.0,4.0,3.75,3460,6738,2.0,0,0,3,3460,0,2013,Renton,6,1,1,91,7.75,0.5134292921798487,0,98059
420000.0,3.0,1.75,1444,249126,1.5,0,0,3,1444,0,2008,Vashon,6,6,0,6,4.75,0.005796240471727271,0,98070
330675.0,4.0,3.0,1930,3031,1.0,0,0,3,1200,730,2006,Duvall,6,8,0,8,7.0,0.6365435356200527,1,98019
240000.0,4.0,1.0,1200,2171,1.5,0,0,3,1200,0,1933,Seattle,6,81,0,81,5.0,0.5524861878453039,0,98133
334888.0,3.0,2.5,1769,7324,2.0,0,0,3,1769,0,2012,Auburn,6,2,1,102,5.5,0.24150170648464164,0,98092
414000.0,3.0,2.5,2490,4540,2.5,0,0,3,2490,0,2012,Renton,6,2,1,102,5.5,0.5483373706232108,0,98059
782900.0,4.0,3.25,3060,3898,2.0,0,0,3,2300,760,2014,Issaquah,6,0,0,0,7.25,0.7848166196460631,1,98027
525000.0,4.0,2.75,3030,6625,2.0,0,0,3,3030,0,2011,Renton,6,3,0,3,6.75,0.4572894657410202,0,98059
429900.0,3.0,2.5,2370,5353,2.0,0,0,3,2370,0,2009,Duvall,6,5,0,5,5.5,0.442659693686963,0,98019
390000.0,3.0,3.25,1370,913,2.0,0,0,3,1100,270,2006,Seattle,6,8,0,8,6.25,1.49890590809628,1,98116
224000.0,3.0,1.75,1500,11968,1.0,0,0,3,1500,0,2014,Black Diamond,6,0,0,0,4.75,0.12532375302865736,0,98010
257500.0,3.0,2.25,1715,6819,2.0,0,0,3,1715,0,1995,Federal Way,6,19,0,19,5.25,0.25146627565982405,0,98003
665000.0,2.0,1.0,1110,3200,1.0,0,0,3,1110,0,1925,Seattle,6,89,1,12,3.0,0.3467666354264292,0,98119
327000.0,5.0,2.75,2400,8050,2.0,0,0,3,2400,0,1998,Auburn,6,16,1,8,7.75,0.298099614954664,0,98092
425000.0,3.0,1.0,1520,213444,1.5,0,3,5,1520,0,1988,Renton,6,26,0,26,4.0,0.00712127245894727,0,98059
687500.0,4.0,2.75,3190,10970,2.0,0,0,3,3190,0,1994,Sammamish,6,20,0,20,6.75,0.29076656640233345,0,98075
672500.0,3.0,2.25,2400,5300,1.5,0,0,4,1250,1150,1939,Seattle,6,75,1,25,5.25,0.4527447651386531,1,98117
140000.0,3.0,1.0,1060,7473,1.0,0,0,3,1060,0,1959,Des Moines,6,55,1,25,4.0,0.1418249933101418,0,98198
215500.0,2.0,1.75,1220,15600,1.0,0,0,3,1220,0,1972,Auburn,6,42,1,12,3.75,0.07820011537721941,0,98001
464900.0,4.0,2.25,2020,8424,1.0,0,0,4,1380,640,1979,Kirkland,6,35,0,35,6.25,0.2397626112759644,1,98034
417000.0,4.0,2.25,2300,7700,1.0,0,0,3,1380,920,1959,Seattle,6,55,1,25,6.25,0.29866251136216077,1,98125
453000.0,4.0,2.75,2300,37533,1.0,0,3,5,1550,750,1979,Vashon,6,35,0,35,6.75,0.0612777748174988,1,98070
700000.0,3.0,2.5,1660,1545,2.0,0,2,3,1400,260,2002,Seattle,6,12,0,12,5.5,1.073738680465718,1,98109
1619999.0,4.0,3.0,3900,9750,1.0,0,4,5,2520,1380,1972,Bellevue,6,42,0,42,7.0,0.3999589785663009,1,98006
259500.0,3.0,1.75,1650,12349,1.0,0,0,3,1650,0,1957,SeaTac,6,57,1,14,4.75,0.13360323886639677,0,98188
460000.0,4.0,2.5,2110,35091,1.0,0,0,4,1290,820,1985,Issaquah,6,29,0,29,6.5,0.06012766442494016,1,98027
561500.0,3.0,1.75,1960,6380,1.0,0,0,4,980,980,1939,Seattle,6,75,1,25,4.75,0.3071618868515907,1,98115
641000.0,4.0,2.5,2770,63118,2.0,0,0,3,2770,0,1997,Carnation,6,17,0,17,6.5,0.043885359400497474,0,98014
330000.0,4.0,1.75,2440,7350,1.0,0,0,3,1610,830,1978,Kent,6,36,0,36,5.75,0.33192762889402805,1,98032
447000.0,2.0,1.0,1320,8380,1.0,0,0,3,1320,0,1953,Seattle,6,61,0,61,3.0,0.15749910511872092,0,98177
320000.0,4.0,2.5,2570,4865,2.0,0,0,3,2570,0,2005,Maple Valley,6,9,0,9,6.5,0.5281545417180435,0,98038
212700.0,2.0,1.0,940,5040,1.0,0,0,3,940,0,1926,Seattle,6,88,1,11,3.0,0.18647093830589168,0,98126
260000.0,2.0,1.0,700,4800,1.0,0,0,3,700,0,1922,Seattle,6,92,1,6,3.0,0.14580295771714227,0,98122
410000.0,3.0,2.0,1400,45738,2.0,0,0,4,1400,0,1981,Vashon,6,33,0,33,5.0,0.030608452305472354,0,98070
355000.0,4.0,2.5,1890,7867,2.0,0,0,3,1890,0,1996,Maple Valley,6,18,0,18,6.5,0.2402135231316726,0,98038
275500.0,2.0,1.0,720,11400,1.0,0,0,5,720,0,1951,Shoreline,6,63,0,63,3.0,0.06315235505657399,0,98133
415000.0,3.0,1.75,2410,8944,1.0,0,0,4,1860,550,1967,Renton,6,47,0,47,4.75,0.2694242593627725,1,98058
279000.0,3.0,2.5,1630,7950,1.0,0,0,3,1320,310,1985,Kent,6,29,0,29,5.5,0.2050056596654509,1,98042
350000.0,5.0,1.75,2330,14322,1.0,0,0,4,1180,1150,1968,Renton,6,46,0,46,6.75,0.16267541716120926,1,98059
355000.0,2.0,2.25,1330,10838,2.0,0,0,3,1330,0,1985,Kenmore,6,29,0,29,4.25,0.12270504659101393,0,98028
750000.0,4.0,2.25,3190,11597,2.0,0,0,3,2300,890,1984,Sammamish,6,30,0,30,6.25,0.27504742196930504,1,98074
235000.0,3.0,1.75,1400,6300,1.0,0,0,3,1400,0,1998,Enumclaw,6,16,1,8,4.75,0.22218695445167433,0,98022
209950.0,3.0,1.0,970,9583,1.0,0,0,4,970,0,1967,Federal Way,6,47,0,47,4.0,0.10121035058430718,0,98023
230000.0,3.0,1.75,1010,9600,1.0,0,0,5,1010,0,1969,Covington,6,45,0,45,4.75,0.10519737527340901,0,98042
725000.0,3.0,2.5,3580,54450,1.5,0,0,3,3580,0,1990,Maple Valley,6,24,1,5,5.5,0.06574718554296523,0,98038
430000.0,2.0,1.0,1050,2570,1.0,0,0,5,850,200,1927,Seattle,6,87,0,87,3.0,0.40840140023337224,1,98117
661500.0,5.0,2.5,2500,7200,1.0,0,0,4,1490,1010,1977,Redmond,6,37,0,37,7.5,0.3471740036106096,1,98052
738000.0,3.0,3.0,2630,4896,2.0,0,0,3,2630,0,2006,Redmond,6,8,0,8,6.0,0.5370635082703696,0,98052
1820000.0,4.0,4.5,6640,53330,2.0,0,0,3,6640,0,1993,Woodinville,6,21,0,21,8.5,0.12450544711331121,0,98077
221000.0,3.0,1.0,910,8789,1.0,0,0,3,910,0,1966,Seattle,6,48,1,51,4.0,0.10352673492605233,0,98148
665000.0,3.0,2.5,2610,35000,2.0,0,0,3,2610,0,1988,Woodinville,6,26,1,14,5.5,0.07456929802005657,0,98072
255000.0,3.0,2.5,1720,6194,2.0,0,0,3,1720,0,1998,Auburn,6,16,1,8,5.5,0.27764326069410816,0,98092
1195000.0,5.0,2.75,3650,13297,2.0,0,0,5,2750,900,1969,Mercer Island,6,45,0,45,7.75,0.27447736501729586,1,98040
355000.0,3.0,1.75,2040,22693,1.0,0,0,4,2040,0,1980,Kent,6,34,0,34,4.75,0.08989160130430951,0,98042
755000.0,5.0,2.5,3260,24300,1.5,0,1,4,2310,950,1950,Lake Forest Park,6,64,1,31,7.5,0.13415085798938314,1,98155
300000.0,3.0,1.5,1590,8911,1.0,0,0,3,1590,0,1956,Kenmore,6,58,1,13,4.5,0.17841113105924597,0,98028
500000.0,4.0,1.0,1440,7100,1.5,0,0,3,1440,0,1906,Seattle,6,108,1,0,5.0,0.20278833967046894,0,98107
191000.0,2.0,1.0,900,3400,1.0,0,0,5,900,0,1905,Seattle,6,109,0,109,3.0,0.26462805057336075,0,98108
315000.0,6.0,4.0,3120,4240,2.0,0,2,4,2090,1030,1993,Seattle,6,21,0,21,10.0,0.7356755482197594,1,98106
415000.0,3.0,2.5,1060,1536,2.0,0,0,3,1060,0,2000,Seattle,6,14,0,14,5.5,0.6896551724137931,0,98117
394000.0,4.0,2.5,3000,9793,2.0,0,0,3,3000,0,2002,Maple Valley,6,12,0,12,6.5,0.306309985705534,0,98038
490000.0,3.0,2.5,2230,5348,2.0,0,0,3,2230,0,2000,Snoqualmie,6,14,0,14,5.5,0.41690035520658064,0,98065
523460.0,5.0,1.75,1890,5000,1.5,0,0,3,1090,800,1906,Seattle,6,108,1,0,6.75,0.3779244151169766,1,98107
550000.0,4.0,3.5,4150,16197,2.0,0,0,3,4150,0,2006,Auburn,6,8,0,8,7.5,0.25620446968761573,0,98092
342000.0,3.0,1.75,1780,10409,1.0,0,0,3,1280,500,1981,Renton,6,33,1,1,4.75,0.17098943323727187,1,98058
560000.0,4.0,2.5,2710,6583,2.0,0,0,3,2710,0,2003,Renton,6,11,0,11,6.5,0.41160388821385174,0,98059
1050000.0,4.0,4.25,4390,13833,2.0,0,3,3,3320,1070,2003,Issaquah,6,11,0,11,8.25,0.3173341043805118,1,98029
710000.0,2.0,1.5,1640,4080,1.5,0,0,5,1540,100,1916,Seattle,6,98,0,98,3.5,0.4018622886547415,1,98105
1020000.0,3.0,2.25,1670,4800,1.5,0,3,3,1670,0,1903,Seattle,6,111,1,9,5.25,0.3478441991251823,0,98119
399950.0,3.0,2.5,2570,10431,2.0,0,0,3,2570,0,1989,Kent,6,25,0,25,5.5,0.2463573619631902,0,98031
480000.0,2.0,1.0,1500,3420,1.0,0,0,3,1500,0,1902,Seattle,6,112,0,112,3.0,0.4384682841274481,0,98103
410000.0,3.0,1.0,2710,19000,2.0,0,3,4,2710,0,1950,Burien,6,64,1,31,4.0,0.1426240724172412,0,98166
530000.0,4.0,1.75,2860,48351,1.0,0,0,3,1710,1150,1978,Woodinville,6,36,0,36,5.75,0.059149569821310394,1,98077
528000.0,2.0,0.75,840,40642,1.0,1,4,4,840,0,1937,Vashon,6,77,0,77,2.75,0.02066776566690451,0,98070
469900.0,4.0,2.5,2990,8913,2.0,0,0,4,2990,0,1991,Renton,6,23,0,23,6.5,0.33542741754543415,0,98058
397000.0,5.0,1.0,1170,6757,1.0,0,0,4,800,370,1944,Seattle,6,70,0,70,6.0,0.17312814442142646,1,98125
718500.0,3.0,1.5,1200,6240,1.0,0,0,3,1030,170,1952,Seattle,6,62,1,6,4.5,0.1922768787053357,1,98112
195000.0,2.0,1.0,1020,8100,1.0,0,0,3,1020,0,1940,Seattle,6,74,1,18,3.0,0.12591038143439082,0,98168
285000.0,2.0,1.0,910,8155,1.0,0,0,4,910,0,1948,Shoreline,6,66,0,66,3.0,0.11157430112800393,0,98155
295000.0,1.0,1.0,700,2500,1.0,0,0,4,700,0,1907,Seattle,6,107,0,107,2.0,0.2798880447820872,0,98106
602000.0,4.0,1.75,2420,37800,1.0,0,0,4,1880,540,1981,Redmond,6,33,0,33,5.75,0.06401947038438137,1,98053
235000.0,3.0,1.75,1950,8712,1.0,0,0,3,1950,0,1960,Renton,6,54,1,2,4.75,0.22380351199357282,0,98055
465000.0,4.0,2.5,3060,6000,2.0,0,0,3,3060,0,2012,Maple Valley,6,2,1,102,6.5,0.509915014164306,0,98038
234000.0,4.0,1.0,1390,18000,1.0,0,0,3,1390,0,1955,Kent,6,59,1,1,5.0,0.07721793233709238,0,98032
504200.0,2.0,1.5,1200,1687,3.0,0,0,3,1200,0,2008,Seattle,6,6,0,6,3.5,0.7109004739336493,0,98103
710000.0,3.0,2.5,2440,4153,2.0,0,0,3,2440,0,2003,Redmond,6,11,0,11,5.5,0.587385652383245,0,98052
589500.0,3.0,3.25,2310,3075,2.0,0,0,3,1730,580,2005,Seattle,6,9,0,9,6.25,0.7509752925877763,1,98116
415000.0,3.0,2.75,2600,64626,1.5,0,0,3,2600,0,2009,Skykomish,6,5,0,5,5.75,0.04023086326148514,0,98288
735000.0,3.0,2.25,1490,1212,2.0,0,0,3,1040,450,2011,Seattle,6,3,0,3,5.25,1.2283594394064303,1,98112
427000.0,3.0,2.5,2432,9391,2.0,0,2,3,2432,0,2005,Federal Way,6,9,0,9,5.5,0.25894378194207834,0,98001
982000.0,4.0,2.75,3610,8580,2.0,0,0,3,3610,0,2014,Kirkland,6,0,0,0,6.75,0.4206968884745368,0,98033
459000.0,4.0,3.0,2530,10000,2.0,0,0,3,2530,0,2013,Burien,6,1,1,91,7.0,0.252974702529747,0,98148
483453.0,4.0,2.75,2790,5527,2.0,0,0,3,2790,0,2014,North Bend,6,0,0,0,6.75,0.5047033285094067,0,98045
246950.0,3.0,3.0,1670,4440,1.0,0,0,3,1670,0,2014,Enumclaw,6,0,0,0,6.0,0.37604143210988517,0,98022
235000.0,1.0,1.5,1170,1456,2.0,0,0,3,1070,100,2007,Seattle,6,7,0,7,2.5,0.8030199039121483,1,98126
288790.0,4.0,2.0,1350,942,3.0,0,0,3,1350,0,2008,Issaquah,6,6,0,6,6.0,1.4316012725344645,0,98029
229800.0,2.0,1.75,1110,1773,2.0,0,0,3,1110,0,2014,Seattle,6,0,0,0,3.75,0.6257046223224352,0,98108
516500.0,1.0,1.25,1100,638,3.0,0,0,3,1100,0,2014,Seattle,6,0,0,0,2.25,1.7214397496087637,0,98112
1600000.0,3.0,4.25,2820,7200,2.0,0,0,4,2460,360,1930,Seattle,6,84,0,84,7.25,0.39161227607276766,1,98112
234000.0,3.0,1.0,1040,8128,1.0,0,0,3,1040,0,1983,Duvall,6,31,1,5,4.0,0.12793701562307788,0,98019
230000.0,2.0,1.75,1910,3376,2.0,0,0,3,1910,0,1980,Maple Valley,6,34,0,34,3.75,0.5655907610305004,0,98038
300000.0,4.0,1.0,1370,8499,1.0,0,0,3,1370,0,1949,Shoreline,6,65,1,16,5.0,0.16117647058823528,0,98155
470000.0,3.0,1.5,1500,5000,1.5,0,0,4,1140,360,1927,Seattle,6,87,0,87,4.5,0.29994001199760045,1,98117
339900.0,3.0,1.0,1200,9087,1.0,0,0,5,1200,0,1969,Newcastle,6,45,0,45,4.0,0.13204225352112675,0,98056
650000.0,2.0,1.0,1050,2542,1.0,0,0,3,880,170,1904,Seattle,6,110,0,110,3.0,0.41289815178922534,1,98122
585000.0,5.0,2.5,2670,16777,1.5,0,0,4,1620,1050,1920,Seattle,6,94,0,94,7.5,0.1591369650733103,1,98125
699900.0,4.0,2.5,2190,11500,1.0,0,0,4,1430,760,1972,Bellevue,6,42,0,42,6.5,0.1904182245022172,1,98006
598000.0,4.0,2.5,3130,40918,2.0,0,0,3,3130,0,1994,North Bend,6,20,0,20,6.5,0.07649258290769569,0,98045
475000.0,3.0,2.5,1700,9100,1.0,0,0,3,1160,540,1998,Seattle,6,16,1,8,5.5,0.18679266014723656,1,98126
314500.0,3.0,1.75,1700,17355,1.0,0,0,3,1200,500,1978,Maple Valley,6,36,0,36,4.75,0.09794883613735884,1,98038
397000.0,3.0,3.5,1360,1275,2.0,0,0,3,1240,120,2007,Seattle,6,7,0,7,6.5,1.0658307210031348,1,98144
345000.0,3.0,2.0,1610,15005,1.0,0,0,4,1610,0,1986,Carnation,6,28,0,28,5.0,0.10729041716646674,0,98014
325000.0,5.0,2.75,2130,6222,1.0,0,0,3,1300,830,1991,Seattle,6,23,0,23,7.75,0.34227864374096095,1,98118
265000.0,3.0,1.0,1800,7650,1.0,0,0,5,1800,0,1957,Renton,6,57,0,57,4.0,0.235263364266109,0,98056
402000.0,4.0,2.75,2950,15540,1.0,0,0,4,2120,830,1974,Kent,6,40,0,40,6.75,0.1898204748729168,1,98042
835000.0,3.0,2.25,2120,54014,2.0,0,0,4,2120,0,1964,Bellevue,6,50,0,50,5.25,0.03924835693788763,0,98005
780000.0,4.0,2.5,3500,7048,2.0,0,0,3,3500,0,2005,Redmond,6,9,0,9,6.5,0.49652432969215493,0,98053
250000.0,3.0,2.0,1440,9220,1.0,0,0,3,1440,0,1965,Des Moines,6,49,1,21,5.0,0.15616527491595272,0,98198
1200000.0,4.0,2.0,2120,3360,2.0,0,0,3,2120,0,1905,Seattle,6,109,1,4,6.0,0.6307646533769712,0,98112
935000.0,2.0,2.5,1780,2067,2.0,0,0,5,1780,0,1974,Bellevue,6,40,0,40,4.5,0.8607350096711799,0,98004
300000.0,2.0,1.0,960,8153,1.0,0,0,3,960,0,1947,Shoreline,6,67,1,2,3.0,0.1177336276674025,0,98155
419000.0,2.0,1.75,1510,4980,1.0,0,0,3,1510,0,2006,Redmond,6,8,0,8,3.75,0.3031519775145553,0,98053
410000.0,1.0,1.5,1010,5750,1.0,0,0,3,1010,0,1911,Seattle,6,103,1,66,2.5,0.17562163102069206,0,98136
1165000.0,3.0,3.0,3790,5001,2.0,0,0,3,2810,980,1989,Seattle,6,25,0,25,6.0,0.7576969212315074,1,98122
461000.0,3.0,1.75,3600,8666,2.0,0,0,4,2400,1200,1948,Kirkland,6,66,0,66,4.75,0.4153686396677051,1,98033
385000.0,3.0,1.75,1300,7030,1.0,0,0,3,1300,0,1968,Kirkland,6,46,1,17,4.75,0.18489546294979378,0,98034
669500.0,4.0,2.25,2500,4046,1.5,0,0,4,1520,980,1940,Seattle,6,74,1,13,6.25,0.6177415369409439,1,98117
491950.0,3.0,2.25,2090,10733,1.0,0,0,3,1440,650,1958,Seattle,6,56,1,10,5.25,0.1947084032047699,1,98115
1230000.0,3.0,1.75,2200,14630,1.5,0,1,3,2200,0,1948,Bellevue,6,66,1,11,4.75,0.15036566195065273,0,98004
560000.0,3.0,2.25,2070,15002,1.5,0,0,3,2070,0,1955,Lake Forest Park,6,59,1,1,5.25,0.13797240551889622,0,98155
370000.0,3.0,1.0,1320,7341,1.0,0,0,3,1320,0,1982,Shoreline,6,32,0,32,4.0,0.17978752383546717,0,98155
263400.0,4.0,2.0,1360,60548,1.0,0,0,3,960,400,1960,Auburn,6,54,1,2,6.0,0.022461147170060612,1,98001
100000.0,2.0,1.0,930,7623,1.0,0,0,2,930,0,1942,Burien,6,72,0,72,3.0,0.1219832109129066,0,98166
289950.0,3.0,2.5,1760,8584,1.5,0,0,5,1760,0,1937,Burien,6,77,0,77,5.5,0.2050087361677344,0,98148
263000.0,3.0,1.75,1410,8100,2.0,0,0,3,1410,0,1985,Maple Valley,6,29,0,29,4.75,0.1740525861004814,0,98038
397500.0,4.0,2.5,2570,7859,2.0,0,0,3,2570,0,1992,Maple Valley,6,22,0,22,6.5,0.32697201017811706,0,98038
245000.0,3.0,2.75,1300,14197,1.0,0,0,3,860,440,1996,Kent,6,18,0,18,5.75,0.09156219185800817,1,98030
535000.0,3.0,1.0,1580,6300,1.0,0,0,3,1180,400,1925,Seattle,6,89,1,12,4.0,0.250753848595461,1,98199
449000.0,4.0,2.5,2960,6031,2.0,0,0,3,2960,0,2005,Maple Valley,6,9,0,9,6.5,0.4907161803713528,0,98038
490000.0,4.0,3.0,2330,3497,2.0,0,0,3,1920,410,2003,Seattle,6,11,0,11,7.0,0.6660949113779302,1,98108
445800.0,4.0,2.25,2070,39446,1.0,0,0,3,1470,600,1977,Lake Forest Park,6,37,1,10,6.25,0.05247547342003194,1,98155
345000.0,2.0,1.0,970,5750,1.0,0,0,4,970,0,1932,Seattle,6,82,1,56,3.0,0.16866631890106068,0,98126
327500.0,3.0,2.25,2310,7200,2.0,0,0,3,2310,0,1990,Kent,6,24,1,5,5.25,0.3207887793362033,0,98031
436500.0,4.0,2.5,2290,11173,2.0,0,0,4,2290,0,1988,Renton,6,26,0,26,6.5,0.20494003937712546,0,98058
550000.0,3.0,2.25,1720,9600,1.0,0,0,4,1220,500,1967,Redmond,6,47,0,47,5.25,0.17914800541610248,1,98052
441000.0,2.0,1.5,1190,3400,1.0,0,0,3,990,200,1919,Seattle,6,95,1,13,3.5,0.3498970890914437,1,98115
406500.0,2.0,1.0,870,5750,1.0,0,0,4,870,0,1947,Seattle,6,67,1,26,3.0,0.15127803860198227,0,98116
243000.0,2.0,1.5,1068,1758,2.0,0,0,3,1068,0,1990,Kenmore,6,24,1,5,3.5,0.6071631608868675,0,98028
359500.0,4.0,2.75,2140,10316,2.0,0,0,3,2140,0,1993,Auburn,6,21,0,21,6.75,0.20742463894542987,0,98001
760000.0,4.0,2.5,3300,165528,2.0,0,0,3,3300,0,1984,Woodinville,6,30,0,30,6.5,0.019936083707386622,0,98077
1925000.0,5.0,4.25,4830,8050,2.5,0,2,4,3710,1120,1914,Seattle,6,100,1,69,9.25,0.5999254750962614,1,98144
408000.0,5.0,3.25,2820,6589,1.5,0,0,3,2320,500,1906,Seattle,6,108,1,0,8.25,0.4279210925644917,1,98118
480000.0,4.0,3.0,2440,9664,2.0,0,0,3,1890,550,1981,Kenmore,6,33,1,1,7.0,0.25245732022762546,1,98028
875000.0,4.0,1.5,1800,3245,1.5,0,0,4,1800,0,1929,Seattle,6,85,0,85,5.5,0.5545286506469501,0,98103
308000.0,3.0,1.0,1010,8800,1.0,0,0,4,1010,0,1954,Seattle,6,60,1,35,4.0,0.11475968639927281,0,98118
880000.0,4.0,2.75,3220,4392,1.5,0,0,4,2320,900,1931,Seattle,6,83,0,83,6.75,0.7329842931937173,1,98105
1730000.0,5.0,3.5,5000,26540,2.0,0,3,3,3410,1590,2008,Mercer Island,6,6,0,6,8.5,0.1883877774010022,1,98040
170000.0,2.0,1.0,1200,24792,2.0,0,0,2,1200,0,1976,Redmond,6,38,0,38,3.0,0.04840075827854636,0,98053
491500.0,3.0,2.25,1470,4322,2.0,0,0,3,1470,0,1985,Issaquah,6,29,0,29,5.25,0.34004163775156143,0,98029
515000.0,3.0,2.5,2600,4506,2.0,0,0,3,2600,0,2003,Kenmore,6,11,0,11,5.5,0.5768804082538274,0,98028
550000.0,4.0,1.5,2750,128502,1.0,0,0,2,1500,1250,1958,Renton,6,56,0,56,5.5,0.02140027859271768,1,98055
255000.0,2.0,1.0,1320,9967,1.0,0,0,3,940,380,1919,Seattle,6,95,1,13,3.0,0.13242375601926162,1,98108
635000.0,3.0,2.5,3350,4007,2.0,0,0,3,2550,800,2005,Kirkland,6,9,0,9,5.5,0.8358283433133733,1,98034
850000.0,3.0,2.5,2650,2387,2.0,0,0,3,1830,820,1920,Seattle,6,94,1,35,5.5,1.109715242881072,1,98119
265000.0,2.0,2.0,1860,10856,1.0,0,0,3,1260,600,1952,Seattle,6,62,1,6,4.0,0.1713180436584692,1,98178
349810.0,3.0,1.0,960,8855,1.0,0,0,4,960,0,1958,Shoreline,6,56,1,42,4.0,0.10840108401084012,0,98155
972000.0,4.0,1.75,2010,6300,1.0,0,2,5,1610,400,1937,Seattle,6,77,0,77,5.75,0.31899698460561815,1,98199
235000.0,2.0,1.0,900,28800,1.0,0,0,1,900,0,1928,Snoqualmie,6,86,0,86,3.0,0.03124891496823027,0,98065
330000.0,4.0,2.5,2340,11784,2.0,0,0,3,2340,0,1997,Kent,6,17,0,17,6.5,0.1985574883326262,0,98042
500000.0,4.0,3.0,3720,15048,3.0,0,0,3,3720,0,1979,Renton,6,35,1,0,7.0,0.24719250448534785,0,98059
570000.0,3.0,2.0,1890,29185,1.0,0,0,3,1470,420,1949,Bellevue,6,65,1,1,5.0,0.06475707531008018,1,98006
1309500.0,4.0,2.5,2680,12215,1.0,1,4,3,1590,1090,1956,Normandy Park,6,58,1,13,6.5,0.21938441388343158,1,98166
544000.0,3.0,2.5,1460,1613,2.0,0,0,3,1180,280,2007,Seattle,6,7,0,7,5.5,0.9045848822800495,1,98117
439000.0,3.0,2.5,3180,7904,1.0,0,0,3,1810,1370,2006,Renton,6,8,0,8,5.5,0.40227703984819735,1,98056
530000.0,4.0,2.25,1980,15086,2.0,0,0,3,1980,0,1981,Sammamish,6,33,1,1,6.25,0.13123881487373235,0,98074
427500.0,2.0,2.0,1090,934,3.0,0,0,3,1090,0,2008,Seattle,6,6,0,6,4.0,1.1657754010695187,0,98109
337000.0,4.0,2.5,2230,5970,2.0,0,0,4,2230,0,2002,Covington,6,12,0,12,6.5,0.37347178027131134,0,98042
1095000.0,4.0,2.75,3330,9143,2.0,0,0,4,3330,0,1995,Kirkland,6,19,0,19,6.75,0.3641732283464567,0,98033
435000.0,4.0,2.0,1880,3840,1.0,0,0,3,970,910,1904,Seattle,6,110,0,110,6.0,0.48945587086696174,1,98144
765000.0,5.0,3.0,2870,5700,1.0,0,0,3,1950,920,1964,Seattle,6,50,1,14,8.0,0.5034204525521838,1,98103
492650.0,4.0,1.75,2120,9786,1.0,0,0,3,1640,480,1967,Shoreline,6,47,1,3,5.75,0.21661387554919792,1,98177
383962.0,4.0,2.5,2700,6998,2.0,0,0,3,2700,0,2001,Tukwila,6,13,0,13,6.5,0.3857693956279469,0,98168
950000.0,4.0,2.5,3670,7680,2.5,0,0,3,3670,0,2007,Issaquah,6,7,0,7,6.5,0.4778023694831402,0,98029
457000.0,3.0,2.5,1220,1330,2.0,0,0,3,1010,210,2008,Seattle,6,6,0,6,5.5,0.9166040570999249,1,98117
1510000.0,5.0,3.25,4390,11250,2.0,0,0,3,4390,0,2007,Mercer Island,6,7,0,7,8.25,0.3901875388854324,0,98040
882566.0,4.0,2.5,3560,5265,3.0,0,0,3,3560,0,2014,Redmond,6,0,0,0,6.5,0.6760349411317889,0,98052
963000.0,4.0,3.25,3530,8589,2.0,0,0,3,3530,0,2007,Kirkland,6,7,0,7,7.25,0.4109429569266589,0,98033
345000.0,4.0,2.5,2280,5000,2.0,0,0,3,2280,0,2006,Maple Valley,6,8,0,8,6.5,0.4559088182363527,0,98038
2065000.0,4.0,3.75,4350,7965,2.0,0,0,3,4350,0,2013,Bellevue,6,1,1,91,7.75,0.5460708009038413,0,98004
800000.0,3.0,3.5,3830,221284,2.0,0,0,3,3530,300,1993,Woodinville,7,21,0,21,6.5,0.017307996475133876,1,98077
314500.0,3.0,2.0,2050,13303,1.0,0,0,3,2050,0,1993,Federal Way,7,21,0,21,5.0,0.15408899579073962,0,98003
530000.0,3.0,2.5,3660,39478,2.0,0,2,4,3260,400,1989,Enumclaw,7,25,0,25,5.5,0.09270751538792776,1,98022
650000.0,4.0,2.5,3350,46748,2.0,0,0,3,3350,0,2004,Black Diamond,7,10,1,11,6.5,0.07165928682966481,0,98010
349500.0,3.0,2.0,1270,3600,1.0,0,0,3,1270,0,1963,Seattle,7,51,1,6,5.0,0.35267981116356567,0,98122
1198000.0,4.0,3.5,3400,3850,2.5,0,0,3,2790,610,2008,Seattle,7,6,0,6,7.5,0.8828875616722929,1,98112
165050.0,3.0,1.0,1200,8514,1.0,0,0,3,1200,0,1959,Enumclaw,7,55,1,25,4.0,0.14092777451556077,0,98022
580000.0,3.0,2.5,2200,11000,2.0,0,2,3,2200,0,1978,Bellevue,7,36,0,36,5.5,0.19998181983456048,0,98008
330000.0,3.0,2.5,1680,11312,1.0,0,0,3,1080,600,1959,Seattle,7,55,1,25,5.5,0.1485017236807213,1,98146
875000.0,5.0,3.5,3840,8279,2.0,0,0,3,3840,0,2001,Sammamish,7,13,0,13,8.5,0.463768115942029,0,98074
500000.0,2.0,1.0,950,4500,1.0,0,2,3,850,100,1926,Seattle,7,88,1,11,3.0,0.21106420795378805,1,98103
445000.0,4.0,2.5,2280,42077,2.0,0,0,3,2280,0,1994,Kent,7,20,0,20,6.5,0.05418508484243548,0,98042
274900.0,4.0,2.5,1970,6600,2.0,0,0,3,1970,0,1987,Kent,7,27,1,14,6.5,0.29843963035903653,0,98030
219950.0,3.0,1.5,1620,9310,1.0,0,0,4,1620,0,1967,Covington,7,47,0,47,4.5,0.173987756417141,0,98042
691500.0,4.0,2.5,2600,7200,2.0,0,0,3,2600,0,1962,Seattle,7,52,1,12,6.5,0.36106096375503405,0,98115
459500.0,2.0,1.0,1250,3825,1.0,0,0,3,850,400,1929,Seattle,7,85,0,85,3.0,0.3267119707266074,1,98117
955500.0,4.0,1.75,2130,5080,1.5,0,0,3,2130,0,1914,Seattle,7,100,1,21,5.75,0.419208817161976,0,98119
328950.0,4.0,1.75,2550,8976,1.0,0,0,5,1300,1250,1978,Kent,7,36,0,36,5.75,0.28405926255987524,1,98031
307000.0,3.0,1.0,1150,6000,1.5,0,0,3,1150,0,1927,North Bend,7,87,1,3,4.0,0.1916347275454091,0,98045
382500.0,3.0,1.75,1040,9000,1.0,0,0,4,1040,0,1967,Issaquah,7,47,0,47,4.75,0.11554271747583601,0,98027
1150000.0,4.0,2.5,3340,10422,2.0,0,0,3,3340,0,1996,Kirkland,7,18,0,18,6.5,0.3204451693370431,0,98033
1297000.0,6.0,2.75,2630,9420,2.0,0,0,5,2510,120,1900,Seattle,7,114,0,114,8.75,0.2791635707462053,1,98103
478000.0,3.0,2.25,1640,3896,2.0,0,0,3,1640,0,1994,Issaquah,7,20,0,20,5.25,0.4208365409289197,0,98029
260000.0,2.0,1.0,770,7906,1.0,0,0,4,770,0,1948,Shoreline,7,66,0,66,3.0,0.09738206652333375,0,98155
850000.0,4.0,3.25,4350,112750,1.0,0,0,3,2200,2150,2006,Issaquah,7,8,0,8,7.25,0.03858058908568438,1,98027
616000.0,4.0,1.75,1700,5846,1.0,0,0,3,1700,0,1957,Seattle,7,57,1,14,5.75,0.2907473918248675,0,98199
540000.0,3.0,1.75,2050,9580,1.0,0,0,3,1400,650,1984,Sammamish,7,30,0,30,4.75,0.21396513933827366,1,98074
300000.0,3.0,2.25,1660,5128,2.0,0,0,3,1660,0,2001,Duvall,7,13,0,13,5.25,0.3236498342756873,0,98019
507500.0,3.0,1.75,1990,9594,1.0,0,0,3,1190,800,1977,Redmond,7,37,1,10,4.75,0.20739968733715478,1,98052
3800000.0,5.0,5.5,7050,42840,1.0,0,2,4,4320,2730,1978,Clyde Hill,7,36,1,14,10.5,0.1645619850143554,1,98004
241000.0,3.0,2.0,1770,7000,1.0,0,0,3,1770,0,1986,Auburn,7,28,0,28,5.0,0.252821025567776,0,98001
485000.0,3.0,2.25,2440,47916,2.0,0,0,3,2090,350,1991,Redmond,7,23,0,23,5.25,0.050921384894713775,1,98053
695000.0,3.0,2.5,2620,51354,2.0,0,0,3,2620,0,1998,Woodinville,7,16,1,8,5.5,0.05101742770908383,0,98077
548000.0,4.0,2.5,2440,11005,2.0,0,0,3,2440,0,1994,Newcastle,7,20,0,20,6.5,0.2216972560421588,0,98056
345000.0,2.0,1.0,1080,7775,1.0,0,0,3,1080,0,1955,Seattle,7,59,1,9,3.0,0.1388888888888889,0,98136
280000.0,3.0,1.0,1090,10710,1.0,0,0,4,1090,0,1962,Renton,7,52,0,52,4.0,0.1017645411259453,0,98056
450000.0,3.0,1.75,1400,13775,1.0,0,0,3,1400,0,1963,Kenmore,7,51,1,6,4.75,0.1016260162601626,0,98028
515000.0,3.0,2.5,2010,7200,2.0,0,0,3,2010,0,1994,Kenmore,7,20,0,20,5.5,0.27912789890293016,0,98028
1014250.0,3.0,1.0,1640,12855,1.5,0,0,5,1500,140,1920,Bellevue,7,94,0,94,4.0,0.12756689483509645,1,98004
739900.0,5.0,2.5,3290,5029,2.0,0,0,3,3290,0,2004,Sammamish,7,10,1,11,7.5,0.6540755467196819,0,98075
600000.0,2.0,2.5,2510,14878,2.0,0,0,3,2510,0,1990,Bothell,7,24,1,5,4.5,0.16869413267020633,0,98011
370000.0,2.0,1.0,860,6050,1.0,0,0,3,860,0,1952,Seattle,7,62,1,6,3.0,0.14212526855065277,0,98116
729032.0,4.0,2.5,2840,12866,1.0,0,0,4,1780,1060,1977,Bellevue,7,37,0,37,6.5,0.22071967047485816,1,98005
510000.0,3.0,1.75,1750,7020,2.0,0,0,3,1750,0,1934,Black Diamond,7,80,1,36,4.75,0.24925224327018944,0,98010
425000.0,3.0,1.5,1300,19163,1.0,0,0,3,1300,0,1964,Redmond,7,50,1,14,4.5,0.06783552494260071,0,98052
1080000.0,3.0,2.75,3890,7216,2.0,0,1,3,3260,630,1967,Seattle,7,47,1,4,5.75,0.5390051267839823,1,98118
337000.0,3.0,2.25,1460,941,3.0,0,0,3,1460,0,2006,Seattle,7,8,0,8,5.25,1.5498938428874736,0,98133
563000.0,4.0,1.0,1410,3376,1.5,0,0,5,1410,0,1911,Seattle,7,103,1,30,5.0,0.41753035238377256,0,98107
1695000.0,4.0,2.75,3770,10900,2.0,0,2,5,3070,700,1924,Seattle,7,90,1,58,6.75,0.34583983120814604,1,98144
245000.0,3.0,2.0,1190,4072,1.5,0,0,5,1190,0,1907,Seattle,7,107,0,107,5.0,0.29216793518291184,0,98118
590000.0,3.0,2.0,1410,6413,1.0,0,0,4,910,500,1947,Seattle,7,67,1,26,5.0,0.21983161833489243,1,98115
695000.0,3.0,2.0,2500,4080,1.5,0,0,5,1680,820,1922,Seattle,7,92,1,58,5.0,0.6125949522175937,1,98103
402500.0,2.0,1.0,800,2280,1.0,0,0,5,800,0,1946,Seattle,7,68,0,68,3.0,0.35072336694432266,0,98107
435000.0,3.0,2.5,2530,13446,2.0,0,0,3,2530,0,1993,Duvall,7,21,0,21,5.5,0.18814605488212985,0,98019
660000.0,3.0,2.0,2570,28500,1.0,0,0,3,1970,600,1983,Redmond,7,31,1,5,5.0,0.09017227465702958,1,98052
300000.0,3.0,2.75,2090,9620,1.0,0,0,3,1340,750,1987,Federal Way,7,27,1,14,5.75,0.21723313584866438,1,98023
600000.0,5.0,2.25,2980,7781,1.0,0,0,3,1580,1400,1960,Seattle,7,54,1,2,7.25,0.382934978154716,1,98125
205000.0,3.0,1.75,1170,8239,1.0,0,0,3,1170,0,1981,Covington,7,33,1,1,4.75,0.14199029126213591,0,98042
357500.0,3.0,3.5,2080,5100,2.0,0,0,3,2080,0,2004,Maple Valley,7,10,1,11,6.5,0.4077631836894727,0,98038
1110000.0,5.0,3.25,3350,4000,2.0,0,0,4,2510,840,1997,Seattle,7,17,0,17,8.25,0.8372906773306673,1,98105
332888.0,2.0,2.5,1050,1029,2.0,0,0,3,950,100,2007,Seattle,7,7,0,7,4.5,1.0194174757281553,1,98122
174000.0,2.0,1.0,900,13531,1.0,0,0,3,900,0,1979,Pacific,7,35,1,0,3.0,0.06650901566656814,0,98047
515000.0,2.0,1.0,1050,5000,1.0,0,0,5,1050,0,1907,Seattle,7,107,0,107,3.0,0.20995800839832032,0,98107
392000.0,5.0,2.25,3740,32481,1.5,0,0,3,2240,1500,1958,Des Moines,7,56,1,10,7.25,0.11514069330706238,1,98198
485000.0,4.0,1.75,1430,4096,2.0,0,0,3,1430,0,1900,Seattle,7,114,1,9,5.75,0.3490358799121308,0,98122
217500.0,3.0,1.75,1400,9546,1.0,0,0,4,1400,0,1984,Federal Way,7,30,0,30,4.75,0.1466429244788939,0,98003
502000.0,3.0,2.25,1600,45613,2.0,0,0,4,1600,0,1983,Woodinville,7,31,0,31,5.25,0.035076950059192355,0,98072
820000.0,3.0,2.25,2880,9750,2.0,0,0,3,2880,0,1989,Bellevue,7,25,0,25,5.25,0.295354322633576,0,98006
1640000.0,3.0,3.25,3140,5445,2.0,0,3,4,2240,900,1913,Seattle,7,101,0,101,6.25,0.5765699596033786,1,98109
102500.0,2.0,1.0,820,4320,1.0,0,0,3,820,0,1937,Seattle,7,77,1,15,3.0,0.18977088636889608,0,98106
925000.0,5.0,5.5,5190,12637,2.0,0,2,3,5190,0,2001,Snoqualmie,7,13,0,13,10.5,0.410666244658965,0,98065
540000.0,4.0,2.5,2180,10140,1.0,0,0,4,1180,1000,1968,Redmond,7,46,0,46,6.5,0.2149689379745587,1,98052
600000.0,2.0,1.0,910,2002,1.5,0,0,3,910,0,1900,Seattle,7,114,1,9,3.0,0.454318522216675,0,98112
406000.0,4.0,1.0,1580,8475,1.5,0,2,4,1580,0,1928,Seattle,7,86,0,86,5.0,0.18640868334119867,0,98178
620000.0,4.0,3.0,2130,6325,1.0,0,0,5,1440,690,1948,Seattle,7,66,1,29,7.0,0.33670565918431866,1,98116
1060000.0,4.0,2.5,4570,16015,2.0,0,2,3,4570,0,1990,Sammamish,7,24,1,5,6.5,0.28533966033966035,0,98074
401000.0,3.0,2.0,1240,11172,1.0,0,0,3,1000,240,1984,Sammamish,7,30,0,30,5.0,0.1109818312002148,1,98074
725000.0,3.0,1.75,1860,6000,2.0,0,2,4,1860,0,1959,Seattle,7,55,0,55,4.75,0.3099483419430095,0,98144
276000.0,1.0,0.75,370,1801,1.0,0,0,5,370,0,1923,Seattle,7,91,0,91,1.75,0.20532741398446172,0,98117
500000.0,5.0,3.25,3130,12087,2.0,0,0,3,2180,950,1975,Issaquah,7,39,0,39,8.25,0.25893448047650564,1,98027
375000.0,3.0,1.75,2530,35150,1.0,0,0,4,1800,730,1977,Kent,7,37,0,37,4.75,0.0719751927398936,1,98042
2300000.0,4.0,4.75,3970,9778,2.0,0,2,4,3390,580,1928,Seattle,7,86,0,86,8.75,0.40597198077513036,1,98119
260000.0,3.0,2.25,1920,9680,1.0,0,0,4,1300,620,1961,Kent,7,53,1,13,5.25,0.19832661915091415,1,98031
1565000.0,4.0,2.75,2970,12750,1.5,0,1,4,2130,840,1918,Bellevue,7,96,1,28,6.75,0.23292290800721513,1,98004
431000.0,4.0,2.5,2300,6087,2.0,0,0,3,2300,0,2001,Renton,7,13,0,13,6.5,0.37779237844940866,0,98056
321000.0,4.0,2.5,1830,9601,2.0,0,0,3,1830,0,2003,Maple Valley,7,11,0,11,6.5,0.19058529473026453,0,98038
433000.0,4.0,1.5,1550,5053,1.0,0,0,4,1180,370,1963,Seattle,7,51,0,51,5.5,0.30668777206173325,1,98118
920000.0,4.0,3.5,4080,10666,2.0,0,0,3,4080,0,2005,Redmond,7,9,0,9,7.5,0.3824880472485235,0,98053
482000.0,3.0,2.25,1710,21485,2.0,0,0,3,1710,0,1989,Sammamish,7,25,0,25,5.25,0.07958670762356884,0,98074
712000.0,3.0,2.5,2375,4094,2.0,0,0,3,2375,0,2002,Redmond,7,12,0,12,5.5,0.57997557997558,0,98052
505000.0,4.0,2.75,2200,9778,1.0,0,0,4,1100,1100,1962,Bellevue,7,52,0,52,6.75,0.2249718785151856,1,98006
2367000.0,3.0,2.25,3530,17450,1.0,1,3,3,1840,1690,1930,Mercer Island,7,84,1,21,5.25,0.20228067159475102,1,98040
452000.0,3.0,1.75,1110,9012,1.0,0,0,4,1110,0,1966,Redmond,7,48,0,48,4.75,0.12315544213913236,0,98052
581000.0,4.0,1.0,1630,2566,1.5,0,0,3,1630,0,1921,Seattle,7,93,1,14,5.0,0.6349824698091157,0,98122
952500.0,4.0,1.5,2550,5055,2.0,0,0,4,2550,0,1910,Seattle,7,104,0,104,5.5,0.5043512658227848,0,98112
808000.0,4.0,2.25,2500,8866,2.0,0,0,4,2500,0,1987,Bellevue,7,27,0,27,6.25,0.281944287808729,0,98007
476000.0,4.0,3.0,2890,6885,1.0,0,0,3,1590,1300,1945,Seattle,7,69,1,1,7.0,0.4196921289573047,1,98115
535000.0,4.0,1.75,1420,5000,1.5,0,0,4,1420,0,1945,Seattle,7,69,0,69,5.75,0.28394321135772843,0,98117
1356925.0,4.0,3.5,4270,5800,2.0,0,3,5,3170,1100,1937,Seattle,7,77,0,77,7.5,0.7360799862092743,1,98199
629800.0,3.0,2.5,2390,1984,2.0,0,0,3,2220,170,2008,Issaquah,7,6,0,6,5.5,1.2040302267002518,1,98029
417838.0,4.0,2.5,2530,5048,2.0,0,0,3,2530,0,2014,Maple Valley,7,0,0,0,6.5,0.5010893246187363,0,98038
399895.0,4.0,2.5,2701,4500,2.0,0,0,3,2701,0,2014,Auburn,7,0,0,0,6.5,0.6000888691401911,0,98092
825000.0,4.0,2.75,3990,6637,2.0,0,0,3,3990,0,2003,Redmond,7,11,0,11,6.75,0.6010846640554384,0,98053
300000.0,4.0,2.5,2303,3826,2.0,0,0,3,2303,0,2006,Auburn,7,8,0,8,6.5,0.6017768487065587,0,98092
640000.0,2.0,2.25,1540,965,3.0,0,0,3,1540,0,2007,Seattle,7,7,0,7,4.25,1.5942028985507246,0,98122
460000.0,3.0,2.5,1450,1053,2.0,0,0,3,940,510,2008,Seattle,7,6,0,6,5.5,1.3757115749525617,1,98107
525000.0,2.0,2.5,1160,1458,2.0,0,0,3,1040,120,2012,Seattle,7,2,1,102,4.5,0.7950651130911583,1,98119
499990.0,4.0,2.75,2910,6334,2.0,0,0,3,2910,0,2013,North Bend,7,1,1,91,6.75,0.4593528018942384,0,98045
1020000.0,4.0,3.5,3770,8501,2.0,0,0,3,3770,0,2008,Kirkland,7,6,0,6,7.5,0.4434250764525994,0,98033
675000.0,5.0,2.25,2900,10300,1.0,0,0,3,1450,1450,1985,Bellevue,7,29,0,29,7.25,0.2815260654305407,1,98006
512031.0,3.0,1.75,1540,3000,1.0,0,2,3,770,770,1920,Seattle,7,94,1,35,4.75,0.5131622792402533,1,98117
310000.0,2.0,1.0,700,3000,1.0,0,0,4,700,0,1918,Seattle,7,96,1,40,3.0,0.2332555814728424,0,98103
1075000.0,3.0,2.5,3280,10302,1.0,0,0,3,1680,1600,1970,Seattle,7,44,1,0,5.5,0.3183538775114044,1,98115
255000.0,4.0,2.0,2430,8960,1.0,0,0,3,1430,1000,1960,Seattle,7,54,1,2,6.0,0.2711750920656177,1,98178
435000.0,3.0,2.5,1900,7984,2.0,0,0,3,1900,0,1993,Bothell,7,21,0,21,5.5,0.23794614902943018,0,98011
453000.0,3.0,2.0,1660,15050,1.0,0,0,3,1260,400,1983,Kirkland,7,31,1,5,5.0,0.11029167497176268,1,98034
260000.0,4.0,2.0,1620,7992,2.0,0,0,4,1620,0,1975,Kent,7,39,0,39,6.0,0.20267734267484047,0,98031
659000.0,4.0,2.0,2090,10800,1.0,0,0,4,2090,0,1951,Mercer Island,7,63,1,15,6.0,0.19350060179613,0,98040
223000.0,3.0,2.0,1110,7231,1.0,0,0,4,1110,0,1991,Kent,7,23,0,23,5.0,0.1534845132743363,0,98031
851000.0,5.0,3.25,3760,9792,2.0,0,0,3,2550,1210,1984,Bellevue,7,30,0,30,8.25,0.38394771775758196,1,98006
605000.0,3.0,2.25,2080,12134,1.0,0,0,4,1530,550,1973,Redmond,7,41,0,41,5.25,0.17140502678203542,1,98052
895000.0,4.0,2.25,1950,5950,1.0,0,0,3,1330,620,1947,Seattle,7,67,1,2,6.25,0.32767602083683417,1,98109
519000.0,5.0,2.25,2570,13054,1.0,0,1,3,1470,1100,1950,Normandy Park,7,64,1,22,7.25,0.19685944082726925,1,98166
535000.0,3.0,1.75,2330,12141,1.0,0,0,3,1390,940,1983,Woodinville,7,31,1,5,4.75,0.19189589853401418,1,98072
489000.0,3.0,3.0,3700,10375,2.0,0,0,3,3700,0,1982,SeaTac,7,32,0,32,6.0,0.35659213569776405,0,98188
250000.0,3.0,2.25,1920,7738,1.0,0,0,3,1520,400,1965,Burien,7,49,1,21,5.25,0.24809406900116293,1,98148
580000.0,3.0,2.25,1900,3960,1.5,0,0,3,1200,700,1905,Seattle,7,109,1,4,5.25,0.4796768492804847,1,98122
1038000.0,4.0,1.75,1440,13296,1.0,0,0,4,1440,0,1967,Bellevue,7,47,0,47,5.75,0.10829510415883283,0,98004
605000.0,4.0,2.25,2940,48788,1.0,0,0,5,1520,1420,1961,Kenmore,7,53,0,53,6.25,0.06025948471991637,1,98028
599950.0,4.0,3.5,2500,3080,2.0,0,0,3,1810,690,2008,Redmond,7,6,0,6,7.5,0.8114248620577734,1,98052
700000.0,3.0,2.5,2490,23891,2.0,0,0,3,2490,0,1993,Redmond,7,21,0,21,5.5,0.10421898543445504,0,98053
480000.0,3.0,2.0,1470,10052,1.0,0,0,4,1470,0,1956,Seattle,7,58,0,58,5.0,0.14622500746045958,0,98125
329950.0,4.0,2.5,2120,4558,2.0,0,0,3,2120,0,2002,Maple Valley,7,12,0,12,6.5,0.46501425751261244,0,98038
250000.0,3.0,1.75,1200,24805,1.0,0,0,3,1200,0,1984,Kent,7,30,0,30,4.75,0.04837539305006853,0,98031
345000.0,5.0,2.5,2450,6994,2.0,0,0,3,2450,0,2002,Kent,7,12,0,12,7.5,0.35025017869907077,0,98030
175000.0,4.0,2.5,1780,6000,2.0,0,0,3,1780,0,1991,Des Moines,7,23,0,23,6.5,0.2966172304615897,0,98198
185000.0,5.0,1.0,1590,6700,1.5,0,0,3,1090,500,1942,Seattle,7,72,1,15,6.0,0.23727801820623787,1,98146
411000.0,4.0,2.0,2370,76665,2.0,0,0,4,2370,0,1978,Auburn,7,36,1,14,6.0,0.030913312289672083,0,98001
690000.0,3.0,1.5,1760,4000,2.0,0,0,3,1760,0,1922,Seattle,7,92,1,6,4.5,0.4398900274931267,0,98102
265000.0,4.0,3.0,1940,8170,1.0,0,0,4,1940,0,1948,Shoreline,7,66,0,66,7.0,0.23742503977481336,0,98155
720000.0,4.0,3.0,3550,12327,1.5,0,0,4,2180,1370,1990,Bothell,7,24,0,24,7.0,0.28796236210253084,1,98011
256000.0,4.0,2.5,2050,5787,2.0,0,0,3,2050,0,2002,Des Moines,7,12,0,12,6.5,0.35418106427090534,0,98198
255000.0,4.0,2.25,1680,3179,2.0,0,0,3,1680,0,2002,Auburn,7,12,0,12,6.25,0.5283018867924528,0,98092
540000.0,3.0,2.25,1320,1800,2.0,0,0,3,1320,0,1994,Seattle,7,20,0,20,5.25,0.7329261521377013,0,98122
481015.0,3.0,2.25,1550,5511,2.0,0,0,3,1550,0,1987,Kirkland,7,27,1,14,5.25,0.28120464441219156,0,98033
575000.0,3.0,1.75,2680,8625,1.0,0,0,5,1590,1090,1974,Issaquah,7,40,0,40,4.75,0.3106886158126594,1,98027
339950.0,3.0,2.5,2390,34041,1.0,0,0,3,1840,550,1984,Kent,7,30,0,30,5.5,0.07020739087010164,1,98042
475000.0,4.0,2.5,2040,7260,2.0,0,0,4,2040,0,1963,Shoreline,7,51,0,51,6.5,0.2809530367717945,0,98133
732000.0,3.0,3.75,2670,6517,2.5,0,4,4,2020,650,1977,Seattle,7,37,0,37,6.75,0.40963485731819577,1,98126
860000.0,4.0,1.75,1880,3720,1.5,0,0,4,1880,0,1924,Seattle,7,90,0,90,5.75,0.5052405267401237,0,98109
389000.0,4.0,1.75,2400,7700,1.5,0,0,4,1500,900,1927,Seattle,7,87,0,87,5.75,0.3116478379431243,1,98133
645000.0,3.0,1.75,2270,11472,1.0,0,0,4,1370,900,1956,Seattle,7,58,0,58,4.75,0.19785583543972807,1,98177
475000.0,4.0,2.5,1850,5444,2.0,0,0,5,1850,0,1981,Kirkland,7,33,0,33,6.5,0.3397612488521579,0,98034
550000.0,4.0,2.75,2160,5005,1.0,0,0,3,1430,730,1987,Seattle,7,27,1,14,6.75,0.43148222133439873,1,98115
305000.0,2.0,1.0,2160,12960,1.0,0,0,3,1360,800,1968,Tukwila,7,46,1,17,3.0,0.16665380757657589,1,98168
782000.0,2.0,1.5,1570,3600,1.5,0,2,4,1320,250,1906,Seattle,7,108,1,24,3.5,0.4359900027770064,1,98119
545000.0,3.0,2.0,1340,7200,1.5,0,0,4,1340,0,1923,Seattle,7,91,0,91,5.0,0.18608526593528676,0,98118
394500.0,4.0,2.5,3002,6042,2.0,0,0,3,3002,0,2004,Kent,7,10,1,11,6.5,0.49677312593082906,0,98031
600000.0,5.0,2.0,2190,9072,1.0,0,0,5,1110,1080,1965,Redmond,7,49,0,49,7.0,0.24137550975421582,1,98052
1300000.0,4.0,1.75,2610,21600,1.0,0,0,4,2610,0,1966,Clyde Hill,7,48,0,48,5.75,0.12082773945650664,0,98004
300000.0,2.0,1.0,1010,11919,1.0,0,0,3,1010,0,1947,Shoreline,7,67,1,2,3.0,0.08473154362416108,0,98155
330000.0,4.0,2.5,2105,6093,2.0,0,0,3,2105,0,2003,Kent,7,11,0,11,6.5,0.34542172628815226,0,98042
723000.0,4.0,2.25,2430,4748,1.5,0,0,3,1630,800,1928,Seattle,7,86,1,60,6.25,0.5116866708780796,1,98116
2271150.0,4.0,3.25,4040,18916,1.0,0,0,4,4040,0,1954,Medina,7,60,1,35,7.25,0.21356451868689538,0,98039
480000.0,5.0,2.5,2160,7737,2.0,0,0,3,2160,0,1998,Snoqualmie,7,16,1,8,7.5,0.2791418971310416,0,98065
496000.0,2.0,1.0,900,9260,1.0,0,0,3,900,0,1946,Seattle,7,68,0,68,3.0,0.09718172983479106,0,98107
625000.0,3.0,3.0,1820,1641,3.0,0,0,3,1540,280,2006,Seattle,7,8,0,8,6.0,1.1084043848964678,1,98119
475000.0,4.0,2.0,2100,13468,1.0,0,0,5,1050,1050,1962,Seattle,7,52,0,52,6.0,0.15591357933031405,1,98125
275250.0,3.0,2.25,1520,7199,2.0,0,0,4,1520,0,1992,Maple Valley,7,22,0,22,5.25,0.2111111111111111,0,98038
253000.0,2.0,1.0,1310,7128,1.0,0,0,4,940,370,1980,Kent,7,34,0,34,3.0,0.18375648758591667,1,98031
630000.0,4.0,2.5,2190,9880,1.0,0,0,4,1410,780,1979,Kirkland,7,35,0,35,6.5,0.22163748608440442,1,98033
660500.0,5.0,2.5,2950,5500,1.5,0,0,5,1720,1230,1918,Seattle,7,96,0,96,7.5,0.5362661334302854,1,98144
262000.0,5.0,1.0,1870,7800,1.0,0,0,3,1580,290,1962,Seattle,7,52,1,11,6.0,0.23971285732598385,1,98168
2147500.0,3.0,3.5,4660,5500,2.0,0,4,5,3040,1620,1909,Seattle,7,105,1,26,6.5,0.8471187056898746,1,98102
552000.0,3.0,2.5,1840,9900,1.0,0,0,3,1840,0,1978,Bellevue,7,36,0,36,5.5,0.18583981416018583,0,98007
1411600.0,2.0,2.5,3180,9400,2.0,0,4,5,2610,570,1985,Bellevue,7,29,0,29,4.5,0.33826188703329435,1,98006
736000.0,2.0,1.0,1500,4000,1.0,0,0,3,1100,400,1933,Seattle,7,81,0,81,3.0,0.37490627343164207,1,98109
355000.0,3.0,1.75,1730,7416,1.5,0,0,3,1730,0,1954,Shoreline,7,60,1,9,4.75,0.23324794391263315,0,98133
305000.0,3.0,1.0,1580,7424,1.0,0,0,3,1010,570,1962,Renton,7,52,1,11,4.0,0.2127946127946128,1,98058
484998.0,4.0,2.5,1540,1870,2.0,0,0,3,1540,0,2014,Issaquah,7,0,0,0,6.5,0.8230892570817745,0,98029
1054690.0,4.0,3.5,3390,3979,2.0,0,0,3,2610,780,2014,Seattle,7,0,0,0,7.5,0.8517587939698492,1,98199
334500.0,2.0,1.5,830,1858,2.0,0,0,3,830,0,2005,Seattle,7,9,0,9,3.5,0.44647660032275416,0,98144
475000.0,4.0,2.75,2620,6178,2.0,0,0,3,2620,0,2013,North Bend,7,1,1,91,6.75,0.4240168312024599,0,98045
309780.0,3.0,2.5,2242,4500,2.0,0,0,3,2242,0,2014,Auburn,7,0,0,0,5.5,0.4981115307709398,0,98092
795000.0,4.0,2.5,2890,7798,2.0,0,0,3,2890,0,2005,Bellevue,7,9,0,9,6.5,0.3705603282472112,0,98006
274500.0,3.0,2.25,1450,4050,2.0,0,0,3,1450,0,2010,Maple Valley,7,4,0,4,5.25,0.35793631202172305,0,98038
265050.0,2.0,1.5,800,2119,2.0,0,0,3,800,0,2008,Seattle,7,6,0,6,3.5,0.37735849056603776,0,98106
567500.0,3.0,2.5,2280,2502,2.0,0,0,3,1880,400,2006,Issaquah,7,8,0,8,5.5,0.9109069117059528,1,98027
915000.0,3.0,4.5,3850,62726,2.0,0,0,3,3120,730,2013,Redmond,7,1,1,91,7.5,0.06137707845106573,1,98053
285000.0,5.0,2.5,2270,6300,2.0,0,0,3,2270,0,1995,Auburn,7,19,0,19,7.5,0.3602602761466434,0,98092
445838.0,3.0,2.5,2250,5692,2.0,0,0,3,2250,0,2000,Seattle,7,14,0,14,5.5,0.3952222027050764,0,98146
304900.0,4.0,1.75,2600,11325,1.0,0,0,4,1610,990,1969,Kent,7,45,0,45,5.75,0.2295603037259403,1,98031
940000.0,4.0,2.0,2490,9525,2.0,0,0,5,2490,0,1968,Mercer Island,7,46,0,46,6.0,0.2613898803275247,0,98040
1127000.0,4.0,2.5,3160,8281,2.0,0,0,4,3160,0,1995,Kirkland,7,19,0,19,6.5,0.3815503501569669,0,98033
835000.0,4.0,4.25,4930,25714,2.0,0,0,3,4930,0,2005,Auburn,7,9,0,9,8.25,0.191716896752868,0,98092
290000.0,3.0,1.0,1440,11250,1.0,0,0,3,1440,0,1967,Renton,7,47,1,3,4.0,0.12798862323349036,0,98055
250000.0,3.0,1.75,1770,8868,1.0,0,0,4,1770,0,1959,Auburn,7,55,0,55,4.75,0.1995715413237118,0,98002
342000.0,4.0,2.5,2300,6448,2.0,0,0,3,2300,0,2001,Kent,7,13,0,13,6.5,0.35664444099860443,0,98030
1012000.0,4.0,2.5,2980,16263,2.0,0,0,3,2980,0,1989,Bellevue,7,25,0,25,6.5,0.18322675848499753,0,98006
400000.0,4.0,2.25,2230,7200,1.0,0,0,4,1300,930,1963,Shoreline,7,51,0,51,6.25,0.3096792112206638,1,98133
312500.0,3.0,1.75,1830,7969,1.0,0,0,3,930,900,1950,Renton,7,64,1,6,4.75,0.22961104140526975,1,98055
267000.0,3.0,1.0,1740,10875,1.0,0,0,4,1020,720,1962,Tukwila,7,52,0,52,4.0,0.1599852887090842,1,98188
575000.0,3.0,1.75,1530,6743,1.0,0,0,3,1410,120,1955,Seattle,7,59,1,9,4.75,0.22686832740213522,1,98116
810000.0,3.0,1.5,1520,9041,1.0,0,0,4,1520,0,1954,Bellevue,7,60,1,35,4.5,0.168104401681044,0,98004
850000.0,3.0,2.5,3230,5000,2.0,0,2,5,2430,800,1945,Seattle,7,69,0,69,5.5,0.645870825834833,1,98117
1015000.0,3.0,3.25,3620,4000,2.0,0,0,3,2730,890,2005,Seattle,7,9,0,9,6.25,0.9047738065483629,1,98199
1100000.0,4.0,3.75,5070,60123,2.0,0,0,3,5070,0,2000,Redmond,7,14,0,14,7.75,0.08432572683121549,0,98053
240000.0,3.0,1.75,1570,8750,1.0,0,0,3,1570,0,1960,Burien,7,54,1,2,4.75,0.1794080676494115,0,98148
198000.0,4.0,1.75,2080,7200,1.0,0,0,4,1050,1030,1966,Auburn,7,48,0,48,5.75,0.2888487710040272,1,98001
565000.0,4.0,2.5,2230,8624,1.0,0,0,4,1430,800,1969,Redmond,7,45,0,45,6.5,0.25855072463768114,1,98052
1195000.0,5.0,3.0,3420,18129,2.0,0,0,3,2540,880,1952,Mercer Island,7,62,1,9,8.0,0.1886376172090458,1,98040
340000.0,8.0,2.75,2790,6695,1.0,0,0,3,1470,1320,1977,Shoreline,7,37,1,10,10.75,0.4166666666666667,1,98133
815000.0,4.0,2.5,3150,4203,2.0,0,0,3,3150,0,2002,Kirkland,7,12,0,12,6.5,0.7492863939105614,0,98033
1875000.0,4.0,3.25,3930,10929,2.0,0,0,3,3930,0,2006,Bellevue,7,8,0,8,7.25,0.3595608417200366,0,98004
588000.0,5.0,3.0,2190,4900,2.0,0,0,5,1490,700,1940,Seattle,7,74,0,74,8.0,0.4468475821260967,1,98117
280500.0,4.0,2.5,1890,6962,2.0,0,0,3,1890,0,1997,Auburn,7,17,0,17,6.5,0.2714347264110297,0,98092
390000.0,4.0,2.0,1900,76877,1.0,0,0,3,1900,0,2004,Kent,7,10,1,11,6.0,0.024714482686854496,0,98042
509000.0,2.0,1.5,1930,3521,2.0,0,0,3,1930,0,1989,Bellevue,7,25,0,25,3.5,0.5479840999432141,0,98007
490600.0,3.0,2.5,3316,11447,2.0,0,0,3,3316,0,1986,Federal Way,7,28,0,28,5.5,0.2896575821104123,0,98023
650000.0,3.0,1.5,1380,4500,1.0,0,0,5,1380,0,1960,Mercer Island,7,54,0,54,4.5,0.3065985336591868,0,98040
715000.0,3.0,4.0,2080,2250,3.0,0,4,3,2080,0,1997,Seattle,7,17,0,17,7.0,0.9240337627721013,0,98103
529950.0,3.0,1.0,1240,5000,1.5,0,0,5,1240,0,1909,Seattle,7,105,1,26,4.0,0.2479504099180164,0,98107
265000.0,3.0,1.0,1020,8610,1.0,0,0,5,1020,0,1959,Renton,7,55,0,55,4.0,0.11845314133085588,0,98056
1755000.0,3.0,2.0,2360,4800,2.0,0,0,3,2360,0,1909,Seattle,7,105,1,0,5.0,0.49156425744636534,0,98112
1140000.0,3.0,2.5,2780,33503,1.5,0,1,4,2110,670,1969,Sammamish,7,45,0,45,5.5,0.08297516714422158,1,98075
610000.0,3.0,2.0,2300,13418,1.0,0,0,3,1430,870,1955,Bellevue,7,59,1,9,5.0,0.17139876294805872,1,98004
554729.0,4.0,2.5,2020,4350,2.0,0,0,5,1730,290,1943,Seattle,7,71,0,71,6.5,0.46426108940473454,1,98199
395000.0,5.0,1.75,1840,10453,1.0,0,2,3,1360,480,1948,Burien,7,66,1,20,6.75,0.17600918308781327,1,98166
341000.0,3.0,1.0,1390,4814,1.5,0,0,3,1390,0,1908,Seattle,7,106,1,26,4.0,0.28868120456905505,0,98115
264500.0,4.0,2.25,2060,11385,1.0,0,0,4,1200,860,1962,Federal Way,7,52,0,52,6.25,0.18092394168276832,1,98023
395000.0,4.0,2.75,2640,35070,1.5,0,0,3,2640,0,1963,Kent,7,51,1,6,6.75,0.07527586895155541,0,98031
640000.0,3.0,2.25,1980,10115,1.0,0,0,3,1980,0,1959,Bellevue,7,55,1,25,5.25,0.19572953736654805,0,98005
430000.0,3.0,1.5,1810,5080,1.0,0,0,3,1030,780,1958,Seattle,7,56,1,10,4.5,0.3562290887620547,1,98115
410000.0,4.0,2.5,1700,9000,1.0,0,0,5,1700,0,1972,Kirkland,7,42,0,42,6.5,0.18886790356627042,0,98034
220000.0,4.0,1.0,1200,6000,1.5,0,0,3,1200,0,1923,Seattle,7,91,1,16,5.0,0.19996667222129644,0,98106
1625000.0,4.0,3.25,2980,3600,2.0,0,0,3,2150,830,1999,Seattle,7,15,0,15,7.25,0.8275479033601777,1,98112
405500.0,2.0,2.75,1350,1252,2.0,0,0,3,1120,230,2006,Seattle,7,8,0,8,4.75,1.077414205905826,1,98136
633000.0,4.0,2.5,2360,10000,1.0,0,3,3,1980,380,1977,Seattle,7,37,1,10,6.5,0.23597640235976403,1,98126
295950.0,2.0,1.0,1190,6200,1.0,0,0,3,1190,0,1948,Shoreline,7,66,1,20,3.0,0.19190453152717304,0,98133
1042031.0,4.0,5.0,4110,43560,2.0,0,0,4,4110,0,1978,Bellevue,7,36,1,14,9.0,0.09435045109157274,0,98005
605000.0,4.0,2.5,2800,10786,1.0,0,0,3,1420,1380,1970,Bellevue,7,44,1,0,6.5,0.25957170668397145,1,98008
255000.0,2.0,1.5,920,1598,2.0,0,0,3,920,0,1995,Seattle,7,19,0,19,3.5,0.5753595997498436,0,98133
474000.0,3.0,1.75,1530,8000,2.0,0,0,3,1530,0,1978,Redmond,7,36,0,36,4.75,0.19122609673790777,0,98052
370000.0,2.0,1.0,860,5040,1.0,0,0,3,860,0,1956,Seattle,7,58,1,13,3.0,0.17060107121602858,0,98117
288000.0,3.0,2.5,1520,3593,2.0,0,0,3,1520,0,2004,Maple Valley,7,10,1,11,5.5,0.42292710072342793,0,98038
100000.0,2.0,0.75,660,5240,1.0,0,0,4,660,0,1912,Kent,7,102,1,25,2.75,0.12593016599885518,0,98032
1150000.0,5.0,2.5,3580,8921,2.0,0,0,3,3580,0,2000,Kirkland,7,14,0,14,7.5,0.40125532391840396,0,98033
600000.0,5.0,2.25,3000,13899,2.0,0,0,4,3000,0,1975,Redmond,7,39,0,39,7.25,0.2158273381294964,0,98052
515000.0,5.0,3.25,2740,9629,1.0,0,0,5,1390,1350,1977,Bothell,7,37,0,37,8.25,0.284527518172378,1,98011
345000.0,4.0,2.5,2040,5523,2.0,0,0,3,2040,0,1999,Burien,7,15,0,15,6.5,0.36929761042722664,0,98148
975000.0,6.0,2.75,2520,54160,2.0,1,4,3,2520,0,1954,Seattle,7,60,1,9,8.75,0.046527944461882166,0,98146
850000.0,3.0,2.0,2470,8800,2.0,0,0,3,2470,0,1961,Mercer Island,7,53,1,10,5.0,0.28064992614475626,0,98040
439990.0,3.0,2.5,1930,1348,2.0,0,0,3,1300,630,2005,Seattle,7,9,0,9,5.5,1.4306893995552261,1,98199
554950.0,3.0,2.5,2950,10254,2.0,0,0,3,2950,0,2006,Renton,7,8,0,8,5.5,0.28766455387615797,0,98059
605000.0,3.0,2.5,2610,6405,2.0,0,0,3,2610,0,2001,Snoqualmie,7,13,0,13,5.5,0.4074305338744927,0,98065
609000.0,3.0,1.75,1630,1526,3.0,0,0,3,1630,0,2014,Seattle,7,0,0,0,4.75,1.0674525212835626,0,98103
425000.0,3.0,1.5,1400,1022,3.0,0,0,3,1400,0,2007,Seattle,7,7,0,7,4.5,1.3685239491691104,0,98115
399900.0,2.0,1.75,1410,1005,1.5,0,0,3,900,510,2011,Issaquah,7,3,0,3,3.75,1.4015904572564613,1,98029
1025000.0,4.0,3.5,4370,10860,2.0,0,0,3,4370,0,2008,Renton,7,6,0,6,7.5,0.40235705736120064,0,98059
2351956.0,4.0,4.25,5010,19412,2.0,0,1,3,4000,1010,2014,Mercer Island,7,0,0,0,8.25,0.258074486169062,1,98040
519995.0,4.0,3.0,2590,6160,2.0,0,0,3,2590,0,2014,Renton,7,0,0,0,7.0,0.4203863009251745,0,98059
625000.0,3.0,1.5,1300,7200,1.0,0,0,5,1300,0,1960,Kirkland,7,54,0,54,4.5,0.18053048187751702,0,98033
600000.0,3.0,2.5,2320,7609,2.0,0,0,3,2320,0,2003,Issaquah,7,11,0,11,5.5,0.30486202365308807,0,98027
1200000.0,4.0,2.5,2700,4275,2.0,0,0,3,2700,0,2004,Seattle,7,10,1,11,6.5,0.6314312441534145,0,98115
1738000.0,4.0,2.25,2920,6513,2.0,0,0,4,2260,660,1937,Seattle,7,77,0,77,6.25,0.4482652747927541,1,98112
671000.0,4.0,3.0,3130,5700,1.5,0,0,3,1750,1380,1953,Seattle,7,61,0,61,7.0,0.5490264865813015,1,98115
459500.0,3.0,1.75,1470,4950,1.0,0,0,3,1030,440,1984,Seattle,7,30,0,30,4.75,0.2969097152090487,1,98133
499000.0,3.0,2.5,1540,1326,3.0,0,0,3,1390,150,1995,Seattle,7,19,0,19,5.5,1.1605124340617936,1,98119
1280000.0,4.0,2.5,3160,4620,1.5,0,4,3,2020,1140,1917,Seattle,7,97,1,9,6.5,0.683834667820818,1,98116
395000.0,3.0,1.75,1480,7700,1.0,0,0,3,1480,0,1975,Kirkland,7,39,0,39,4.75,0.19218283339825998,0,98034
861990.0,5.0,2.75,3595,5639,2.0,0,0,3,3595,0,2014,Redmond,7,0,0,0,7.75,0.6374113475177305,0,98053
382500.0,2.0,1.0,1190,4440,1.0,0,0,3,1190,0,1981,Seattle,7,33,1,1,3.0,0.26795766719207387,0,98125
404950.0,4.0,2.25,2340,217014,1.0,0,0,4,2340,0,1982,Auburn,7,32,1,3,6.25,0.01078266479275626,0,98092
530000.0,3.0,1.75,1320,2500,1.0,0,0,3,870,450,1918,Seattle,7,96,0,96,4.75,0.5277888844462215,1,98105
195000.0,2.0,1.0,1190,27007,1.0,0,0,4,1190,0,1910,Issaquah,7,104,0,104,3.0,0.044061018957345974,0,98027
747500.0,4.0,2.25,2350,18600,2.0,0,0,4,2350,0,1977,Kenmore,7,37,0,37,6.25,0.12633729369388744,0,98028
199990.0,3.0,1.0,1100,8560,1.0,0,0,3,1100,0,1961,Federal Way,7,53,1,10,4.0,0.12848966242261417,0,98023
548800.0,4.0,1.0,1660,4704,1.5,0,0,3,1260,400,1930,Seattle,7,84,1,17,5.0,0.3528161530286929,1,98115
870000.0,4.0,3.0,3040,36246,1.5,0,0,3,2680,360,1923,Sammamish,7,91,1,0,7.0,0.08386900984909096,1,98074
588000.0,3.0,2.0,1860,4777,2.0,0,0,5,1860,0,1908,Seattle,7,106,0,106,5.0,0.38928421933863544,0,98115
775000.0,4.0,3.25,4100,241322,2.0,0,0,3,2500,1600,1981,Woodinville,7,33,1,1,7.25,0.016989677734820137,1,98072
670000.0,6.0,3.0,4050,36171,2.0,0,0,4,2620,1430,1970,Issaquah,7,44,0,44,9.0,0.11196505584429946,1,98027
445000.0,2.0,2.0,1240,2500,2.0,0,0,3,1240,0,1985,Seattle,7,29,0,29,4.0,0.4958016793282687,0,98117
300000.0,4.0,3.0,2200,10800,1.0,0,0,3,2200,0,1960,Renton,7,54,1,2,7.0,0.2036848439959263,0,98058
480000.0,3.0,2.25,1680,9090,1.0,0,0,4,1130,550,1959,Bellevue,7,55,0,55,5.25,0.18479815201847982,1,98008
300000.0,3.0,1.0,930,5160,1.5,0,0,5,930,0,1919,Seattle,7,95,1,80,4.0,0.18019763611703157,0,98106
360000.0,3.0,1.5,1800,22000,2.0,0,0,3,1800,0,1931,Tukwila,7,83,0,83,4.5,0.0818144629789555,0,98168
527000.0,6.0,3.5,3000,8401,1.0,0,0,3,1500,1500,1979,Seattle,7,35,1,0,9.5,0.357057843370626,1,98125
875000.0,3.0,1.5,1820,12686,1.0,0,0,4,1820,0,1952,Bellevue,7,62,0,62,4.5,0.14345392921888547,0,98004
266000.0,4.0,2.25,1995,7102,2.0,0,0,4,1995,0,1981,Federal Way,7,33,0,33,6.25,0.28086723919470646,0,98023
866000.0,4.0,3.25,3990,9786,2.0,0,0,3,3990,0,2004,Redmond,7,10,1,11,7.25,0.40768366200061307,0,98053
335950.0,2.0,1.5,800,5192,1.0,0,0,5,800,0,1951,Seattle,7,63,0,63,3.5,0.154053533602927,0,98146
215000.0,3.0,1.0,960,9563,1.0,0,0,5,960,0,1967,Federal Way,7,47,0,47,4.0,0.10037641154328733,0,98023
481000.0,4.0,2.5,2286,8269,2.0,0,0,3,2286,0,2002,Renton,7,12,0,12,6.5,0.27642079806529624,0,98056
320000.0,3.0,1.75,2220,11646,1.0,0,0,3,1270,950,1950,Kenmore,7,64,1,9,4.75,0.19060702326779427,1,98028
295000.0,3.0,1.75,1940,7500,1.5,0,0,4,1940,0,1918,Enumclaw,7,96,1,29,4.75,0.25863218237568325,0,98022
295000.0,3.0,1.5,1640,7222,2.0,0,0,4,1640,0,1908,Seattle,7,106,0,106,4.5,0.22705247127232453,0,98108
320000.0,3.0,1.0,1120,10576,1.0,0,0,4,1120,0,1969,Woodinville,7,45,0,45,4.0,0.10589013898080742,0,98077
780000.0,4.0,2.0,2600,4800,1.0,0,2,3,1400,1200,1953,Seattle,7,61,0,61,6.0,0.5415538429493856,1,98119
437500.0,3.0,2.0,1490,4800,2.0,0,0,5,1490,0,1948,Seattle,7,66,1,29,5.0,0.3103520099979171,0,98117
443000.0,5.0,1.75,1650,3000,1.5,0,0,3,1650,0,1902,Seattle,7,112,0,112,6.75,0.5498167277574142,0,98144
575000.0,4.0,2.5,2400,6137,2.0,0,0,3,2400,0,1990,Sammamish,7,24,1,5,6.5,0.39100684261974583,0,98074
245000.0,2.0,1.0,1500,6685,1.0,0,0,3,1190,310,1926,Seattle,7,88,1,11,3.0,0.22434938677834282,1,98133
450000.0,3.0,2.5,1990,12793,2.0,0,0,3,1990,0,1993,Kenmore,7,21,0,21,5.5,0.15554166015319681,0,98028
536000.0,2.0,1.5,1130,746,2.0,0,0,3,1030,100,2009,Seattle,7,5,0,5,3.5,1.5127175368139223,1,98107
685000.0,3.0,3.25,2030,11070,2.0,0,0,4,2030,0,1980,Redmond,7,34,0,34,6.25,0.18336193659109384,0,98052
373000.0,4.0,1.75,1590,7920,2.0,0,0,4,1590,0,1960,Shoreline,7,54,1,13,5.75,0.20073223077894206,0,98133
450000.0,3.0,1.75,1480,8394,1.0,0,0,4,1480,0,1971,Redmond,7,43,0,43,4.75,0.17629541393686718,0,98052
645000.0,4.0,2.5,2690,18653,2.0,0,0,3,2690,0,1985,Sammamish,7,29,0,29,6.5,0.14420499624745364,0,98074
1275000.0,3.0,2.5,3870,46609,2.0,0,3,3,3870,0,1997,Bellevue,7,17,0,17,5.5,0.08302939283415577,0,98008
230000.0,3.0,1.0,1390,6000,1.0,0,0,3,1390,0,1954,Renton,7,60,1,9,4.0,0.2316280619896684,0,98056
593000.0,3.0,2.75,1830,1850,2.0,0,0,3,1690,140,2011,Issaquah,7,3,0,3,5.75,0.9886547811993517,1,98027
558000.0,2.0,2.0,1580,5750,1.0,0,0,5,790,790,1910,Seattle,7,104,0,104,4.0,0.27473482872543903,1,98116
538250.0,3.0,2.25,2590,15229,2.0,0,3,3,2590,0,1984,Des Moines,7,30,0,30,5.25,0.170059093893631,0,98198
475000.0,5.0,2.5,2510,8050,1.0,0,0,4,1490,1020,1977,Kirkland,7,37,0,37,7.5,0.3117625139734195,1,98034
209950.0,3.0,1.5,1180,7300,1.0,0,0,4,1180,0,1968,Auburn,7,46,0,46,4.5,0.16162169565812903,0,98002
410000.0,3.0,2.25,1450,19206,2.0,0,0,3,1450,0,1989,Sammamish,7,25,0,25,5.25,0.0754933097308273,0,98074
1636000.0,3.0,2.5,3110,6765,2.0,0,1,4,2550,560,1946,Seattle,7,68,1,25,5.5,0.459651197162282,1,98115
670000.0,5.0,2.5,2860,68519,2.0,0,0,5,2860,0,1958,Snoqualmie,7,56,0,56,7.5,0.04173963806187974,0,98065
821000.0,3.0,2.75,2760,8476,1.0,0,0,4,1690,1070,1967,Mercer Island,7,47,0,47,5.75,0.3255868821517046,1,98040
665000.0,5.0,2.0,2800,17788,1.0,0,0,4,1400,1400,1963,Kirkland,7,51,0,51,7.0,0.1574006408454663,1,98033
339000.0,3.0,2.5,1450,3748,2.0,0,0,3,1450,0,2004,Snoqualmie,7,10,1,11,5.5,0.38676980528140836,0,98065
631500.0,4.0,2.0,2530,5650,1.5,0,0,4,1910,620,1910,Seattle,7,104,0,104,6.0,0.4477083701999646,1,98116
570000.0,3.0,2.0,1640,2808,1.0,0,3,4,820,820,1924,Seattle,7,90,0,90,5.0,0.5838376646493414,1,98144
437000.0,3.0,1.75,2220,17568,1.0,0,0,4,2220,0,1967,Woodinville,7,47,0,47,4.75,0.126358927656668,0,98072
542500.0,3.0,2.5,2040,10086,2.0,0,0,3,2040,0,1987,Redmond,7,27,1,14,5.5,0.20224050758401904,0,98052
229500.0,3.0,1.0,1230,6000,1.0,0,0,4,1230,0,1967,Auburn,7,47,0,47,4.0,0.20496583902682886,0,98002
170500.0,2.0,1.0,1060,7700,1.0,0,0,3,820,240,1981,Renton,7,33,1,1,3.0,0.1376444617582132,1,98055
391500.0,3.0,2.5,1920,9625,2.0,0,0,3,1920,0,1993,North Bend,7,21,0,21,5.5,0.1994597963847912,0,98045
296475.0,3.0,2.5,1520,4170,2.0,0,0,3,1520,0,2004,Maple Valley,7,10,1,11,5.5,0.3644210021577559,0,98038
1450000.0,4.0,3.25,3770,4103,2.0,0,0,5,2710,1060,1925,Seattle,7,89,0,89,7.25,0.9186159844054581,1,98109
888550.0,3.0,2.5,3540,38322,2.0,0,0,3,3540,0,1989,Redmond,7,25,0,25,5.5,0.09237272656107298,0,98053
1360000.0,4.0,3.0,5430,108900,2.0,0,0,4,5430,0,1987,Redmond,7,27,0,27,7.0,0.049861801085389484,0,98053
328000.0,3.0,2.0,2250,7904,1.5,0,0,3,2250,0,1998,Auburn,7,16,1,8,5.0,0.2846299810246679,0,98001
300000.0,4.0,2.5,2090,5195,2.0,0,0,3,2090,0,2007,Kent,7,7,0,7,6.5,0.40223248652809857,0,98031
500000.0,3.0,2.5,1720,3012,2.0,0,0,3,1720,0,2011,Seattle,7,3,0,3,5.5,0.570859608363757,0,98133
494815.0,3.0,2.5,1910,2091,2.0,0,0,3,1910,0,2014,Issaquah,7,0,0,0,5.5,0.9130019120458891,0,98029
378000.0,3.0,2.5,1601,2491,3.0,0,0,3,1536,65,2007,Seattle,7,7,0,7,5.5,0.6424558587479936,1,98125
505000.0,2.0,2.25,1060,1209,2.0,0,0,3,940,120,2006,Seattle,7,8,0,8,4.25,0.8760330578512396,1,98102
680000.0,4.0,2.75,2330,3920,2.0,0,0,3,2330,0,2005,Issaquah,7,9,0,9,6.75,0.5942361642438153,0,98029
351999.0,3.0,2.5,2370,4200,2.0,0,0,3,2370,0,2014,Maple Valley,7,0,0,0,5.5,0.5641513925255891,0,98038
510000.0,3.0,2.5,1420,1237,3.0,0,0,3,1420,0,2014,Seattle,7,0,0,0,5.5,1.1470113085621971,0,98107
1300000.0,4.0,2.25,2360,4000,2.0,0,0,3,2360,0,2013,Seattle,7,1,1,91,6.25,0.5898525368657835,0,98112
374000.0,2.0,1.5,1260,1575,2.0,0,0,3,1260,0,2001,Seattle,7,13,0,13,3.5,0.799492385786802,0,98144
509900.0,3.0,2.5,3030,9053,2.0,0,0,3,3030,0,2009,Renton,7,5,0,5,5.5,0.33465871438038436,0,98059
230000.0,3.0,1.75,1140,1201,2.0,0,0,3,1140,0,2014,Seattle,7,0,0,0,4.75,0.9484193011647255,0,98108
527700.0,5.0,2.5,2820,9375,1.0,0,0,4,1550,1270,1968,Bellevue,7,46,0,46,7.5,0.3007679180887372,1,98006
438000.0,2.0,2.0,1270,1372,3.0,0,0,3,1270,0,2000,Seattle,7,14,0,14,4.0,0.9249817916970139,0,98115
900000.0,3.0,2.5,3180,12600,2.0,0,0,4,3180,0,1978,Sammamish,7,36,1,14,5.5,0.2523609237362114,0,98074
1131000.0,3.0,2.25,2790,13791,1.0,0,3,3,2790,0,2006,Normandy Park,7,8,0,8,5.25,0.20229118329466358,0,98166
439000.0,4.0,2.25,2570,9503,2.0,0,0,3,2570,0,1980,Bothell,7,34,0,34,6.25,0.27041245791245794,0,98011
315000.0,2.0,1.0,1080,2674,1.0,0,0,4,720,360,1919,Seattle,7,95,1,29,3.0,0.40373831775700936,1,98108
765000.0,4.0,4.0,3010,7221,2.0,0,0,3,3010,0,2004,Sammamish,7,10,1,11,8.0,0.4167820548324564,0,98075
332000.0,3.0,2.25,2120,14915,1.0,0,0,3,1720,400,1979,Auburn,7,35,1,0,5.25,0.14212925717350497,1,98001
600000.0,3.0,2.25,1900,46609,1.5,0,0,4,1440,460,1969,Woodinville,7,45,0,45,5.25,0.040763784595580346,1,98072
378500.0,3.0,2.5,2860,43821,2.0,0,0,4,2860,0,1990,Auburn,7,24,0,24,5.5,0.06526402263703163,0,98092
190000.0,3.0,1.0,910,10575,1.0,0,0,4,910,0,1968,Federal Way,7,46,0,46,4.0,0.08604387291981845,0,98003
645000.0,4.0,2.5,2850,37522,2.0,0,0,3,2850,0,1987,Sammamish,7,27,1,14,6.5,0.07595341523865362,0,98075
780000.0,2.0,2.5,2560,2500,2.0,0,0,5,1690,870,1901,Seattle,7,113,0,113,4.5,1.0235905637744902,1,98112
370000.0,3.0,1.75,1570,16817,2.0,0,0,3,1570,0,1982,North Bend,7,32,0,32,4.75,0.09335236056606018,0,98045
875000.0,4.0,3.5,3110,108464,2.0,0,2,4,3110,0,1979,Sammamish,7,35,0,35,7.5,0.028672843774489466,0,98075
1049000.0,4.0,3.75,4740,126759,2.0,0,0,4,4740,0,1991,Issaquah,7,23,0,23,7.75,0.03739349952666456,0,98027
479000.0,3.0,1.0,1340,13750,1.0,0,0,4,1340,0,1955,Bellevue,7,59,1,5,4.0,0.09744745836666424,0,98006
245000.0,4.0,2.25,2600,6390,1.0,0,0,3,1390,1210,1978,Federal Way,7,36,0,36,6.25,0.4068220935690815,1,98023
542000.0,3.0,1.75,1070,8030,1.0,0,0,3,1070,0,1966,Redmond,7,48,1,0,4.75,0.13323371933756692,0,98052
557500.0,3.0,2.25,1820,9670,2.0,0,0,3,1820,0,1984,Redmond,7,30,0,30,5.25,0.18819150036190674,0,98052
480000.0,2.0,1.0,1060,3040,1.0,0,0,3,860,200,1924,Seattle,7,90,1,3,3.0,0.3485695494902992,1,98103
330000.0,3.0,2.25,2220,4060,1.0,0,0,3,1330,890,1993,Seattle,7,21,0,21,5.25,0.5466633834031027,1,98118
160000.0,3.0,1.0,1350,8700,1.5,0,0,3,1350,0,1942,SeaTac,7,72,1,15,4.0,0.155154579933341,0,98188
695500.0,5.0,2.75,2510,9180,1.0,0,1,4,1600,910,1975,Redmond,7,39,0,39,7.75,0.273390698181026,1,98052
235500.0,5.0,2.5,2340,13713,1.0,0,0,2,1670,670,1967,Federal Way,7,47,0,47,7.5,0.17062855476155753,1,98003
326500.0,3.0,1.0,1060,7920,1.0,0,0,4,1060,0,1968,Seattle,7,46,0,46,4.0,0.13382148718596137,0,98106
300000.0,4.0,2.5,2200,8065,2.0,0,0,3,2200,0,1998,Kent,7,16,1,8,6.5,0.2727498140342177,0,98031
267000.0,3.0,1.0,1400,8100,1.5,0,0,3,1400,0,1944,Seattle,7,70,0,70,4.0,0.17281817059622268,0,98125
292600.0,3.0,1.5,1520,7123,1.0,0,0,4,1520,0,1959,Renton,7,55,0,55,4.5,0.2133632790567097,0,98056
362000.0,5.0,3.0,1810,3000,2.0,0,0,3,1810,0,1998,Seattle,7,16,1,8,8.0,0.603132289236921,0,98118
1087500.0,2.0,2.0,2360,11340,1.5,0,0,3,2360,0,1997,Mercer Island,7,17,0,17,4.0,0.20809452429239045,0,98040
357562.0,2.0,1.75,1210,1032,2.0,0,0,3,1210,0,2014,Issaquah,7,0,0,0,3.75,1.1713455953533398,0,98029
789900.0,3.0,2.5,3420,25150,1.0,0,0,4,1750,1670,1987,Bellevue,7,27,0,27,5.5,0.13597868872013041,1,98006
513000.0,3.0,2.5,1810,4592,2.0,0,0,3,1810,0,1992,Issaquah,7,22,0,22,5.5,0.3940779446984542,0,98029
336000.0,3.0,2.25,2760,10160,1.0,0,0,3,2760,0,1969,Renton,7,45,1,4,5.25,0.2716268083850015,0,98058
560000.0,4.0,2.25,1950,9800,1.0,0,0,3,1330,620,1968,Kirkland,7,46,1,17,6.25,0.19895928986838077,1,98033
1150000.0,3.0,2.5,3830,48743,2.0,0,0,3,3830,0,1991,Bellevue,7,23,0,23,5.5,0.07857377318234039,0,98006
410000.0,4.0,2.25,2060,7283,1.0,0,0,3,1220,840,1963,Shoreline,7,51,1,1,6.25,0.2828116419549698,1,98155
371500.0,3.0,1.0,1650,6400,1.0,0,0,4,980,670,1954,Seattle,7,60,1,35,4.0,0.25777222309014214,1,98106
368000.0,4.0,1.75,2100,11942,1.0,0,0,3,1030,1070,1964,Seattle,7,50,1,14,5.75,0.17583521728208992,1,98106
650000.0,4.0,3.0,3720,57499,1.0,0,0,3,1880,1840,2003,Carnation,7,11,0,11,7.0,0.06469565217391304,1,98014
308950.0,4.0,2.5,1920,8562,2.0,0,2,4,1920,0,1994,Enumclaw,7,20,0,20,6.5,0.22422048347541748,0,98022
440000.0,3.0,2.0,1860,217800,2.0,0,2,3,1860,0,1998,Renton,7,16,1,8,5.0,0.008539905693729597,0,98059
630000.0,2.0,2.5,2290,3507,2.0,0,0,3,2290,0,2005,Issaquah,7,9,0,9,4.5,0.6527936145952109,0,98029
228950.0,3.0,1.75,1200,9085,1.0,0,0,4,1200,0,1968,Federal Way,7,46,0,46,4.75,0.13207131851199647,0,98023
782000.0,4.0,3.5,5270,53428,2.0,0,0,3,3440,1830,2004,Renton,7,10,1,11,7.5,0.09863557244193229,1,98058
245000.0,3.0,2.5,1600,2788,2.0,0,0,4,1600,0,1992,Kent,7,22,0,22,5.5,0.5736823234134099,0,98031
410000.0,4.0,2.5,2560,4020,2.0,0,0,3,2560,0,2006,Maple Valley,7,8,0,8,6.5,0.6366575478736632,0,98038
427550.0,2.0,1.0,880,4000,1.0,0,0,3,880,0,1940,Seattle,7,74,1,18,3.0,0.21994501374656336,0,98117
235000.0,2.0,1.0,1020,7920,1.0,0,0,3,1020,0,1939,Seattle,7,75,1,45,3.0,0.1287716197449817,0,98108
210000.0,3.0,2.0,960,9380,1.0,0,0,3,960,0,1949,Seattle,7,65,1,16,5.0,0.10233450591621363,0,98146
485000.0,4.0,2.25,1900,7200,1.0,0,0,3,1370,530,1977,Seattle,7,37,1,10,6.25,0.2638522427440633,1,98146
410000.0,3.0,2.0,1320,6000,1.5,0,0,4,1320,0,1920,Seattle,7,94,0,94,5.0,0.2199633394434261,0,98144
435000.0,4.0,2.75,2230,9640,1.0,0,0,3,1320,910,1998,Seattle,7,16,1,8,6.75,0.23130380665906025,1,98125
300000.0,3.0,1.0,1150,7314,1.0,0,0,3,1150,0,1960,Bellevue,7,54,1,2,4.0,0.1572112098427888,0,98008
455000.0,4.0,3.5,3440,6000,2.0,0,0,4,3440,0,2002,Normandy Park,7,12,0,12,7.5,0.5732377937010499,0,98198
210000.0,3.0,1.0,1070,8179,1.0,0,0,3,1070,0,1949,Seattle,7,65,1,16,4.0,0.13080684596577016,0,98146
1050000.0,4.0,2.75,2250,3433,1.5,0,0,3,1500,750,1927,Seattle,7,87,1,1,6.75,0.6552125800815376,1,98112
458400.0,4.0,2.5,1910,10300,1.0,0,0,3,1910,0,1921,Shoreline,7,93,1,46,6.5,0.1854188913697699,0,98177
390000.0,3.0,1.75,1180,16552,1.0,0,0,4,1180,0,1967,Woodinville,7,47,0,47,4.75,0.07128617169093215,0,98072
148226.0,3.0,1.0,1400,7360,1.0,0,0,4,1400,0,1968,Auburn,7,46,0,46,4.0,0.190191550061133,0,98092
711600.0,4.0,3.0,3580,9316,2.5,0,0,3,2370,1210,1991,Bellevue,7,23,0,23,7.0,0.38424385531823546,1,98007
819000.0,3.0,2.75,3176,13391,2.0,0,3,4,2726,450,1985,Federal Way,7,29,0,29,5.75,0.23715651135005975,1,98003
613000.0,2.0,2.0,1170,1890,1.5,0,1,4,1170,0,1927,Seattle,7,87,0,87,4.0,0.6187202538339502,0,98119
592350.0,2.0,2.0,1570,4665,1.0,0,0,3,1570,0,2006,Redmond,7,8,0,8,4.0,0.3364766395199314,0,98053
232000.0,3.0,1.5,1460,15000,1.0,0,0,3,1460,0,1966,Auburn,7,48,1,51,4.5,0.0973268448770082,0,98001
250000.0,3.0,1.75,1140,10400,1.0,0,0,4,1140,0,1983,Milton,7,31,0,31,4.75,0.10960484568791462,0,98354
115000.0,1.0,2.0,1150,9812,1.0,0,0,4,1150,0,1962,Auburn,7,52,0,52,3.0,0.11719148068888209,0,98001
1115000.0,4.0,2.5,3180,31931,1.0,0,0,4,2390,790,1978,Bellevue,7,36,1,14,6.5,0.09958662157083803,1,98007
585000.0,4.0,2.5,2630,6185,2.0,0,0,3,2630,0,1999,Renton,7,15,0,15,6.5,0.4251535725832525,0,98056
580000.0,3.0,2.25,1940,5980,1.0,0,0,3,1520,420,1987,Issaquah,7,27,1,14,5.25,0.32436047483698377,1,98027
165000.0,1.0,1.0,850,8050,1.0,0,0,2,850,0,1906,Seattle,7,108,0,108,2.0,0.10557694696311017,0,98118
430000.0,3.0,2.0,1550,6039,1.0,0,0,5,830,720,1942,Seattle,7,72,0,72,5.0,0.25662251655629137,1,98126
383000.0,3.0,2.25,2090,15000,1.0,0,0,3,2090,0,1961,North Bend,7,53,1,10,5.25,0.13932404506366242,0,98045
1195000.0,4.0,3.5,3960,6654,2.0,0,0,3,2850,1110,2006,Seattle,7,8,0,8,7.5,0.5950413223140496,1,98199
201500.0,3.0,1.0,1320,5000,1.5,0,0,3,1320,0,1912,Seattle,7,102,1,20,4.0,0.26394721055788845,0,98116
690000.0,4.0,2.5,3220,35400,2.0,0,0,3,3220,0,1991,Woodinville,7,23,0,23,6.5,0.0909578825456908,0,98072
325000.0,2.0,1.0,800,7260,1.0,0,0,3,800,0,1953,Seattle,7,61,0,61,3.0,0.1101776614791351,0,98126
375000.0,3.0,1.75,1660,9673,1.0,0,0,3,1130,530,1976,Woodinville,7,38,0,38,4.75,0.1715939632003308,1,98072
600000.0,4.0,2.5,2250,11370,2.0,0,0,3,2250,0,1991,Kirkland,7,23,0,23,6.5,0.19787177908715153,0,98034
340000.0,3.0,2.25,2120,13090,1.0,0,0,3,2120,0,1997,Auburn,7,17,0,17,5.25,0.16194331983805668,0,98002
890000.0,4.0,2.75,2310,4020,3.0,0,0,5,2310,0,1979,Seattle,7,35,0,35,6.75,0.5744839592141259,0,98122
415000.0,4.0,1.75,1920,7700,2.0,0,0,4,1920,0,1970,Newcastle,7,44,0,44,5.75,0.2493182703544994,0,98056
255000.0,3.0,1.75,1550,9720,1.0,0,0,3,1050,500,1976,Black Diamond,7,38,0,38,4.75,0.15944861639748997,1,98010
530000.0,2.0,2.5,1785,779,2.0,0,0,3,1595,190,1975,Bellevue,7,39,0,39,4.5,2.2884615384615383,1,98004
468000.0,3.0,1.5,1830,9848,1.0,0,0,5,1830,0,1962,Newcastle,7,52,0,52,4.5,0.18580566554980202,0,98056
970000.0,5.0,2.75,3500,5040,2.0,0,2,3,2950,550,1927,Seattle,7,87,1,7,7.75,0.6943066851815116,1,98126
599000.0,3.0,2.0,2560,14680,1.0,0,0,3,1330,1230,1987,Redmond,7,27,1,14,5.0,0.17437504257203187,1,98052
399500.0,4.0,1.75,1360,4840,1.5,0,0,4,1360,0,1928,Seattle,7,86,0,86,5.75,0.28093369138607727,0,98126
2458000.0,4.0,5.25,6500,14986,2.0,0,0,3,5180,1320,2001,Medina,7,13,0,13,9.25,0.433709214652699,1,98039
1205000.0,4.0,3.5,3150,5500,2.0,0,0,3,3150,0,2014,Seattle,7,0,0,0,7.5,0.572623159425559,0,98105
325000.0,2.0,1.0,810,4080,1.0,0,0,4,810,0,1941,Seattle,7,73,1,16,3.0,0.19848076451850036,0,98126
1135250.0,5.0,4.0,7320,217800,2.0,0,0,3,7320,0,1992,Renton,7,22,0,22,9.0,0.033608661117258416,0,98058
568000.0,4.0,1.75,2790,17476,1.0,0,2,3,1450,1340,1956,Burien,7,58,1,13,5.75,0.15963838187331922,1,98166
517000.0,2.0,1.5,1920,3408,1.0,0,0,4,960,960,1912,Seattle,7,102,1,25,3.5,0.5632150190671751,1,98122
469950.0,4.0,2.75,2530,14178,2.0,0,0,3,2530,0,1997,Duvall,7,17,0,17,6.75,0.17843289371605897,0,98019
1675000.0,3.0,2.5,3490,8343,2.0,1,4,4,2150,1340,1939,Seattle,7,75,1,23,5.5,0.4182646212847555,1,98125
2180000.0,6.0,2.75,4710,11000,2.0,0,3,3,3690,1020,1931,Seattle,7,83,0,83,8.75,0.4281428961003545,1,98105
623000.0,3.0,1.75,2050,16313,1.0,0,0,2,2050,0,1973,Mercer Island,7,41,0,41,4.75,0.1256589432389359,0,98040
720000.0,4.0,2.25,2410,8400,2.0,0,0,5,2410,0,1965,Bellevue,7,49,0,49,6.25,0.2868706106415903,0,98008
205000.0,3.0,1.0,1180,8240,1.0,0,0,4,1180,0,1967,Federal Way,7,47,0,47,4.0,0.1431865064919306,0,98003
148000.0,2.0,1.0,630,4200,1.0,0,0,3,630,0,1930,Seattle,7,84,1,17,3.0,0.14996429421566293,0,98106
950000.0,3.0,2.5,3480,7800,1.0,0,0,4,1750,1730,1941,Seattle,7,73,1,16,5.5,0.44609665427509293,1,98177
405000.0,3.0,1.5,1010,7683,1.5,0,0,5,1010,0,1953,Seattle,7,61,0,61,4.5,0.13144195731389902,0,98125
293000.0,3.0,2.25,1910,3481,2.0,0,0,3,1910,0,2009,Kent,7,5,0,5,5.25,0.5485353245261344,0,98031
550000.0,3.0,3.5,2490,3582,2.0,0,0,3,1720,770,2005,Issaquah,7,9,0,9,6.5,0.6949483672899804,1,98027
435000.0,4.0,2.5,2150,3143,2.0,0,0,3,2150,0,2010,Renton,7,4,0,4,6.5,0.6838422391857506,0,98059
355000.0,4.0,2.75,3000,5470,2.0,0,0,3,3000,0,2005,Maple Valley,7,9,0,9,6.75,0.5483458234326448,0,98038
673000.0,3.0,2.75,2830,3496,2.0,0,0,3,2830,0,2012,Issaquah,7,2,1,102,5.75,0.8092650843580211,0,98029
449990.0,4.0,2.5,2680,5539,2.0,0,0,3,2680,0,2013,North Bend,7,1,1,91,6.5,0.48375451263537905,0,98045
249000.0,2.0,1.5,1090,2686,2.0,0,0,3,1090,0,1982,Kirkland,7,32,0,32,3.5,0.40565686639374765,0,98034
380000.0,4.0,2.5,1984,32400,1.0,0,0,3,1564,420,1962,Des Moines,7,52,1,11,6.5,0.06123267800376531,1,98198
760005.0,4.0,2.75,3090,5859,2.0,0,0,3,3090,0,2010,Sammamish,7,4,0,4,6.75,0.5273037542662116,0,98074
674600.0,4.0,2.5,2610,5140,2.0,0,0,3,2610,0,2006,Seattle,7,8,0,8,6.5,0.5076833300914219,0,98103
812000.0,4.0,3.5,3370,3634,2.0,0,0,3,2750,620,2007,Issaquah,7,7,0,7,7.5,0.9270976616231087,1,98029
333490.0,4.0,2.5,2250,3916,2.0,0,0,3,2250,0,2014,Auburn,7,0,0,0,6.5,0.5744191983660965,0,98092
320000.0,3.0,3.25,1450,1387,2.0,0,0,3,1180,270,2013,Seattle,7,1,1,91,6.25,1.0446685878962536,1,98106
999000.0,4.0,2.5,3130,10849,2.0,0,0,3,3130,0,2013,Kirkland,7,1,1,91,6.5,0.28847926267281104,0,98033
810000.0,2.0,2.75,2700,8572,1.0,0,0,3,2700,0,2007,Redmond,7,7,0,7,4.75,0.3149422605855593,0,98053
399950.0,5.0,2.75,1970,5400,1.0,0,0,3,1320,650,1986,Seattle,7,28,0,28,7.75,0.36474726902425475,1,98144
550000.0,3.0,2.0,1970,4166,2.0,0,3,5,1270,700,1929,Seattle,7,85,0,85,5.0,0.47276217902567796,1,98126
290000.0,3.0,1.5,1950,15954,1.0,0,0,4,1950,0,1959,Federal Way,7,55,0,55,4.5,0.12221874020683171,0,98003
232500.0,3.0,1.5,1940,9887,1.0,0,0,4,1140,800,1969,Federal Way,7,45,0,45,4.5,0.19619741100323623,1,98003
1355000.0,4.0,3.5,3550,11000,1.0,0,2,3,2260,1290,1999,Bellevue,7,15,0,15,7.5,0.32269793655122264,1,98006
565000.0,3.0,2.5,2500,7394,2.0,0,0,3,2500,0,1990,Woodinville,7,24,1,5,5.5,0.3380662609871535,0,98072
749950.0,4.0,2.75,2910,18700,1.0,0,0,3,2210,700,1957,Shoreline,7,57,1,19,6.75,0.1556066520506925,1,98177
720500.0,4.0,2.5,3350,35298,2.0,0,0,4,3350,0,1985,Redmond,7,29,0,29,6.5,0.09490353834386243,0,98053
507000.0,3.0,1.75,2140,40098,1.0,0,0,5,1490,650,1950,Renton,7,64,0,64,4.75,0.05336791441183072,1,98058
989000.0,5.0,4.5,4030,13474,2.0,0,0,3,4030,0,2000,Sammamish,7,14,0,14,9.5,0.29907235621521333,0,98075
463000.0,4.0,2.5,1980,6660,2.0,0,0,4,1980,0,1974,Kirkland,7,40,0,40,6.5,0.2972526647650503,0,98034
310000.0,3.0,1.5,1460,9908,1.0,0,0,3,1460,0,1952,Des Moines,7,62,1,6,4.5,0.14734080129175497,0,98148
284000.0,4.0,1.75,1880,8800,1.0,0,0,3,1130,750,1960,Seattle,7,54,1,2,5.75,0.21361208953528008,1,98168
737500.0,3.0,1.75,2320,10900,2.0,0,0,3,2320,0,1935,Seattle,7,79,1,40,4.75,0.21282451151270526,0,98115
569000.0,3.0,3.25,2220,8227,1.5,0,0,5,1770,450,1929,Seattle,7,85,0,85,6.25,0.26981040350024305,1,98108
700000.0,3.0,1.0,1410,7200,2.0,0,0,4,1410,0,1901,Seattle,7,113,0,113,4.0,0.19580613803638383,0,98144
660000.0,3.0,1.0,1240,3500,1.0,0,0,4,1240,0,1927,Seattle,7,87,0,87,4.0,0.3541845187089403,0,98103
275000.0,4.0,2.0,2030,8426,2.0,0,0,3,2030,0,1944,Tukwila,7,70,0,70,6.0,0.24089236976385428,0,98168
570000.0,6.0,3.75,4000,6015,2.0,0,2,3,3080,920,2004,Renton,7,10,1,11,9.75,0.6648936170212766,1,98058
150000.0,3.0,0.75,490,38500,1.5,0,0,4,490,0,1959,Skykomish,7,55,0,55,3.75,0.012726942157346563,0,98288
356000.0,3.0,2.5,1590,3411,2.0,0,0,3,1590,0,2000,Snoqualmie,7,14,0,14,5.5,0.46600234466588514,0,98065
610000.0,3.0,2.5,2630,5827,2.0,0,0,3,2630,0,2001,Redmond,7,13,0,13,5.5,0.4512697323266987,0,98053
498800.0,2.0,1.75,1350,4614,1.0,0,0,3,1350,0,2008,Redmond,7,6,0,6,3.75,0.29252437703141926,0,98053
226550.0,3.0,1.0,990,4440,1.0,0,0,3,990,0,1943,Seattle,7,71,1,12,4.0,0.2229227651429858,0,98106
692500.0,4.0,2.75,3710,7984,2.0,0,0,3,3710,0,1999,Snoqualmie,7,15,0,15,6.75,0.4646211646837821,0,98065
250000.0,3.0,1.0,990,8062,1.0,0,0,4,990,0,1960,Des Moines,7,54,1,13,4.0,0.12278308321964529,0,98198
660000.0,4.0,2.5,2510,4543,2.0,0,0,3,2510,0,2002,Sammamish,7,12,0,12,6.5,0.5523767605633803,0,98075
295000.0,2.0,1.0,800,6500,1.0,0,0,4,800,0,1953,Shoreline,7,61,1,31,3.0,0.12305799107829565,0,98133
154950.0,4.0,1.0,1600,10183,1.0,0,0,4,1600,0,1966,Auburn,7,48,0,48,5.0,0.15710919088766692,0,98002
409124.0,5.0,3.25,3320,11340,2.0,0,0,4,2480,840,1999,Kent,7,15,0,15,8.25,0.2927431443435323,1,98042
287000.0,5.0,1.5,1730,9230,1.0,0,0,3,1010,720,1962,Renton,7,52,1,11,6.5,0.1874119813671325,1,98058
810000.0,4.0,1.75,2000,3988,1.0,0,4,4,1000,1000,1958,Seattle,7,56,1,42,5.75,0.5013787916771121,1,98116
525000.0,4.0,2.75,2910,6308,1.0,0,0,3,1640,1270,1985,Bothell,7,29,0,29,6.75,0.461245839277223,1,98011
525000.0,4.0,1.75,1710,10440,1.0,0,0,4,1710,0,1955,Bellevue,7,59,1,5,5.75,0.16377741595632603,0,98006
275000.0,3.0,1.0,1200,7800,1.0,0,0,4,1200,0,1954,Seattle,7,60,1,35,4.0,0.15382643250865274,0,98126
583000.0,3.0,2.5,2600,5100,2.0,0,1,3,2600,0,1998,Renton,7,16,1,8,5.5,0.5097039796118408,0,98056
237950.0,2.0,1.75,1460,7926,1.0,0,0,4,1460,0,1987,Covington,7,27,0,27,3.75,0.18418064841680334,0,98042
1065000.0,4.0,3.75,4260,9800,2.0,0,0,3,4260,0,2008,Kirkland,7,6,0,6,7.75,0.43464952555861647,0,98033
679000.0,4.0,2.75,2100,4480,1.5,0,0,4,1780,320,1928,Seattle,7,86,0,86,6.75,0.4686453916536487,1,98105
1465000.0,6.0,4.5,4230,6420,2.0,0,3,4,2360,1870,1916,Seattle,7,98,0,98,10.5,0.6587758916056689,1,98119
410000.0,3.0,1.75,1660,6250,1.0,0,0,3,830,830,1980,Seattle,7,34,0,34,4.75,0.2655575107982723,1,98116
306000.0,3.0,1.0,1450,7200,1.0,0,0,3,1010,440,1969,Kirkland,7,45,1,4,4.0,0.2013609220941536,1,98034
215000.0,4.0,1.5,1860,5040,1.5,0,0,5,1860,0,1920,Enumclaw,7,94,0,94,5.5,0.3689744098393176,0,98022
594950.0,4.0,2.5,2720,10006,2.0,0,0,3,2720,0,1989,Sammamish,7,25,0,25,6.5,0.27180973318676926,0,98074
1250000.0,4.0,2.5,2920,5500,1.0,0,3,3,2030,890,1957,Seattle,7,57,1,14,6.5,0.5308125795309944,1,98199
305000.0,3.0,1.5,1800,12196,1.0,0,0,4,1800,0,1966,Federal Way,7,48,0,48,4.5,0.14757727309994262,0,98023
425000.0,2.0,1.0,1320,8830,1.0,0,0,3,1020,300,1939,Seattle,7,75,1,45,3.0,0.1494734458158759,1,98199
215000.0,3.0,1.75,1770,29004,1.0,0,0,3,1770,0,1959,Federal Way,7,55,1,25,4.75,0.06102396138596794,0,98023
480000.0,5.0,2.75,2550,7725,1.0,0,0,5,1390,1160,1967,Newcastle,7,47,0,47,7.75,0.33005436189490034,1,98056
550000.0,4.0,1.75,2150,9000,1.0,0,0,4,1110,1040,1966,Redmond,7,48,0,48,5.75,0.23886234862793024,1,98052
750000.0,4.0,2.5,3020,7465,2.0,0,0,3,3020,0,2004,Sammamish,7,10,1,11,6.5,0.4045004018215912,0,98075
137124.0,3.0,1.0,960,27442,1.0,0,0,4,960,0,1970,Renton,7,44,0,44,4.0,0.03498159822176876,0,98058
840000.0,3.0,2.0,2783,11177,2.0,0,0,3,2783,0,1910,Seattle,7,104,1,15,5.0,0.24897119341563786,0,98126
624800.0,3.0,2.0,2250,14274,1.0,0,0,4,1500,750,1964,Mercer Island,7,50,0,50,5.0,0.15761821366024517,1,98040
630000.0,3.0,1.75,1710,8767,1.0,0,0,4,1710,0,1986,Kirkland,7,28,0,28,4.75,0.19502737226277372,0,98033
590000.0,3.0,2.5,2650,9380,1.0,0,0,5,1680,970,1975,Lake Forest Park,7,39,0,39,5.5,0.2824858757062147,1,98155
599950.0,3.0,3.25,1830,1804,3.0,0,0,3,1830,0,2014,Seattle,7,0,0,0,6.25,1.0138504155124655,0,98117
299880.0,3.0,2.5,1460,3044,2.0,0,0,3,1460,0,2000,Seattle,7,14,0,14,5.5,0.4794745484400657,0,98108
400000.0,3.0,2.0,1760,6875,1.0,0,0,4,1760,0,1967,Woodinville,7,47,0,47,5.0,0.2559627690517743,0,98072
560000.0,3.0,2.5,1960,6058,2.0,0,0,3,1960,0,2002,Sammamish,7,12,0,12,5.5,0.32348572371678497,0,98074
229000.0,4.0,2.25,2010,7688,1.0,0,0,3,1170,840,1979,Federal Way,7,35,1,0,6.25,0.26141240733515414,1,98023
525000.0,4.0,2.5,3670,9958,2.0,0,0,3,3670,0,2005,Renton,7,9,0,9,6.5,0.36851089466813935,0,98058
737000.0,2.0,2.25,2290,9772,1.0,0,0,3,2290,0,2007,Redmond,7,7,0,7,4.25,0.2343190422592858,0,98053
680000.0,3.0,2.0,1780,5720,1.0,0,0,5,980,800,1925,Seattle,7,89,0,89,5.0,0.31113441705995454,1,98103
635000.0,4.0,2.5,3080,35430,2.0,0,0,3,3080,0,1997,Redmond,7,17,0,17,6.5,0.08692952499223844,0,98053
740000.0,4.0,2.5,3360,15091,2.0,0,0,3,3360,0,1997,Redmond,7,17,0,17,6.5,0.22263450834879406,0,98052
335500.0,3.0,1.0,1370,6780,2.0,0,0,3,1370,0,1930,Seattle,7,84,1,17,4.0,0.20203509806813155,0,98125
270000.0,4.0,2.5,1660,8063,1.0,0,0,4,1660,0,1978,Des Moines,7,36,1,14,6.5,0.2058531746031746,0,98198
1037000.0,4.0,3.5,4440,10660,2.0,0,0,3,4440,0,2003,Newcastle,7,11,0,11,7.5,0.41647125035174937,0,98059
450000.0,5.0,2.5,2850,209523,1.0,0,0,4,1930,920,1925,Renton,7,89,1,46,7.5,0.01360226036158149,1,98058
379000.0,3.0,2.5,1530,2913,2.0,0,0,4,1530,0,1986,Kirkland,7,28,0,28,5.5,0.5250514756348662,0,98033
468000.0,4.0,2.5,2100,8400,1.0,0,0,4,1240,860,1976,Woodinville,7,38,1,22,6.5,0.24997024163790024,1,98072
321500.0,1.0,1.0,730,1942,1.0,0,0,3,730,0,2008,Seattle,7,6,0,6,2.0,0.3757076685537828,0,98144
443000.0,3.0,2.25,1920,8223,2.0,0,0,4,1920,0,1989,Bothell,7,25,0,25,5.25,0.23346303501945526,0,98011
340000.0,3.0,1.0,1600,7324,1.0,0,0,4,1600,0,1958,Renton,7,56,1,42,4.0,0.21843003412969283,0,98056
470000.0,4.0,2.25,2380,17199,2.0,0,0,3,1530,850,1979,Kenmore,7,35,1,0,6.25,0.13837209302325582,1,98028
545000.0,3.0,2.5,2760,17377,2.0,0,0,3,2760,0,2002,Renton,7,12,0,12,5.5,0.15882149844631144,0,98056
415000.0,4.0,1.5,1840,11367,1.5,0,0,4,1840,0,1950,Shoreline,7,64,1,31,5.5,0.16185784658691063,0,98177
599000.0,7.0,2.5,2580,5750,1.0,0,0,4,1880,700,1901,Seattle,7,113,0,113,9.5,0.44861763171622326,1,98122
759000.0,4.0,1.75,2100,4750,1.0,0,0,3,1340,760,1975,Seattle,7,39,0,39,5.75,0.44201220795621976,1,98103
300000.0,4.0,1.75,1820,5015,1.0,0,0,4,1190,630,1926,Seattle,7,88,1,21,5.75,0.3628389154704944,1,98108
1681000.0,5.0,5.25,4830,18707,2.0,0,1,5,3930,900,1952,Mercer Island,7,62,1,16,10.25,0.2581783194355356,1,98040
359000.0,3.0,1.5,1550,4980,1.0,0,0,3,1080,470,1978,Seattle,7,36,0,36,4.5,0.31118249347520577,1,98133
550000.0,4.0,1.0,1440,3600,1.5,0,0,4,1440,0,1924,Seattle,7,90,0,90,5.0,0.3998889197445154,0,98116
395000.0,2.0,1.0,930,6380,1.0,0,0,4,930,0,1940,Seattle,7,74,1,13,3.0,0.1457451810061119,0,98115
486000.0,4.0,2.5,3560,12047,2.0,0,0,3,3560,0,1988,Federal Way,7,26,1,14,6.5,0.2954847277556441,0,98023
187000.0,2.0,1.0,840,11600,1.0,0,0,3,840,0,1952,Burien,7,62,1,6,3.0,0.07240755107318335,0,98168
734950.0,4.0,3.25,4280,47179,2.0,0,0,3,3050,1230,2002,Auburn,7,12,0,12,7.25,0.0907164052564646,1,98092
284000.0,3.0,1.5,1500,10018,1.0,0,0,4,1500,0,1957,Renton,7,57,1,13,4.5,0.1497155404731011,0,98058
696000.0,4.0,3.5,3650,38546,2.0,0,0,3,2550,1100,1996,North Bend,7,18,0,18,7.5,0.09468959970944561,1,98045
380000.0,2.0,1.0,780,3910,1.0,0,0,3,780,0,1918,Seattle,7,96,0,96,3.0,0.19943748401943237,0,98126
625000.0,4.0,1.0,1600,5500,1.5,0,0,4,1600,0,1946,Seattle,7,68,1,25,5.0,0.2908562079621887,0,98117
252000.0,4.0,1.75,1120,8250,1.0,0,0,4,1120,0,1966,Renton,7,48,0,48,5.75,0.13574112228820748,0,98058
560000.0,2.0,1.0,1010,9219,1.0,0,0,4,1010,0,1960,Kirkland,7,54,1,13,3.0,0.10954446854663774,0,98033
395000.0,4.0,2.75,1970,37026,1.0,0,0,4,1970,0,1961,Vashon,7,53,1,13,6.75,0.05320441839738569,0,98070
900000.0,4.0,2.5,2230,4372,2.0,0,0,5,1540,690,1935,Seattle,7,79,0,79,6.5,0.5099474045277841,1,98103
2680000.0,5.0,3.0,4290,20445,2.0,0,0,4,4290,0,1985,Medina,7,29,0,29,8.0,0.20982099188105252,0,98039
625000.0,3.0,1.75,3160,76230,1.0,0,0,4,2160,1000,1978,Auburn,7,36,1,14,4.75,0.041452952211042754,1,98001
580000.0,3.0,1.75,1850,5100,1.0,0,0,3,1020,830,1909,Seattle,7,105,1,10,4.75,0.3626739854930406,1,98105
309000.0,3.0,2.25,1980,8755,1.0,0,0,4,1300,680,1963,Des Moines,7,51,0,51,5.25,0.22613065326633167,1,98198
412000.0,4.0,3.5,3360,9767,2.0,0,0,3,2450,910,1990,Federal Way,7,24,1,5,7.5,0.343980343980344,1,98023
495000.0,3.0,2.0,2660,192099,1.0,0,0,4,2660,0,1964,Enumclaw,7,50,0,50,5.0,0.013846954711087975,0,98022
215000.0,3.0,1.0,1200,7280,1.0,0,0,4,1200,0,1967,Kent,7,47,0,47,4.0,0.16481252575195715,0,98032
741500.0,2.0,2.5,2150,5760,1.0,0,0,3,2150,0,2010,Redmond,7,4,0,4,4.5,0.37319909737892726,0,98053
749000.0,3.0,2.75,2820,5348,2.0,0,0,3,2820,0,2008,Redmond,7,6,0,6,5.75,0.5272013460459899,0,98052
659950.0,4.0,2.75,3510,9400,2.0,0,0,3,3510,0,2014,Renton,7,0,0,0,6.75,0.3733645356876928,0,98059
530000.0,3.0,2.5,1790,3078,2.0,0,0,3,1790,0,2010,Issaquah,7,4,0,4,5.5,0.5813575836310491,0,98027
749000.0,4.0,2.75,2700,6000,2.0,0,0,4,2100,600,1910,Seattle,7,104,0,104,6.75,0.449925012497917,1,98116
2321000.0,5.0,4.75,5780,17004,2.0,0,0,3,4260,1520,2006,Mercer Island,7,8,0,8,9.75,0.33990002940311675,1,98040
595000.0,4.0,3.25,3730,4560,2.0,0,0,3,2760,970,2013,Seattle,7,1,1,91,7.25,0.817803113352335,1,98103
487000.0,4.0,2.5,2540,5001,2.0,0,0,3,2540,0,2005,Seattle,7,9,0,9,6.5,0.507796881247501,0,98108
760000.0,4.0,2.25,3300,8365,3.0,0,0,3,3300,0,2014,Seattle,7,0,0,0,6.25,0.3944537413339708,0,98126
1240000.0,5.0,3.5,5430,10327,2.0,0,2,3,4010,1420,2007,Bellevue,7,7,0,7,8.5,0.5257552285050349,1,98006
435000.0,4.0,2.5,2550,5200,2.0,0,0,3,2550,0,2009,Renton,7,5,0,5,6.5,0.4902903287829264,0,98059
374950.0,3.0,2.25,1390,1484,3.0,0,0,3,1390,0,2007,Seattle,7,7,0,7,5.25,0.936026936026936,0,98103
440000.0,3.0,1.5,1270,1413,3.0,0,0,3,1270,0,2007,Seattle,7,7,0,7,4.5,0.8981612446958982,0,98115
360000.0,4.0,2.5,2380,5000,2.0,0,0,3,2380,0,2005,Maple Valley,7,9,0,9,6.5,0.47590481903619275,0,98038
879000.0,4.0,2.5,3360,22111,2.0,0,0,3,3360,0,1994,Sammamish,7,20,0,20,6.5,0.15195369030390737,0,98075
1550000.0,5.0,4.25,6070,171626,2.0,0,0,3,6070,0,1999,Fall City,7,15,0,15,9.25,0.035367395572957636,0,98024
505000.0,2.0,1.0,1240,57000,1.0,0,0,3,1240,0,1962,Sammamish,7,52,1,11,3.0,0.02175400431571376,0,98075
545000.0,2.0,2.0,2930,14057,1.0,0,2,4,1680,1250,1980,Vashon,7,34,0,34,4.0,0.2084222506757718,1,98070
600000.0,2.0,2.5,2410,102366,1.0,0,0,4,1940,470,1912,Fall City,7,102,1,25,4.5,0.023542743266873112,1,98024
775000.0,6.0,2.75,2980,5000,1.5,0,0,3,2480,500,1916,Seattle,7,98,1,28,8.75,0.595880823835233,1,98103
725000.0,2.0,1.75,1950,2719,1.0,0,0,5,1010,940,1919,Seattle,7,95,1,80,3.75,0.7169117647058824,1,98103
610000.0,4.0,2.75,2600,36583,1.0,0,0,5,1580,1020,1976,Sammamish,7,38,0,38,6.75,0.07106931992127706,1,98075
350000.0,4.0,1.0,1170,8147,1.5,0,0,3,1170,0,1959,Seattle,7,55,1,25,5.0,0.14359351988217967,0,98125
410000.0,3.0,1.0,1470,6500,1.0,0,0,4,1470,0,1953,Burien,7,61,1,31,4.0,0.22611905860636825,0,98166
639000.0,4.0,2.0,1840,5419,1.0,0,0,4,920,920,1942,Seattle,7,72,1,32,6.0,0.33948339483394835,1,98199
439000.0,4.0,2.0,1560,7500,1.0,0,0,4,1560,0,1968,Kirkland,7,46,0,46,6.0,0.20797227036395147,0,98034
499950.0,4.0,1.75,1520,7700,1.0,0,0,4,1520,0,1967,Kirkland,7,47,0,47,5.75,0.19737696403064536,0,98034
800000.0,3.0,2.75,2220,4000,2.0,0,0,3,1700,520,1914,Seattle,7,100,1,14,5.75,0.5548612846788303,1,98122
350000.0,4.0,2.5,2800,9538,2.0,0,0,3,2800,0,1993,Federal Way,7,21,0,21,6.5,0.29353181675228013,0,98003
279000.0,2.0,1.0,670,6300,1.0,0,0,5,670,0,1942,Seattle,7,72,0,72,3.0,0.10633232820187272,0,98126
290256.0,3.0,2.25,1720,7885,2.0,0,0,3,1720,0,1983,Federal Way,7,31,1,5,5.25,0.2181080395637839,0,98023
355000.0,3.0,2.5,2110,4038,2.0,0,0,4,2110,0,1989,Kent,7,25,0,25,5.5,0.5224065362713542,0,98042
263000.0,3.0,1.75,1580,9187,1.0,0,0,3,1180,400,1993,Maple Valley,7,21,0,21,4.75,0.1719634305616021,1,98038
880000.0,6.0,2.5,2640,3680,2.0,0,0,5,1760,880,1922,Seattle,7,92,1,58,8.5,0.7171964140179299,1,98126
426500.0,4.0,2.5,2700,6515,2.0,0,0,3,2700,0,1998,Renton,7,16,1,8,6.5,0.4143646408839779,0,98058
735000.0,3.0,2.5,2820,8159,2.0,0,0,3,2820,0,2004,Issaquah,7,10,1,11,5.5,0.34558823529411764,0,98029
720000.0,4.0,2.5,3340,8930,2.0,0,2,3,3340,0,1999,Snoqualmie,7,15,0,15,6.5,0.37397827790840893,0,98065
265000.0,3.0,2.5,1530,6000,2.0,0,0,4,1530,0,1991,Maple Valley,7,23,0,23,5.5,0.254957507082153,0,98038
840000.0,4.0,3.5,3840,85728,2.0,0,0,3,3840,0,1998,Carnation,7,16,1,8,7.5,0.044792310653337844,0,98014
657500.0,3.0,2.0,2320,10960,1.0,0,0,3,1510,810,1956,Bellevue,7,58,1,13,5.0,0.21165952011677766,1,98005
850000.0,5.0,2.0,2310,13430,1.5,0,0,4,2310,0,1966,Bellevue,7,48,0,48,7.0,0.171990171990172,0,98004
436110.0,3.0,2.5,1770,1235,3.0,0,0,3,1600,170,2007,Seattle,5,7,0,7,5.5,1.4320388349514563,1,98103
589900.0,2.0,3.0,3160,66646,2.0,0,0,3,3160,0,1993,Woodinville,5,21,0,21,5.0,0.04741398712620223,0,98077
620000.0,3.0,1.5,1620,6630,1.0,0,0,3,1280,340,1954,Seattle,5,60,1,9,4.5,0.24430704267832906,1,98117
254000.0,4.0,2.0,1510,4235,1.0,0,0,3,1510,0,1955,Seattle,5,59,1,9,6.0,0.35646836638338053,0,98108
375000.0,3.0,1.75,960,8106,1.0,0,0,3,960,0,1962,Redmond,6,52,1,11,4.75,0.1184161835450845,0,98052
455000.0,4.0,2.25,1740,8449,1.0,0,0,4,1170,570,1958,Bellevue,6,56,1,42,6.25,0.20591715976331362,1,98008
445000.0,4.0,2.0,1470,8395,1.0,0,0,4,1470,0,1965,Bellevue,6,49,0,49,6.0,0.17508337303477847,0,98008
568500.0,4.0,2.5,2460,4200,2.0,0,0,3,2460,0,1998,Sammamish,6,16,1,8,6.5,0.5855748631278267,0,98074
352500.0,3.0,1.75,1170,8182,1.0,0,0,3,1170,0,1962,Shoreline,6,52,1,11,4.75,0.1429793474275938,0,98155
342500.0,2.0,1.75,1210,7507,1.0,0,0,3,1210,0,1982,Kirkland,6,32,0,32,3.75,0.16116142781033566,0,98034
299950.0,3.0,2.5,1870,7942,2.0,0,0,3,1870,0,1990,Auburn,6,24,1,5,5.5,0.23542742037013722,0,98001
425000.0,3.0,2.5,1950,5689,2.0,0,0,3,1950,0,2009,Snoqualmie,7,5,0,5,5.5,0.3427065026362039,0,98065
561000.0,4.0,2.5,2570,5250,2.0,0,0,3,2570,0,1990,Issaquah,7,24,1,5,6.5,0.48943058465054273,0,98029
455500.0,3.0,2.0,1460,10311,1.0,0,0,4,1460,0,1975,Redmond,5,39,0,39,5.0,0.14158262218774242,0,98052
400000.0,3.0,2.5,2970,23100,1.0,0,0,3,1510,1460,1967,Woodinville,6,47,1,3,5.5,0.12856586294965586,1,98072
443500.0,4.0,2.5,2040,21781,2.0,0,0,3,2040,0,1994,Carnation,6,20,0,20,6.5,0.09365531172527775,0,98014
1234582.0,5.0,3.25,3240,6551,1.5,0,4,4,2500,740,1939,Seattle,6,75,1,25,8.25,0.4945054945054945,1,98115
370000.0,4.0,2.75,3150,67518,1.0,0,0,4,2250,900,1965,Auburn,5,49,0,49,6.75,0.04665353456064219,1,98092
475000.0,3.0,2.25,1820,8008,1.0,0,0,3,1240,580,1981,Redmond,5,33,1,1,5.25,0.22724435010613062,1,98052
580000.0,4.0,2.5,2130,35752,1.0,0,0,3,1490,640,1980,Sammamish,7,34,0,34,6.5,0.05957542024445501,1,98075
518000.0,3.0,1.5,1430,8000,1.0,0,0,4,1430,0,1956,Bellevue,5,58,0,58,4.5,0.17872765904261967,0,98007
525000.0,3.0,2.5,2030,6970,2.0,0,0,4,2030,0,1991,Issaquah,5,23,0,23,5.5,0.29120642662458757,0,98029
236000.0,4.0,2.75,2000,5827,2.0,0,0,3,2000,0,1997,Maple Valley,6,17,0,17,6.75,0.34317089910775567,0,98038
278500.0,4.0,2.25,1940,6206,2.0,0,0,3,1940,0,1990,Federal Way,6,24,1,5,6.25,0.31255034638311585,0,98023
205425.0,2.0,1.75,880,6780,1.0,0,0,4,880,0,1945,Seattle,6,69,0,69,3.75,0.1297743695620115,0,98178
248000.0,3.0,1.0,950,9400,1.0,0,0,4,950,0,1954,Bellevue,7,60,1,35,4.0,0.10105307945963195,0,98006
505000.0,3.0,2.25,1670,1596,2.0,0,0,3,1220,450,2002,Seattle,5,12,0,12,5.25,1.0457107075767063,1,98199
657500.0,3.0,2.5,2670,10496,2.0,0,0,3,2670,0,1989,Sammamish,5,25,0,25,5.5,0.25435838811088884,0,98074
670000.0,3.0,2.5,2700,1438,2.0,0,0,3,1280,1420,2003,Seattle,7,11,0,11,5.5,1.8763029881862405,1,98102
202000.0,1.0,1.0,590,833,1.0,0,0,4,590,0,1926,Seattle,7,88,1,21,2.0,0.7074340527577938,0,98122
440000.0,4.0,2.25,2160,8119,1.0,0,0,3,1080,1080,1966,Bellevue,5,48,1,101,6.25,0.2660098522167488,1,98006
690000.0,4.0,2.5,2700,8810,2.0,0,0,3,2700,0,2004,Redmond,5,10,1,11,6.5,0.30643513789581206,0,98052
375000.0,6.0,2.25,3206,5793,2.0,0,0,3,3206,0,2012,Kent,5,2,1,102,8.25,0.5533310321021747,0,98032
291000.0,3.0,1.75,1560,9788,1.0,0,0,3,1560,0,1964,Seattle,5,50,1,14,4.75,0.1593625498007968,0,98178
230000.0,3.0,1.75,1400,6956,1.0,0,0,4,1400,0,1957,Kent,6,57,1,13,4.75,0.20123616501365532,0,98031
850000.0,4.0,3.25,3090,6744,2.0,0,4,3,3090,0,2013,Shoreline,5,1,1,91,7.25,0.458117123795404,0,98177
84350.0,4.0,2.0,2630,16475,2.0,0,0,4,2630,0,1953,Yarrow Point,6,61,1,31,6.0,0.15962612284535083,0,98004
2110000.0,4.0,1.0,2100,9200,1.0,0,0,3,1050,1050,1959,Tukwila,5,55,1,25,5.0,0.22823606129768503,1,98168
2199900.0,4.0,1.5,1120,5427,1.0,0,0,3,1120,0,1969,Covington,5,45,1,0,5.5,0.20633750921149593,0,98042
188000.0,4.0,2.75,3260,19542,1.0,0,0,4,2170,1090,1968,Medina,5,46,0,46,6.75,0.166811646113698,1,98039
237227.857143,4.0,2.5,2200,9397,2.0,0,0,3,2200,0,1987,Auburn,5,27,1,14,6.5,0.23409236007661205,0,98001
117833.333333,3.0,1.0,1340,306848,1.0,0,0,3,1340,0,1953,Duvall,5,61,0,61,4.0,0.004366968769655433,0,98019
744312.5,4.0,2.5,2800,5900,1.0,0,0,3,1660,1140,1963,Seattle,5,51,1,6,6.5,0.4744958481613286,1,98115
439333.333333,3.0,3.5,3020,4082,2.0,0,0,3,2080,940,1954,Seattle,5,60,1,10,6.5,0.73965221650747,1,98199
280000.0,3.0,2.25,1970,11088,1.0,0,0,4,1180,790,1967,Lake Forest Park,5,47,0,47,5.25,0.17765353052574623,1,98155
176225.0,3.0,2.0,1570,7200,1.0,0,0,4,1570,0,1952,Shoreline,5,62,0,62,5.0,0.21802527426746285,0,98155
500324.0,3.0,2.5,2280,2289,2.0,0,0,3,1880,400,2006,Issaquah,5,8,0,8,5.5,0.9956331877729258,1,98027
444845.0,3.0,2.5,1600,3573,2.0,0,0,3,1600,0,2013,Renton,5,1,1,91,5.5,0.4476776720761052,0,98056
330000.0,3.0,3.0,1680,1570,3.0,0,0,3,1680,0,2014,Seattle,5,0,0,0,6.0,1.0693825588796944,0,98103
292285.714286,3.0,1.75,1890,13860,1.0,0,0,5,1890,0,1966,Kent,5,48,0,48,4.75,0.1363537984272419,0,98042
160000.0,2.0,1.0,520,22334,1.0,0,0,2,520,0,1951,SeaTac,5,63,0,63,3.0,0.023281844638459816,0,98168
274333.333333,3.0,2.25,1780,191228,2.0,0,2,3,1780,0,1988,North Bend,5,26,1,14,5.25,0.009308211620622396,0,98045
537500.0,4.0,3.0,2920,33976,1.0,0,3,5,1460,1460,1964,Bellevue,5,50,0,50,7.0,0.085940489154428,1,98008
232333.333333,3.0,2.25,2430,73151,1.0,0,0,3,2430,0,1974,Renton,5,40,0,40,5.25,0.03321850393700788,0,98059
237333.333333,3.0,2.75,3010,1842,2.0,0,0,3,3010,0,2011,Sammamish,5,3,0,3,5.75,1.6332067281606077,0,98075
346750.0,3.0,1.0,1620,30736,1.5,0,0,4,1620,0,1911,Bellevue,5,103,1,37,4.0,0.05270520870611966,0,98006
1020000.0,3.0,2.25,2950,78843,1.5,0,0,3,2950,0,2006,Sammamish,5,8,0,8,5.25,0.0374156562325605,0,98075
254000.0,3.0,1.5,1770,17208,1.0,0,0,3,1160,610,1959,Bellevue,5,55,1,25,4.5,0.10285315823115812,1,98006
238750.0,3.0,1.0,1830,8209,1.0,0,0,3,1830,0,1942,Kenmore,5,72,1,15,4.0,0.22289890377588306,0,98028
268971.875,4.0,2.5,2380,7066,2.0,0,0,4,2380,0,1997,Kent,5,17,0,17,6.5,0.3367765671430593,0,98031
642000.0,4.0,2.5,2550,10000,1.0,0,0,3,1290,1260,1964,Bellevue,5,50,1,14,6.5,0.254974502549745,1,98007
571986.111111,3.0,2.5,3720,11610,2.0,0,0,3,3720,0,1982,Sammamish,5,32,0,32,5.5,0.3203858410128327,0,98074
554250.0,3.0,2.5,1490,1709,3.0,0,0,3,1490,0,2004,Seattle,5,10,1,11,5.5,0.8713450292397661,0,98125
107500.0,4.0,1.5,1590,131551,1.0,0,3,4,1590,0,1966,Enumclaw,5,48,0,48,5.5,0.012086475310143518,0,98022
300000.0,3.0,2.0,1510,7066,1.0,0,2,3,1230,280,1973,Seattle,5,41,1,1,5.0,0.2136691665487477,1,98125
540833.333333,3.0,2.0,1640,9972,1.0,0,0,4,1640,0,1977,Sammamish,5,37,0,37,5.0,0.16444399879675123,0,98075
274750.0,4.0,2.5,1840,1562,2.0,0,0,3,1400,440,2004,Seattle,5,10,1,11,6.5,1.1772232885476648,1,98106
148612.5,3.0,1.0,1040,5000,1.0,0,0,3,1040,0,1959,Seattle,5,55,1,25,4.0,0.20795840831833634,0,98146
326428.571429,3.0,1.0,1250,4800,1.0,0,0,4,1250,0,1951,Seattle,5,63,1,15,4.0,0.2603624244948969,0,98126
135333.333333,4.0,1.0,1530,7200,1.5,0,0,3,1400,130,1948,Seattle,5,66,1,20,5.0,0.2124704902096931,1,98178
577437.5,4.0,2.5,2110,3750,2.0,0,0,3,2110,0,2000,Seattle,5,14,0,14,6.5,0.5625166622234071,0,98117
440825.0,3.0,1.75,2150,4333,1.0,0,0,3,1200,950,1956,Seattle,5,58,1,13,4.75,0.4960775265343793,1,98136
195000.0,5.0,3.75,5340,10655,2.5,0,3,4,3740,1600,1912,Seattle,5,102,1,25,8.75,0.5011261261261262,1,98144
257500.0,4.0,1.75,2420,7672,1.0,0,0,3,1480,940,1979,Issaquah,5,35,1,0,5.75,0.31539163299882705,1,98027
692000.0,4.0,3.25,5010,34460,2.0,0,0,3,5010,0,1988,Bellevue,5,26,1,14,7.25,0.14538173587533734,0,98006
176400.0,2.0,1.0,910,9612,1.0,0,0,4,910,0,1981,Renton,5,33,0,33,3.0,0.09466347654218246,0,98058
193000.0,3.0,1.5,2200,5000,1.5,0,0,3,2200,0,1932,Seattle,5,82,0,82,4.5,0.4399120175964807,0,98199
646212.5,4.0,2.5,3430,64441,2.0,0,0,3,3430,0,2013,Woodinville,5,1,1,91,6.5,0.053226156854225506,0,98077
268971.875,4.0,2.5,1860,6687,1.0,0,0,4,1220,640,1983,Kent,5,31,0,31,6.5,0.27811004784689,1,98031
317061.875,3.0,1.75,1280,10716,1.0,0,0,4,1280,0,1969,Renton,5,45,0,45,4.75,0.11943640944294112,0,98059
83300.0,3.0,2.0,1490,7770,1.0,0,0,4,1490,0,1990,Covington,5,24,0,24,5.0,0.19173851499163558,0,98042
266066.666667,4.0,1.0,1310,5200,1.5,0,0,3,1160,150,1945,Seattle,5,69,1,4,5.0,0.2518746394924053,1,98126
342246.428571,4.0,2.5,1980,7403,2.0,0,0,3,1980,0,1988,Federal Way,5,26,1,14,6.5,0.26742301458670986,0,98023
240015.333333,4.0,2.25,1720,8300,1.0,0,0,4,1720,0,1973,Federal Way,5,41,0,41,6.25,0.20720395133116493,0,98023
83300.0,3.0,2.0,1370,78408,1.0,0,0,5,1370,0,1964,Covington,5,50,0,50,5.0,0.017472484026068436,0,98042
316850.0,4.0,3.0,4060,35621,1.0,0,0,3,2030,2030,1989,Auburn,5,25,0,25,7.0,0.11397451013418673,1,98092
259585.571429,4.0,2.5,1960,9898,2.0,0,0,3,1960,0,2001,Kent,5,13,0,13,6.5,0.19799979795938985,0,98030
328211.904762,4.0,2.5,1720,9600,1.0,0,0,3,1120,600,1961,Auburn,5,53,1,10,6.5,0.17914800541610248,1,98092
673476.818182,4.0,2.5,2740,12899,2.0,0,0,4,2740,0,1990,Sammamish,5,24,0,24,6.5,0.2124031007751938,0,98075
425000.0,3.0,2.5,1870,5449,2.0,0,0,3,1870,0,2003,Bothell,5,11,0,11,5.5,0.3431192660550459,0,98011
127160.0,2.0,1.0,720,4222,1.0,0,0,4,720,0,1942,Renton,5,72,1,32,3.0,0.17049490883258347,0,98056
341750.0,3.0,2.25,2180,7741,2.0,0,0,3,2180,0,1986,Sammamish,5,28,0,28,5.25,0.2815809868251098,0,98074
178650.0,3.0,1.5,1430,8960,1.0,0,0,4,1430,0,1953,Burien,5,61,1,31,4.5,0.1595804039727709,0,98166
87500.0,2.0,1.0,780,6685,1.0,0,0,4,780,0,1948,Auburn,5,66,0,66,3.0,0.11666168112473826,0,98002
282508.888889,3.0,1.0,1180,5002,1.5,0,0,3,1180,0,1946,Shoreline,5,68,0,68,4.0,0.23585848490905456,0,98155
450385.714286,3.0,2.0,1300,3731,1.0,0,0,3,900,400,1993,Seattle,5,21,0,21,5.0,0.3483386923901393,1,98118
435000.0,4.0,3.0,4260,18000,2.0,0,2,3,4260,0,2000,Mercer Island,5,14,0,14,7.0,0.2366535192489306,0,98040
532500.0,2.0,1.75,2050,11900,1.0,0,0,4,2050,0,1950,Bellevue,5,64,1,31,3.75,0.1722544324006386,0,98004
408900.0,3.0,1.75,2930,19876,1.0,0,0,3,2030,900,1993,Woodinville,5,21,0,21,4.75,0.14740655028424812,1,98072
156766.666667,2.0,1.0,1500,4120,1.5,0,0,3,880,620,1928,Renton,5,86,1,60,3.0,0.36398932297985925,1,98057
452500.0,5.0,3.5,5960,13703,2.0,0,2,3,4770,1190,1984,Bellevue,5,30,0,30,8.5,0.4349095154699358,1,98008
308830.769231,2.0,1.0,810,4800,1.0,0,0,3,810,0,1919,Seattle,5,95,1,13,3.0,0.16871485107269318,0,98118
484991.666667,4.0,2.75,2320,4344,2.0,0,0,3,2320,0,2012,Renton,5,2,1,102,6.75,0.5339470655926352,0,98059
287919.782609,2.0,1.0,1090,5000,1.0,0,0,4,730,360,1942,Seattle,5,72,1,32,3.0,0.21795640871825636,1,98126
247875.0,2.0,1.0,1000,4776,1.0,0,0,4,1000,0,1942,Seattle,5,72,1,32,3.0,0.20933640360058614,0,98108
309487.5,3.0,2.5,2260,19821,2.0,0,0,3,2260,0,1994,Renton,5,20,0,20,5.5,0.11401473110685098,0,98058
173666.666667,4.0,1.0,1290,5000,1.5,0,0,3,1290,0,1957,Seattle,5,57,1,14,5.0,0.2579484103179364,0,98146
237481.25,3.0,2.0,2120,7560,1.0,0,0,3,2120,0,1991,Renton,5,23,0,23,5.0,0.2803861923026055,0,98058
326983.333333,3.0,2.25,1490,4522,2.0,0,0,3,1490,0,2009,Kenmore,5,5,0,5,5.25,0.32942737121379617,0,98028
790000.0,4.0,2.5,2310,5100,2.0,0,0,3,2310,0,2013,Seattle,5,1,1,91,6.5,0.4528523818859047,0,98177
678333.333333,3.0,2.5,1840,3035,1.0,0,0,3,920,920,1926,Seattle,6,88,1,11,5.5,0.6060606060606061,1,98105
542804.75,5.0,2.75,2910,36250,1.0,0,0,3,1590,1320,1977,Sammamish,6,37,1,10,7.75,0.08027364762351383,1,98075
723243.75,4.0,2.75,3270,12880,2.0,0,0,3,3270,0,2014,Kirkland,6,0,0,0,6.75,0.2538622777734648,0,98033
667781.25,5.0,2.75,3040,10257,2.0,0,0,3,3040,0,1993,Bellevue,6,21,0,21,7.75,0.2963540651199064,0,98006
108333.333333,3.0,1.0,1200,9936,1.0,0,0,4,1200,0,1969,Maple Valley,6,45,0,45,4.0,0.120760792995874,0,98038
535000.0,4.0,2.25,2290,5350,2.0,0,0,4,2120,170,1958,Seattle,6,56,1,42,6.25,0.42795739114184267,1,98199
596165.428571,4.0,2.0,2580,6000,1.0,0,0,5,1300,1280,1950,Seattle,6,64,0,64,6.0,0.4299283452757874,1,98199
269187.5,3.0,1.75,1590,27200,1.5,0,0,4,1590,0,1926,Maple Valley,6,88,1,21,4.75,0.05845373331862799,0,98038
148612.5,3.0,1.0,1040,6860,2.0,0,0,3,1040,0,1942,Seattle,6,72,1,15,4.0,0.1515814021279697,0,98146
341166.666667,5.0,2.75,2670,3800,2.0,0,0,3,2670,0,2014,Renton,6,0,0,0,7.75,0.7024467245461721,0,98059
132500.0,4.0,1.0,1540,115434,1.5,0,0,4,1540,0,1923,Kent,6,91,0,91,5.0,0.01334084116602417,0,98031
557125.0,4.0,2.75,3370,12447,2.0,0,0,3,3370,0,1991,Woodinville,6,23,0,23,6.75,0.2707262210796915,0,98077
228944.444444,3.0,1.75,1730,11325,1.0,0,0,5,1730,0,1972,Kent,6,42,0,42,4.75,0.15274589440226027,0,98031
592105.714286,3.0,2.5,1640,29970,2.0,0,0,3,1640,0,1992,Redmond,6,22,0,22,5.5,0.05471956224350205,0,98053
535000.0,4.0,2.25,2980,8051,1.5,0,2,4,2020,960,1935,Seattle,6,79,0,79,6.25,0.3700943864878291,1,98199
420642.857143,3.0,2.0,1330,8100,1.0,0,0,4,1330,0,1969,Kirkland,6,45,0,45,5.0,0.16417726206641156,0,98034
132250.0,4.0,2.25,2192,12128,2.0,0,0,3,2192,0,2006,Kent,6,8,0,8,6.25,0.18072388490394922,0,98030
237227.857143,4.0,2.5,2068,7242,2.0,0,0,4,2068,0,1976,Auburn,6,38,1,22,6.5,0.2855170509457407,0,98001
440825.0,3.0,1.75,1980,6250,1.0,0,1,5,1090,890,1910,Seattle,6,104,0,104,4.75,0.3167493201087826,1,98136
2560498.33333,3.0,2.5,1710,1664,2.0,0,0,5,1300,410,2003,Seattle,6,11,0,11,5.5,1.027027027027027,1,98199
423050.925926,2.0,1.0,890,4590,1.0,0,0,3,890,0,1923,Seattle,6,91,1,16,3.0,0.1938575473752995,0,98117
1337044.2,4.0,3.5,4280,9583,2.0,0,0,3,4280,0,2005,Bellevue,6,9,0,9,7.5,0.44657762938230383,0,98004
315368.7,3.0,2.5,3080,12476,2.0,0,0,3,3080,0,1990,Maple Valley,6,24,1,5,5.5,0.2468542117496193,0,98038
417985.714286,4.0,2.25,2070,7500,2.0,0,0,4,2070,0,1977,Kirkland,6,37,0,37,6.25,0.2759632049060125,0,98034
723243.75,4.0,2.75,3010,7215,2.0,0,0,3,3010,0,2014,Kirkland,6,0,0,0,6.75,0.41712860310421285,0,98033
259950.0,4.0,2.0,2030,9300,1.0,0,0,4,2030,0,1976,Redmond,6,38,1,22,6.0,0.21825610149446295,0,98052
237333.333333,3.0,2.75,2340,16500,1.0,0,0,4,1500,840,1972,Sammamish,6,42,0,42,5.75,0.14180958729773954,1,98075
426090.0,3.0,2.5,2340,5957,2.0,0,0,3,2340,0,1995,Kenmore,6,19,0,19,5.5,0.39274924471299094,0,98028
458663.888889,2.0,1.0,1470,7137,1.0,0,0,3,1020,450,1941,Seattle,6,73,1,20,3.0,0.20594003922667414,1,98103
812650.0,4.0,2.5,3700,21755,1.0,0,4,3,2620,1080,1988,Bellevue,6,26,1,14,6.5,0.17006802721088435,1,98006
135333.333333,4.0,1.0,1200,7200,1.5,0,0,3,1200,0,1944,Seattle,6,70,0,70,5.0,0.16664352173309263,0,98178
387884.615385,3.0,1.75,1590,8219,1.5,0,0,5,970,620,1938,Kirkland,6,76,0,76,4.75,0.19343065693430658,1,98034
437500.0,5.0,3.5,3690,11928,2.0,0,0,3,2540,1150,2006,Sammamish,6,8,0,8,8.5,0.3093302037052561,1,98074
641633.333333,3.0,2.5,2480,5137,2.0,0,0,3,2480,0,2000,Redmond,6,14,0,14,5.5,0.48267808485792135,0,98052
681965.78125,4.0,2.5,2683,40386,2.0,0,0,4,2683,0,1987,Redmond,6,27,0,27,6.5,0.06643226780894843,0,98052
229629.5,2.0,1.0,1100,8281,1.0,0,0,4,1100,0,1947,Shoreline,6,67,1,26,3.0,0.13281815986476697,0,98155
210614.285714,3.0,2.5,2210,10119,1.0,0,0,4,1450,760,1966,Kent,6,48,0,48,5.5,0.2183794466403162,1,98030
790000.0,4.0,3.25,2420,4000,1.5,0,0,5,1870,550,1911,Seattle,6,103,1,30,7.25,0.6048487878030493,1,98105
435500.0,3.0,3.5,1240,1666,2.0,0,0,3,1000,240,2008,Seattle,6,6,0,6,6.5,0.7438512297540492,1,98136
738190.857143,3.0,2.5,2300,3060,1.5,0,0,3,1510,790,1930,Seattle,6,84,1,12,5.5,0.7513884351519111,1,98115
497333.333333,3.0,1.75,1760,12874,1.0,0,0,4,1230,530,1967,Bellevue,6,47,0,47,4.75,0.1366990291262136,1,98005
300000.0,3.0,2.0,2020,8555,1.0,0,0,4,1220,800,1957,Seattle,6,57,1,13,5.0,0.23609163160355306,1,98125
1036200.0,4.0,3.25,2500,5801,1.5,0,0,3,1960,540,1926,Seattle,6,88,1,11,7.25,0.43088590141330574,1,98112
163785.714286,2.0,1.0,760,5500,1.5,0,0,3,760,0,1947,Seattle,6,67,1,2,3.0,0.13815669878203962,0,98168
351250.0,4.0,1.75,1580,5340,1.0,0,0,3,1130,450,1947,Seattle,6,67,1,2,5.75,0.2958247519191163,1,98144
645325.0,3.0,2.5,2670,10481,2.0,0,0,3,2670,0,2003,Kirkland,6,11,0,11,5.5,0.25472238122495705,0,98033
171224.8,3.0,1.0,1140,8366,1.0,0,0,5,1140,0,1943,Renton,6,71,0,71,4.0,0.13624955181068482,0,98058
540000.0,3.0,2.75,2750,18029,1.0,0,2,5,1810,940,1978,Bellevue,6,36,0,36,5.75,0.15252357182473655,1,98006
233166.666667,3.0,2.0,1570,7000,2.0,0,2,4,1050,520,1971,Seattle,6,43,0,43,5.0,0.22425367804599344,1,98122
329333.333333,3.0,1.75,1160,22470,1.0,0,0,4,1160,0,1976,Kenmore,6,38,1,22,4.75,0.051622090694673134,0,98028
225279.428571,3.0,2.25,2110,7665,1.0,0,0,4,1360,750,1973,Federal Way,6,41,0,41,5.25,0.2752413253326376,1,98023
331366.666667,3.0,2.5,1270,2509,2.0,0,0,3,1270,0,2004,Seattle,6,10,1,11,5.5,0.5059760956175299,0,98106
460886.923077,4.0,2.5,3250,4500,2.0,0,0,3,3250,0,2009,Renton,6,5,0,5,6.5,0.7220617640524328,0,98059
337945.75,2.0,1.0,940,9839,1.0,0,0,3,940,0,1910,Seattle,6,104,1,8,3.0,0.09552845528455285,0,98136
243069.230769,3.0,1.0,1130,12519,1.0,0,0,3,1130,0,1958,Renton,6,56,1,10,4.0,0.0902555910543131,0,98056
690408.62069,4.0,2.5,3210,14910,2.0,0,0,3,3210,0,1995,Sammamish,6,19,0,19,6.5,0.2152773120515056,0,98074
592105.714286,3.0,2.5,2650,40705,2.0,0,0,3,2650,0,1994,Redmond,6,20,0,20,5.5,0.0651009679162777,0,98053
220083.333333,3.0,1.75,1150,8079,1.0,0,0,4,1150,0,1983,Kent,6,31,0,31,4.75,0.14232673267326731,0,98030
280000.0,3.0,3.0,3910,19023,2.0,0,0,3,3910,0,1985,Carnation,6,29,0,29,6.0,0.20552985702270815,0,98014
297857.142857,4.0,2.5,3490,5000,2.0,0,0,3,3490,0,2003,Covington,6,11,0,11,6.5,0.6978604279144172,0,98042
950833.333333,5.0,3.0,3330,19126,2.0,0,0,4,2610,720,1977,Mercer Island,6,37,0,37,8.0,0.1740994405813771,1,98040
323833.333333,4.0,1.0,1940,5753,1.5,0,0,3,1940,0,1947,Seattle,6,67,1,2,5.0,0.3371567605144247,0,98177
309000.0,3.0,2.5,1800,2700,2.0,0,0,3,1800,0,2011,Seattle,6,3,0,3,5.5,0.6664198445020363,0,98126
248400.0,3.0,1.75,1880,11249,1.0,0,0,3,1330,550,1985,Auburn,6,29,0,29,4.75,0.1671111111111111,1,98001
994500.0,4.0,2.25,2870,6280,1.5,0,0,4,1980,890,1905,Seattle,6,109,0,109,6.25,0.4569336092978825,1,98112
288500.0,5.0,2.5,3390,9760,1.0,0,0,5,1750,1640,1978,Renton,6,36,0,36,7.5,0.3473004815080422,1,98058
379509.166667,2.0,1.0,880,6413,1.0,0,0,3,880,0,1950,Seattle,6,64,1,9,3.0,0.13719987527284067,0,98116
180785.714286,2.0,1.0,2550,21675,1.0,0,1,4,1610,940,1958,Des Moines,6,56,1,42,3.0,0.11764163129728732,1,98198
950100.0,4.0,2.5,3160,13194,2.0,0,0,5,3160,0,1965,Mercer Island,6,49,0,49,6.5,0.23948465327775673,0,98040
542500.0,5.0,2.75,3831,13800,2.0,1,4,3,3831,0,1959,Mercer Island,6,55,1,34,7.75,0.2775885805376422,0,98040
362750.0,2.0,1.75,1240,3000,1.5,0,0,3,1240,0,1906,Seattle,6,108,1,0,3.75,0.41319560146617795,0,98105
234975.0,4.0,2.75,2520,14021,2.0,0,0,3,2520,0,1999,Duvall,6,15,0,15,6.75,0.1797175866495507,0,98019
672500.0,4.0,2.25,2420,10200,2.0,0,0,4,2420,0,1973,Mercer Island,6,41,0,41,6.25,0.23723164395647486,0,98040
391400.0,4.0,1.75,1250,7400,1.0,0,0,5,1250,0,1959,Bellevue,6,55,0,55,5.75,0.16889609512228076,0,98008
198995.0,3.0,1.0,1410,8053,1.0,0,0,4,1410,0,1951,Seattle,6,63,1,15,4.0,0.1750682890489198,0,98177
278900.0,3.0,1.0,990,9798,1.0,0,0,3,990,0,1968,Woodinville,6,46,1,17,4.0,0.10103071742014491,0,98072
171758.333333,3.0,1.0,1000,8512,1.0,0,0,3,1000,0,1991,Enumclaw,6,23,0,23,4.0,0.1174674027957242,0,98022
325187.5,3.0,1.75,2000,7560,1.0,0,0,4,1300,700,1968,Renton,6,46,0,46,4.75,0.264515275757175,1,98058
190368.75,2.0,1.0,1120,5650,1.0,0,0,3,1120,0,1944,Seattle,6,70,0,70,3.0,0.19819500973279067,0,98178
375000.0,5.0,3.25,3370,7947,2.0,0,0,3,3370,0,2001,Kirkland,6,13,0,13,8.25,0.4240060392551585,0,98033
216000.0,3.0,2.75,2210,4000,2.0,0,0,3,2210,0,2008,Redmond,6,6,0,6,5.75,0.5523619095226193,0,98053
360500.0,3.0,2.5,1150,887,3.0,0,0,3,1150,0,2007,Seattle,6,7,0,7,5.5,1.295045045045045,0,98133
677099.565217,4.0,2.5,2150,27540,2.0,0,0,3,2150,0,1997,Redmond,6,17,0,17,6.5,0.0780654297229585,0,98053
405125.0,4.0,2.75,4230,31747,2.0,0,0,4,4230,0,1985,Woodinville,6,29,0,29,6.75,0.133236739322162,0,98072
289987.5,3.0,1.75,1570,15330,1.0,0,0,3,1080,490,1956,Burien,6,58,1,13,4.75,0.10240688800469637,1,98166
264270.0,3.0,2.5,1630,7700,1.0,0,0,3,1120,510,1978,Kent,6,36,0,36,5.5,0.21166082326970523,1,98031
602761.0,4.0,2.5,2770,10274,2.0,0,0,3,2770,0,1989,Issaquah,6,25,0,25,6.5,0.2695863746958638,0,98029
251555.555556,3.0,1.0,1750,7800,1.0,0,0,4,1150,600,1956,Burien,6,58,0,58,4.0,0.22433021407511858,1,98166
214750.0,3.0,1.5,1090,8160,1.0,0,0,3,1090,0,1967,Renton,6,47,1,0,4.5,0.13356206347261365,0,98058
258125.0,2.0,1.0,930,7740,1.0,0,0,3,930,0,1924,Seattle,6,90,1,3,3.0,0.12013951685828704,0,98125
677099.565217,4.0,2.5,2540,38677,2.0,0,0,3,2540,0,1987,Redmond,6,27,1,14,6.5,0.06567040694968716,0,98053
167500.0,1.0,1.0,690,1950,1.0,0,0,3,690,0,1928,Seattle,6,86,1,60,2.0,0.35366478728857,0,98117
471500.0,4.0,3.0,2370,3672,1.5,0,0,5,1650,720,1916,Seattle,6,98,0,98,7.0,0.6452491151647155,1,98115
464600.0,2.0,1.0,840,3400,1.0,0,2,4,840,0,1924,Seattle,6,90,0,90,3.0,0.2469861805351367,0,98119
132250.0,4.0,2.25,1830,8734,2.0,0,0,4,1830,0,1991,Kent,6,23,0,23,6.25,0.20950200343445907,0,98030
433111.111111,3.0,2.25,1370,1524,3.0,0,0,3,1370,0,2005,Seattle,6,9,0,9,5.25,0.898360655737705,0,98103
542500.0,5.0,2.75,2520,16100,1.0,0,3,4,1570,950,1960,Mercer Island,6,54,1,13,7.75,0.15651201788708777,1,98040
368112.5,4.0,2.5,2590,8483,2.0,0,0,3,2590,0,1991,Bothell,7,23,0,23,6.5,0.30528052805280526,0,98011
673476.818182,4.0,2.5,1820,20011,2.0,0,0,3,1820,0,1987,Sammamish,7,27,1,14,6.5,0.09094543274035578,0,98075
558653.846154,3.0,2.5,1530,3210,1.5,0,0,5,1010,520,1928,Seattle,7,86,1,44,5.5,0.4764870756773591,1,98117
168333.333333,2.0,1.0,1050,6600,1.5,0,0,3,1050,0,1964,Burien,7,50,1,14,3.0,0.15906680805938495,0,98168
268971.875,4.0,2.5,1954,4805,2.0,0,0,3,1954,0,2005,Kent,7,9,0,9,6.5,0.406575114440283,0,98031
318000.0,2.0,1.75,1530,3503,1.0,0,1,4,830,700,1916,Seattle,7,98,0,98,3.75,0.4366438356164384,1,98119
550607.142857,4.0,2.0,1660,4800,1.5,0,0,3,1660,0,1922,Seattle,7,92,1,6,6.0,0.3457612997292231,0,98103
1288333.33333,6.0,4.5,3830,4800,3.0,0,0,3,3050,780,1919,Seattle,7,95,1,10,10.5,0.7977504686523641,1,98119
584000.0,3.0,1.75,1490,1036,2.0,0,0,3,1090,400,2008,Seattle,7,6,0,6,4.75,1.4368370298939248,1,98199
245000.0,3.0,3.0,2470,7410,2.0,0,0,5,1860,610,1977,Seattle,7,37,0,37,6.0,0.33328835514775335,1,98117
287919.782609,2.0,1.0,870,4600,1.0,0,0,4,870,0,1942,Seattle,7,72,1,32,3.0,0.18908932840686807,0,98126
672500.0,4.0,2.25,2110,12653,2.0,0,0,4,2110,0,1972,Mercer Island,7,42,0,42,6.25,0.16674569306148254,0,98040
454790.0,2.0,1.75,1990,4000,1.0,0,0,5,1090,900,1952,Seattle,7,62,1,16,3.75,0.4973756560859785,1,98103
282508.888889,3.0,1.0,1560,7552,1.0,0,0,4,910,650,1948,Shoreline,7,66,0,66,4.0,0.20654044750430292,1,98155
473200.0,3.0,1.5,1740,4200,1.5,0,0,4,1640,100,1920,Seattle,7,94,0,94,4.5,0.4141870983099262,1,98117
406062.5,2.0,1.0,1290,4650,1.0,0,0,4,1290,0,1906,Seattle,7,108,1,24,3.0,0.27735970758976564,0,98115
282766.666667,4.0,2.0,1700,8640,1.0,0,0,3,850,850,1955,Bellevue,7,59,1,4,6.0,0.19673648883231107,1,98006
486445.833333,3.0,1.75,1880,10032,1.0,0,0,4,1880,0,1984,Bellevue,7,30,0,30,4.75,0.187381640586066,0,98006
486895.0,3.0,1.0,1890,3330,1.5,0,0,4,1390,500,1901,Seattle,7,113,0,113,4.0,0.5673971780246172,1,98103
430277.777778,3.0,2.25,1620,1075,3.0,0,0,3,1540,80,2009,Issaquah,7,5,0,5,5.25,1.5055762081784387,1,98029
229629.5,2.0,1.0,770,8149,1.0,0,0,3,770,0,1948,Shoreline,7,66,1,20,3.0,0.09447852760736196,0,98155
182805.0,3.0,1.0,1040,8892,1.0,0,0,4,800,240,1958,Federal Way,7,56,1,42,4.0,0.1169459125154616,1,98023
380680.555556,4.0,2.5,2620,8331,2.0,0,0,3,2620,0,1991,Renton,7,23,0,23,6.5,0.314450312049928,0,98058
396166.666667,3.0,1.75,1880,5752,1.0,0,0,4,940,940,1945,Seattle,7,69,0,69,4.75,0.3267860246827742,1,98126
252980.0,4.0,2.5,2530,8169,2.0,0,0,3,2530,0,1993,Federal Way,7,21,0,21,6.5,0.30966952264381886,0,98003
289373.307692,3.0,2.5,2538,4600,2.0,0,0,3,2538,0,2013,Auburn,7,1,1,91,5.5,0.5516192132145186,0,98092
210614.285714,3.0,2.5,1610,7223,2.0,0,0,3,1610,0,1994,Kent,7,20,0,20,5.5,0.22286821705426357,0,98030
308166.666667,3.0,1.75,1510,6360,1.0,0,0,4,1510,0,1954,Seattle,7,60,1,35,4.75,0.2373840591102028,0,98133
534333.333333,3.0,2.5,1460,7573,2.0,0,0,3,1460,0,1983,Bellevue,7,31,1,5,5.5,0.19276472141536838,0,98007
416904.166667,3.0,2.5,3010,7014,2.0,0,0,3,3010,0,2009,Renton,7,5,0,5,5.5,0.42908054169636495,0,98059
203400.0,4.0,2.0,2090,6630,1.0,0,0,3,1070,1020,1974,Seattle,7,40,0,40,6.0,0.3151862464183381,1,98178
220600.0,3.0,2.5,1490,8102,2.0,0,0,4,1490,0,1990,Covington,7,24,0,24,5.5,0.18388251264963593,0,98042
